{"type":"FeatureCollection","name":"ancenis","meta":{"label":"8 Rue Rayer, 44150 Ancenis-Saint-Géréon","lat":47.365786,"lon":-1.17784,"mode":"commune","insee":"44003","radius_m":0,"rings":[],"years":[2021,2022,2023,2024,2025],"count":440,"source":"geo-DVF / DGFiP, Licence Ouverte 2.0","files":["134288dd-44003.csv","21d91d53-44003_2.csv","97a23a27-44003_1.csv","9e7d122c-44003_4.csv","b7f85478-44003_3.csv"]},"features":[{"type":"Feature","geometry":{"type":"Point","coordinates":[-1.185546,47.39316]},"properties":{"data":"2021-01-07","adresas":"9003 L AUBINIERE","tipas":"namas","plotas_m2":100,"kambariai":4,"priklausiniai":0,"kaina_eur":142000,"eur_m2":1420,"atstumas_m":3102,"metai":2021,"sklypas":"440030000H0182"}},{"type":"Feature","geometry":{"type":"Point","coordinates":[-1.198828,47.364311]},"properties":{"data":"2021-01-15","adresas":"31 IMP ERIC TABARLY","tipas":"namas","plotas_m2":81,"kambariai":3,"priklausiniai":0,"kaina_eur":230000,"eur_m2":2840,"atstumas_m":1591,"metai":2021,"sklypas":"44003160AP0178"}},{"type":"Feature","geometry":{"type":"Point","coordinates":[-1.193524,47.366176]},"properties":{"data":"2021-01-22","adresas":"5 PL DU PETIT MOULIN","tipas":"namas","plotas_m2":52,"kambariai":2,"priklausiniai":0,"kaina_eur":107000,"eur_m2":2058,"atstumas_m":1183,"metai":2021,"sklypas":"44003160AN0009"}},{"type":"Feature","geometry":{"type":"Point","coordinates":[-1.198554,47.370178]},"properties":{"data":"2021-01-29","adresas":"44 RUE DE LA CHEVASNERIE","tipas":"namas","plotas_m2":86,"kambariai":4,"priklausiniai":0,"kaina_eur":237000,"eur_m2":2756,"atstumas_m":1637,"metai":2021,"sklypas":"44003160AK0057"}},{"type":"Feature","geometry":{"type":"Point","coordinates":[-1.193489,47.366441]},"properties":{"data":"2021-02-11","adresas":"11 PL DU PETIT MOULIN","tipas":"namas","plotas_m2":39,"kambariai":1,"priklausiniai":0,"kaina_eur":180000,"eur_m2":4615,"atstumas_m":1182,"metai":2021,"sklypas":"44003160AN0015"}},{"type":"Feature","geometry":{"type":"Point","coordinates":[-1.204345,47.367676]},"properties":{"data":"2021-03-16","adresas":"207 RUE DE COLOGNE","tipas":"namas","plotas_m2":78,"kambariai":5,"priklausiniai":0,"kaina_eur":210000,"eur_m2":2692,"atstumas_m":2009,"metai":2021,"sklypas":"44003160AI0182"}},{"type":"Feature","geometry":{"type":"Point","coordinates":[-1.211022,47.363051]},"properties":{"data":"2021-03-18","adresas":"31 LES BRULIS","tipas":"namas","plotas_m2":65,"kambariai":2,"priklausiniai":0,"kaina_eur":120000,"eur_m2":1846,"atstumas_m":2520,"metai":2021,"sklypas":"44003160AR0027"}},{"type":"Feature","geometry":{"type":"Point","coordinates":[-1.198423,47.370307]},"properties":{"data":"2021-03-24","adresas":"64 RUE DE LA CHEVASNERIE","tipas":"namas","plotas_m2":86,"kambariai":2,"priklausiniai":0,"kaina_eur":93000,"eur_m2":1081,"atstumas_m":1631,"metai":2021,"sklypas":"44003160AK0061"}},{"type":"Feature","geometry":{"type":"Point","coordinates":[-1.19429,47.370991]},"properties":{"data":"2021-03-31","adresas":"327 RUE DES MAITRES","tipas":"namas","plotas_m2":75,"kambariai":3,"priklausiniai":0,"kaina_eur":243000,"eur_m2":3240,"atstumas_m":1369,"metai":2021,"sklypas":"44003160AK0164"}},{"type":"Feature","geometry":{"type":"Point","coordinates":[-1.201359,47.364079]},"properties":{"data":"2021-04-14","adresas":"22 IMP JACQUES-YVES COUSTEAU","tipas":"namas","plotas_m2":140,"kambariai":5,"priklausiniai":0,"kaina_eur":335000,"eur_m2":2393,"atstumas_m":1783,"metai":2021,"sklypas":"44003160AP0141"}},{"type":"Feature","geometry":{"type":"Point","coordinates":[-1.199034,47.370089]},"properties":{"data":"2021-05-17","adresas":"53 RUE DE LA CHEVASNERIE","tipas":"namas","plotas_m2":80,"kambariai":4,"priklausiniai":0,"kaina_eur":250000,"eur_m2":3125,"atstumas_m":1668,"metai":2021,"sklypas":"44003160AK0040"}},{"type":"Feature","geometry":{"type":"Point","coordinates":[-1.20745,47.369103]},"properties":{"data":"2021-06-08","adresas":"159 AV DE LA ROUGEAUDIERE","tipas":"namas","plotas_m2":75,"kambariai":5,"priklausiniai":1,"kaina_eur":200000,"eur_m2":2667,"atstumas_m":2263,"metai":2021,"sklypas":"44003160AI0352"}},{"type":"Feature","geometry":{"type":"Point","coordinates":[-1.20745,47.369103]},"properties":{"data":"2021-06-08","adresas":"159 AV DE LA ROUGEAUDIERE","tipas":"namas","plotas_m2":75,"kambariai":5,"priklausiniai":1,"kaina_eur":182000,"eur_m2":2427,"atstumas_m":2263,"metai":2021,"sklypas":"44003160AI0352"}},{"type":"Feature","geometry":{"type":"Point","coordinates":[-1.203329,47.364821]},"properties":{"data":"2021-06-18","adresas":"202 RUE JEAN COISCAUD","tipas":"namas","plotas_m2":80,"kambariai":4,"priklausiniai":0,"kaina_eur":190000,"eur_m2":2375,"atstumas_m":1925,"metai":2021,"sklypas":"44003160AH0156"}},{"type":"Feature","geometry":{"type":"Point","coordinates":[-1.192825,47.368072]},"properties":{"data":"2021-06-28","adresas":"227 RUE DES BOULEAUX","tipas":"namas","plotas_m2":96,"kambariai":5,"priklausiniai":0,"kaina_eur":193650,"eur_m2":2017,"atstumas_m":1158,"metai":2021,"sklypas":"44003160AL0120"}},{"type":"Feature","geometry":{"type":"Point","coordinates":[-1.187814,47.367326]},"properties":{"data":"2021-06-25","adresas":"53 RUE HERVE BAZIN","tipas":"namas","plotas_m2":184,"kambariai":5,"priklausiniai":0,"kaina_eur":452375,"eur_m2":2459,"atstumas_m":771,"metai":2021,"sklypas":"44003160AN0344"}},{"type":"Feature","geometry":{"type":"Point","coordinates":[-1.204287,47.368014]},"properties":{"data":"2021-06-23","adresas":"190 RUE DE COLOGNE","tipas":"namas","plotas_m2":50,"kambariai":1,"priklausiniai":0,"kaina_eur":165000,"eur_m2":3300,"atstumas_m":2009,"metai":2021,"sklypas":"44003160AI0350"}},{"type":"Feature","geometry":{"type":"Point","coordinates":[-1.206778,47.368686]},"properties":{"data":"2021-07-26","adresas":"39 AV DE LA ROUGEAUDIERE","tipas":"namas","plotas_m2":63,"kambariai":4,"priklausiniai":1,"kaina_eur":166000,"eur_m2":2635,"atstumas_m":2206,"metai":2021,"sklypas":"44003160AI0354"}},{"type":"Feature","geometry":{"type":"Point","coordinates":[-1.191809,47.370589]},"properties":{"data":"2021-07-28","adresas":"498 RUE DES MAITRES","tipas":"namas","plotas_m2":54,"kambariai":3,"priklausiniai":1,"kaina_eur":173000,"eur_m2":3204,"atstumas_m":1181,"metai":2021,"sklypas":"44003160AM0139"}},{"type":"Feature","geometry":{"type":"Point","coordinates":[-1.189991,47.365256]},"properties":{"data":"2021-07-30","adresas":"35 AV DE LA DAVRAYS ST GEREON","tipas":"namas","plotas_m2":88,"kambariai":4,"priklausiniai":0,"kaina_eur":180000,"eur_m2":2045,"atstumas_m":918,"metai":2021,"sklypas":"44003160AN0104"}},{"type":"Feature","geometry":{"type":"Point","coordinates":[-1.203604,47.367502]},"properties":{"data":"2021-08-03","adresas":"426 BD DE BELLEVUE","tipas":"namas","plotas_m2":100,"kambariai":4,"priklausiniai":1,"kaina_eur":305100,"eur_m2":3051,"atstumas_m":1952,"metai":2021,"sklypas":"44003160AI0347"}},{"type":"Feature","geometry":{"type":"Point","coordinates":[-1.205181,47.367501]},"properties":{"data":"2021-09-02","adresas":"90 RUE DE CARTHAGE","tipas":"namas","plotas_m2":104,"kambariai":4,"priklausiniai":0,"kaina_eur":290000,"eur_m2":2788,"atstumas_m":2070,"metai":2021,"sklypas":"44003160AI0200"}},{"type":"Feature","geometry":{"type":"Point","coordinates":[-1.199037,47.36822]},"properties":{"data":"2021-09-01","adresas":"42 IMP DU STADE","tipas":"namas","plotas_m2":135,"kambariai":7,"priklausiniai":1,"kaina_eur":349000,"eur_m2":2585,"atstumas_m":1621,"metai":2021,"sklypas":"44003160AL0239"}},{"type":"Feature","geometry":{"type":"Point","coordinates":[-1.19536,47.364834]},"properties":{"data":"2021-08-23","adresas":"144 AV DU PONT DE BIAIS","tipas":"namas","plotas_m2":130,"kambariai":7,"priklausiniai":0,"kaina_eur":290000,"eur_m2":2231,"atstumas_m":1325,"metai":2021,"sklypas":"44003160AO0174"}},{"type":"Feature","geometry":{"type":"Point","coordinates":[-1.215167,47.367764]},"properties":{"data":"2021-09-08","adresas":"1280 BD DES AIRENNES","tipas":"namas","plotas_m2":80,"kambariai":4,"priklausiniai":0,"kaina_eur":176000,"eur_m2":2200,"atstumas_m":2823,"metai":2021,"sklypas":"44003160AE0197"}},{"type":"Feature","geometry":{"type":"Point","coordinates":[-1.208447,47.367296]},"properties":{"data":"2021-09-21","adresas":"120 RUE DE L ORGERIE","tipas":"namas","plotas_m2":90,"kambariai":4,"priklausiniai":1,"kaina_eur":340000,"eur_m2":3778,"atstumas_m":2314,"metai":2021,"sklypas":"44003160AE0060"}},{"type":"Feature","geometry":{"type":"Point","coordinates":[-1.200991,47.371778]},"properties":{"data":"2021-09-30","adresas":"61 RTE DE NORT SUR ERDRE","tipas":"namas","plotas_m2":110,"kambariai":4,"priklausiniai":0,"kaina_eur":105000,"eur_m2":955,"atstumas_m":1869,"metai":2021,"sklypas":"44003160AC0109"}},{"type":"Feature","geometry":{"type":"Point","coordinates":[-1.189393,47.371384]},"properties":{"data":"2021-10-05","adresas":"51 RUE DES GASTINELLERIES","tipas":"namas","plotas_m2":90,"kambariai":5,"priklausiniai":0,"kaina_eur":265000,"eur_m2":2944,"atstumas_m":1071,"metai":2021,"sklypas":"44003160AM0039"}},{"type":"Feature","geometry":{"type":"Point","coordinates":[-1.198722,47.362584]},"properties":{"data":"2021-11-03","adresas":"52 BREBION","tipas":"namas","plotas_m2":76,"kambariai":3,"priklausiniai":0,"kaina_eur":243000,"eur_m2":3197,"atstumas_m":1614,"metai":2021,"sklypas":"44003160AP0049"}},{"type":"Feature","geometry":{"type":"Point","coordinates":[-1.19936,47.36653]},"properties":{"data":"2021-11-10","adresas":"307 RUE DU STADE","tipas":"namas","plotas_m2":88,"kambariai":5,"priklausiniai":1,"kaina_eur":256000,"eur_m2":2909,"atstumas_m":1625,"metai":2021,"sklypas":"44003160AL0209"}},{"type":"Feature","geometry":{"type":"Point","coordinates":[-1.197822,47.370166]},"properties":{"data":"2021-11-25","adresas":"51 RUE DES MAITRES","tipas":"namas","plotas_m2":52,"kambariai":3,"priklausiniai":0,"kaina_eur":159000,"eur_m2":3058,"atstumas_m":1584,"metai":2021,"sklypas":"44003160AK0078"}},{"type":"Feature","geometry":{"type":"Point","coordinates":[-1.192557,47.365094]},"properties":{"data":"2021-12-17","adresas":"350 AV DU PONT DE BIAIS","tipas":"namas","plotas_m2":64,"kambariai":2,"priklausiniai":1,"kaina_eur":160000,"eur_m2":2500,"atstumas_m":1112,"metai":2021,"sklypas":"44003160AO0036"}},{"type":"Feature","geometry":{"type":"Point","coordinates":[-1.201988,47.362622]},"properties":{"data":"2021-12-15","adresas":"1 LA VALLEE","tipas":"namas","plotas_m2":36,"kambariai":2,"priklausiniai":0,"kaina_eur":158000,"eur_m2":4389,"atstumas_m":1854,"metai":2021,"sklypas":"44003160AH0077"}},{"type":"Feature","geometry":{"type":"Point","coordinates":[-1.209924,47.368861]},"properties":{"data":"2022-01-14","adresas":"882 AV DU MORTIER","tipas":"namas","plotas_m2":82,"kambariai":4,"priklausiniai":0,"kaina_eur":228000,"eur_m2":2780,"atstumas_m":2443,"metai":2022,"sklypas":"44003160AE0224"}},{"type":"Feature","geometry":{"type":"Point","coordinates":[-1.187946,47.367505]},"properties":{"data":"2022-01-19","adresas":"260 RUE BLAISE PASCAL - ST GEREON","tipas":"namas","plotas_m2":116,"kambariai":6,"priklausiniai":1,"kaina_eur":300000,"eur_m2":2586,"atstumas_m":786,"metai":2022,"sklypas":"44003160AN0281"}},{"type":"Feature","geometry":{"type":"Point","coordinates":[-1.203888,47.368373]},"properties":{"data":"2022-01-17","adresas":"425 AV DU MORTIER","tipas":"namas","plotas_m2":57,"kambariai":4,"priklausiniai":1,"kaina_eur":240000,"eur_m2":4211,"atstumas_m":1985,"metai":2022,"sklypas":"44003160AI0073"}},{"type":"Feature","geometry":{"type":"Point","coordinates":[-1.19127,47.368203]},"properties":{"data":"2022-02-15","adresas":"294 BD MONTAIGNE","tipas":"namas","plotas_m2":87,"kambariai":4,"priklausiniai":0,"kaina_eur":320000,"eur_m2":3678,"atstumas_m":1048,"metai":2022,"sklypas":"44003160AN0049"}},{"type":"Feature","geometry":{"type":"Point","coordinates":[-1.196966,47.365605]},"properties":{"data":"2022-02-18","adresas":"25 AV DU PONT DE BIAIS","tipas":"namas","plotas_m2":60,"kambariai":3,"priklausiniai":1,"kaina_eur":175000,"eur_m2":2917,"atstumas_m":1442,"metai":2022,"sklypas":"44003160AL0167"}},{"type":"Feature","geometry":{"type":"Point","coordinates":[-1.190821,47.36373]},"properties":{"data":"2022-02-28","adresas":"157 RUE DU RENCLOS","tipas":"namas","plotas_m2":80,"kambariai":3,"priklausiniai":1,"kaina_eur":254200,"eur_m2":3178,"atstumas_m":1005,"metai":2022,"sklypas":"44003160AO0051"}},{"type":"Feature","geometry":{"type":"Point","coordinates":[-1.198222,47.368581]},"properties":{"data":"2022-03-24","adresas":"14 RUE DES VIGNES","tipas":"butas","plotas_m2":68,"kambariai":3,"priklausiniai":1,"kaina_eur":213000,"eur_m2":3132,"atstumas_m":1568,"metai":2022,"sklypas":"44003160AL0391"}},{"type":"Feature","geometry":{"type":"Point","coordinates":[-1.182759,47.374109]},"properties":{"data":"2022-03-23","adresas":"220 RUE PIERRE DAUTEL","tipas":"namas","plotas_m2":110,"kambariai":5,"priklausiniai":0,"kaina_eur":230000,"eur_m2":2091,"atstumas_m":998,"metai":2022,"sklypas":"44003000AN0177"}},{"type":"Feature","geometry":{"type":"Point","coordinates":[-1.189227,47.368693]},"properties":{"data":"2022-03-25","adresas":"15 RUE JACQUES PELTIER DU MANS","tipas":"namas","plotas_m2":136,"kambariai":5,"priklausiniai":0,"kaina_eur":405000,"eur_m2":2978,"atstumas_m":918,"metai":2022,"sklypas":"44003160AN0226"}},{"type":"Feature","geometry":{"type":"Point","coordinates":[-1.182978,47.370324]},"properties":{"data":"2022-03-23","adresas":"263 RUE RENE URIEN","tipas":"namas","plotas_m2":78,"kambariai":3,"priklausiniai":1,"kaina_eur":170000,"eur_m2":2179,"atstumas_m":637,"metai":2022,"sklypas":"44003000AK0059"}},{"type":"Feature","geometry":{"type":"Point","coordinates":[-1.181431,47.383186]},"properties":{"data":"2022-03-31","adresas":"150 ALL SAINTE ANNE","tipas":"namas","plotas_m2":110,"kambariai":4,"priklausiniai":1,"kaina_eur":265000,"eur_m2":2409,"atstumas_m":1956,"metai":2022,"sklypas":"44003000AW0036"}},{"type":"Feature","geometry":{"type":"Point","coordinates":[-1.19183,47.369894]},"properties":{"data":"2022-04-06","adresas":"90 RUE DES CHARMILLES","tipas":"namas","plotas_m2":75,"kambariai":4,"priklausiniai":1,"kaina_eur":195000,"eur_m2":2600,"atstumas_m":1150,"metai":2022,"sklypas":"44003160AM0150"}},{"type":"Feature","geometry":{"type":"Point","coordinates":[-1.180871,47.375274]},"properties":{"data":"2022-04-21","adresas":"67 RUE DU PRESSOIR ROUGE","tipas":"namas","plotas_m2":98,"kambariai":5,"priklausiniai":0,"kaina_eur":275000,"eur_m2":2806,"atstumas_m":1081,"metai":2022,"sklypas":"44003000AN0245"}},{"type":"Feature","geometry":{"type":"Point","coordinates":[-1.210365,47.367674]},"properties":{"data":"2022-04-15","adresas":"116 RUE DE LA SOURCE","tipas":"namas","plotas_m2":87,"kambariai":6,"priklausiniai":0,"kaina_eur":267000,"eur_m2":3069,"atstumas_m":2461,"metai":2022,"sklypas":"44003160AE0028"}},{"type":"Feature","geometry":{"type":"Point","coordinates":[-1.207651,47.365973]},"properties":{"data":"2022-04-20","adresas":"161 RUE MAURICE RAVEL","tipas":"namas","plotas_m2":90,"kambariai":3,"priklausiniai":0,"kaina_eur":310000,"eur_m2":3444,"atstumas_m":2248,"metai":2022,"sklypas":"44003160AH0141"}},{"type":"Feature","geometry":{"type":"Point","coordinates":[-1.185018,47.365106]},"properties":{"data":"2022-04-20","adresas":"160 RUE SAINT FIACRE","tipas":"butas","plotas_m2":55,"kambariai":2,"priklausiniai":2,"kaina_eur":100000,"eur_m2":1818,"atstumas_m":546,"metai":2022,"sklypas":"44003000AE0021"}},{"type":"Feature","geometry":{"type":"Point","coordinates":[-1.189372,47.375295]},"properties":{"data":"2022-05-05","adresas":"177 RUE DES VIEILLES HAIES","tipas":"namas","plotas_m2":80,"kambariai":4,"priklausiniai":1,"kaina_eur":220000,"eur_m2":2750,"atstumas_m":1370,"metai":2022,"sklypas":"44003000AO0197"}},{"type":"Feature","geometry":{"type":"Point","coordinates":[-1.188154,47.392514]},"properties":{"data":"2022-05-11","adresas":"86 L AUBINIERE","tipas":"namas","plotas_m2":65,"kambariai":2,"priklausiniai":1,"kaina_eur":138000,"eur_m2":2123,"atstumas_m":3075,"metai":2022,"sklypas":"440030000H0086"}},{"type":"Feature","geometry":{"type":"Point","coordinates":[-1.189905,47.376764]},"properties":{"data":"2022-05-10","adresas":"271 RUE DE LA GILARDERIE","tipas":"namas","plotas_m2":63,"kambariai":3,"priklausiniai":0,"kaina_eur":245000,"eur_m2":3889,"atstumas_m":1523,"metai":2022,"sklypas":"44003000AO0143"}},{"type":"Feature","geometry":{"type":"Point","coordinates":[-1.185018,47.365106]},"properties":{"data":"2022-05-10","adresas":"160 RUE SAINT FIACRE","tipas":"butas","plotas_m2":108,"kambariai":4,"priklausiniai":3,"kaina_eur":315000,"eur_m2":2917,"atstumas_m":546,"metai":2022,"sklypas":"44003000AE0021"}},{"type":"Feature","geometry":{"type":"Point","coordinates":[-1.198432,47.369168]},"properties":{"data":"2022-05-11","adresas":"47 PL DU PRIEURE","tipas":"namas","plotas_m2":80,"kambariai":4,"priklausiniai":0,"kaina_eur":259900,"eur_m2":3249,"atstumas_m":1598,"metai":2022,"sklypas":"44003160AL0022"}},{"type":"Feature","geometry":{"type":"Point","coordinates":[-1.171201,47.381741]},"properties":{"data":"2022-06-10","adresas":"45 LE VERGER","tipas":"namas","plotas_m2":310,"kambariai":8,"priklausiniai":1,"kaina_eur":750000,"eur_m2":2419,"atstumas_m":1845,"metai":2022,"sklypas":"44003000AT0065"}},{"type":"Feature","geometry":{"type":"Point","coordinates":[-1.19767,47.370231]},"properties":{"data":"2022-06-03","adresas":"63 RUE DES MAITRES","tipas":"namas","plotas_m2":80,"kambariai":3,"priklausiniai":0,"kaina_eur":145000,"eur_m2":1812,"atstumas_m":1575,"metai":2022,"sklypas":"44003160AK0080"}},{"type":"Feature","geometry":{"type":"Point","coordinates":[-1.188681,47.375305]},"properties":{"data":"2022-07-11","adresas":"9 ALL PIERRE ABELARD","tipas":"butas","plotas_m2":50,"kambariai":2,"priklausiniai":1,"kaina_eur":146000,"eur_m2":2920,"atstumas_m":1338,"metai":2022,"sklypas":"44003000AN0001"}},{"type":"Feature","geometry":{"type":"Point","coordinates":[-1.193629,47.368825]},"properties":{"data":"2022-07-12","adresas":"24 RUE DES BOULEAUX","tipas":"namas","plotas_m2":96,"kambariai":5,"priklausiniai":0,"kaina_eur":285000,"eur_m2":2969,"atstumas_m":1238,"metai":2022,"sklypas":"44003160AL0093"}},{"type":"Feature","geometry":{"type":"Point","coordinates":[-1.176631,47.37334]},"properties":{"data":"2022-07-08","adresas":"732 BD PASTEUR","tipas":"namas","plotas_m2":96,"kambariai":4,"priklausiniai":0,"kaina_eur":300000,"eur_m2":3125,"atstumas_m":846,"metai":2022,"sklypas":"44003000AL0018"}},{"type":"Feature","geometry":{"type":"Point","coordinates":[-1.180058,47.371654]},"properties":{"data":"2022-07-12","adresas":"64 PL MAURICE GELINEAU","tipas":"butas","plotas_m2":65,"kambariai":3,"priklausiniai":1,"kaina_eur":230000,"eur_m2":3538,"atstumas_m":674,"metai":2022,"sklypas":"44003000BH0138"}},{"type":"Feature","geometry":{"type":"Point","coordinates":[-1.181074,47.370842]},"properties":{"data":"2022-07-13","adresas":"120 RUE RENE URIEN","tipas":"namas","plotas_m2":113,"kambariai":5,"priklausiniai":1,"kaina_eur":340000,"eur_m2":3009,"atstumas_m":613,"metai":2022,"sklypas":"44003000BH0112"}},{"type":"Feature","geometry":{"type":"Point","coordinates":[-1.199229,47.365492]},"properties":{"data":"2022-07-13","adresas":"119 BD DES AIRENNES","tipas":"namas","plotas_m2":73,"kambariai":2,"priklausiniai":0,"kaina_eur":350000,"eur_m2":4795,"atstumas_m":1613,"metai":2022,"sklypas":"44003160AP0016"}},{"type":"Feature","geometry":{"type":"Point","coordinates":[-1.18549,47.372539]},"properties":{"data":"2022-07-13","adresas":"242 RUE DES HAUTS PAVES","tipas":"namas","plotas_m2":67,"kambariai":4,"priklausiniai":0,"kaina_eur":290000,"eur_m2":4328,"atstumas_m":948,"metai":2022,"sklypas":"44003000BH0056"}},{"type":"Feature","geometry":{"type":"Point","coordinates":[-1.194823,47.38199]},"properties":{"data":"2022-07-28","adresas":"154 IMP JEAN MAZUET","tipas":"namas","plotas_m2":70,"kambariai":3,"priklausiniai":0,"kaina_eur":240000,"eur_m2":3429,"atstumas_m":2212,"metai":2022,"sklypas":"44003000AP0008"}},{"type":"Feature","geometry":{"type":"Point","coordinates":[-1.185077,47.377155]},"properties":{"data":"2022-07-19","adresas":"291 BD MADAME DE SEVIGNE","tipas":"namas","plotas_m2":130,"kambariai":6,"priklausiniai":0,"kaina_eur":312000,"eur_m2":2400,"atstumas_m":1378,"metai":2022,"sklypas":"44003000AN0215"}},{"type":"Feature","geometry":{"type":"Point","coordinates":[-1.198615,47.363181]},"properties":{"data":"2022-07-20","adresas":"82 RUE PAUL-EMILE VICTOR","tipas":"namas","plotas_m2":122,"kambariai":5,"priklausiniai":0,"kaina_eur":245000,"eur_m2":2008,"atstumas_m":1593,"metai":2022,"sklypas":"44003160AP0228"}},{"type":"Feature","geometry":{"type":"Point","coordinates":[-1.184339,47.365735]},"properties":{"data":"2022-07-13","adresas":"80 RUE SAINT FIACRE","tipas":"namas","plotas_m2":234,"kambariai":9,"priklausiniai":2,"kaina_eur":525000,"eur_m2":2244,"atstumas_m":490,"metai":2022,"sklypas":"44003000AE0038"}},{"type":"Feature","geometry":{"type":"Point","coordinates":[-1.188681,47.375305]},"properties":{"data":"2022-07-28","adresas":"4 ALL PIERRE ABELARD","tipas":"butas","plotas_m2":71,"kambariai":3,"priklausiniai":1,"kaina_eur":220000,"eur_m2":3099,"atstumas_m":1338,"metai":2022,"sklypas":"44003000AN0001"}},{"type":"Feature","geometry":{"type":"Point","coordinates":[-1.215021,47.367778]},"properties":{"data":"2022-08-05","adresas":"1272 BD DES AIRENNES","tipas":"namas","plotas_m2":85,"kambariai":3,"priklausiniai":0,"kaina_eur":215930,"eur_m2":2540,"atstumas_m":2812,"metai":2022,"sklypas":"44003160AE0196"}},{"type":"Feature","geometry":{"type":"Point","coordinates":[-1.214771,47.367747]},"properties":{"data":"2022-08-05","adresas":"1258 BD DES AIRENNES","tipas":"namas","plotas_m2":212,"kambariai":5,"priklausiniai":0,"kaina_eur":350000,"eur_m2":1651,"atstumas_m":2793,"metai":2022,"sklypas":"44003160AE0195"}},{"type":"Feature","geometry":{"type":"Point","coordinates":[-1.191796,47.383895]},"properties":{"data":"2022-08-22","adresas":"66 RUE DE L ANGOUMOIS","tipas":"namas","plotas_m2":123,"kambariai":4,"priklausiniai":1,"kaina_eur":425000,"eur_m2":3455,"atstumas_m":2274,"metai":2022,"sklypas":"44003000AY0091"}},{"type":"Feature","geometry":{"type":"Point","coordinates":[-1.18426,47.369534]},"properties":{"data":"2022-09-01","adresas":"163 RUE DU MARECHAL DE RIEUX","tipas":"namas","plotas_m2":72,"kambariai":4,"priklausiniai":0,"kaina_eur":230000,"eur_m2":3194,"atstumas_m":639,"metai":2022,"sklypas":"44003000AK0195"}},{"type":"Feature","geometry":{"type":"Point","coordinates":[-1.181548,47.373852]},"properties":{"data":"2022-09-01","adresas":"127 RUE PIERRE DAUTEL","tipas":"namas","plotas_m2":108,"kambariai":4,"priklausiniai":0,"kaina_eur":320000,"eur_m2":2963,"atstumas_m":940,"metai":2022,"sklypas":"44003000AN0113"}},{"type":"Feature","geometry":{"type":"Point","coordinates":[-1.187108,47.367154]},"properties":{"data":"2022-08-29","adresas":"249 RUE JEAN DORAT","tipas":"namas","plotas_m2":94,"kambariai":5,"priklausiniai":0,"kaina_eur":330000,"eur_m2":3511,"atstumas_m":715,"metai":2022,"sklypas":"44003160AN0349"}},{"type":"Feature","geometry":{"type":"Point","coordinates":[-1.202932,47.363213]},"properties":{"data":"2022-08-31","adresas":"440 AV DE L ECOCHERE","tipas":"namas","plotas_m2":82,"kambariai":4,"priklausiniai":1,"kaina_eur":301000,"eur_m2":3671,"atstumas_m":1913,"metai":2022,"sklypas":"44003160AH0084"}},{"type":"Feature","geometry":{"type":"Point","coordinates":[-1.180502,47.382003]},"properties":{"data":"2022-09-02","adresas":"303 RUE ALPHONSE DE LAMARTINE","tipas":"namas","plotas_m2":74,"kambariai":4,"priklausiniai":0,"kaina_eur":210000,"eur_m2":2838,"atstumas_m":1816,"metai":2022,"sklypas":"44003000AS0079"}},{"type":"Feature","geometry":{"type":"Point","coordinates":[-1.189457,47.375877]},"properties":{"data":"2022-09-09","adresas":"118 ALL DES BLEUETS","tipas":"namas","plotas_m2":75,"kambariai":4,"priklausiniai":0,"kaina_eur":282100,"eur_m2":3761,"atstumas_m":1424,"metai":2022,"sklypas":"44003000AO0157"}},{"type":"Feature","geometry":{"type":"Point","coordinates":[-1.183247,47.365222]},"properties":{"data":"2022-09-14","adresas":"218 PL DE LA REPUBLIQUE","tipas":"butas","plotas_m2":45,"kambariai":2,"priklausiniai":0,"kaina_eur":83500,"eur_m2":1856,"atstumas_m":412,"metai":2022,"sklypas":"44003000AE0062"}},{"type":"Feature","geometry":{"type":"Point","coordinates":[-1.205996,47.368898]},"properties":{"data":"2022-09-16","adresas":"54 AV DE LA ROUGEAUDIERE","tipas":"namas","plotas_m2":63,"kambariai":4,"priklausiniai":1,"kaina_eur":305000,"eur_m2":4841,"atstumas_m":2151,"metai":2022,"sklypas":"44003160AI0023"}},{"type":"Feature","geometry":{"type":"Point","coordinates":[-1.186539,47.368391]},"properties":{"data":"2022-09-09","adresas":"43 RUE GEORGE SAND","tipas":"namas","plotas_m2":125,"kambariai":5,"priklausiniai":0,"kaina_eur":400000,"eur_m2":3200,"atstumas_m":717,"metai":2022,"sklypas":"44003160AN0250"}},{"type":"Feature","geometry":{"type":"Point","coordinates":[-1.186063,47.383508]},"properties":{"data":"2022-09-14","adresas":"248 RUE DE PROVENCE","tipas":"namas","plotas_m2":108,"kambariai":5,"priklausiniai":0,"kaina_eur":310000,"eur_m2":2870,"atstumas_m":2068,"metai":2022,"sklypas":"44003000AX0052"}},{"type":"Feature","geometry":{"type":"Point","coordinates":[-1.184868,47.370387]},"properties":{"data":"2022-09-15","adresas":"403 RUE RENE URIEN","tipas":"namas","plotas_m2":147,"kambariai":6,"priklausiniai":1,"kaina_eur":192000,"eur_m2":1306,"atstumas_m":737,"metai":2022,"sklypas":"44003000AK0041"}},{"type":"Feature","geometry":{"type":"Point","coordinates":[-1.204091,47.369711]},"properties":{"data":"2022-09-30","adresas":"29 RUE DES OLIVIERS","tipas":"namas","plotas_m2":75,"kambariai":3,"priklausiniai":0,"kaina_eur":297500,"eur_m2":3967,"atstumas_m":2027,"metai":2022,"sklypas":"44003160AI0343"}},{"type":"Feature","geometry":{"type":"Point","coordinates":[-1.186399,47.369903]},"properties":{"data":"2022-10-13","adresas":"301 ALL DES ETANGS","tipas":"namas","plotas_m2":148,"kambariai":6,"priklausiniai":0,"kaina_eur":520000,"eur_m2":3514,"atstumas_m":792,"metai":2022,"sklypas":"44003000AK0008"}},{"type":"Feature","geometry":{"type":"Point","coordinates":[-1.198907,47.370942]},"properties":{"data":"2022-08-12","adresas":"132 RUE DE LA CHEVASNERIE","tipas":"namas","plotas_m2":123,"kambariai":4,"priklausiniai":1,"kaina_eur":189600,"eur_m2":1541,"atstumas_m":1689,"metai":2022,"sklypas":"44003160AK0124"}},{"type":"Feature","geometry":{"type":"Point","coordinates":[-1.216154,47.380905]},"properties":{"data":"2022-10-04","adresas":"5516 LA DUGUENIERE ST GEREON","tipas":"namas","plotas_m2":112,"kambariai":3,"priklausiniai":1,"kaina_eur":170000,"eur_m2":1518,"atstumas_m":3343,"metai":2022,"sklypas":"44003160ZB0047"}},{"type":"Feature","geometry":{"type":"Point","coordinates":[-1.189244,47.380763]},"properties":{"data":"2022-10-28","adresas":"32 RUE EUGENE GUILLEVIC","tipas":"namas","plotas_m2":80,"kambariai":4,"priklausiniai":0,"kaina_eur":326000,"eur_m2":4075,"atstumas_m":1876,"metai":2022,"sklypas":"44003000AP0177"}},{"type":"Feature","geometry":{"type":"Point","coordinates":[-1.191689,47.385177]},"properties":{"data":"2022-11-02","adresas":"293 AV DE NORMANDIE","tipas":"namas","plotas_m2":90,"kambariai":4,"priklausiniai":0,"kaina_eur":240000,"eur_m2":2667,"atstumas_m":2398,"metai":2022,"sklypas":"44003000AY0149"}},{"type":"Feature","geometry":{"type":"Point","coordinates":[-1.201952,47.383223]},"properties":{"data":"2022-11-04","adresas":"57 VEN DES CORNOUILLERS","tipas":"namas","plotas_m2":85,"kambariai":4,"priklausiniai":1,"kaina_eur":335000,"eur_m2":3941,"atstumas_m":2660,"metai":2022,"sklypas":"44003000AZ0028"}},{"type":"Feature","geometry":{"type":"Point","coordinates":[-1.177036,47.37235]},"properties":{"data":"2022-11-15","adresas":"444 BD DU DOCTEUR MOUTEL","tipas":"namas","plotas_m2":92,"kambariai":3,"priklausiniai":0,"kaina_eur":239000,"eur_m2":2598,"atstumas_m":733,"metai":2022,"sklypas":"44003000AL0081"}},{"type":"Feature","geometry":{"type":"Point","coordinates":[-1.225001,47.367516]},"properties":{"data":"2022-10-28","adresas":"143 LA ROBINIERE","tipas":"namas","plotas_m2":110,"kambariai":4,"priklausiniai":1,"kaina_eur":219000,"eur_m2":1991,"atstumas_m":3561,"metai":2022,"sklypas":"440031600D1126"}},{"type":"Feature","geometry":{"type":"Point","coordinates":[-1.182077,47.383001]},"properties":{"data":"2022-11-09","adresas":"700 BD JULES VERNE","tipas":"namas","plotas_m2":137,"kambariai":5,"priklausiniai":1,"kaina_eur":467500,"eur_m2":3412,"atstumas_m":1943,"metai":2022,"sklypas":"44003000AW0024"}},{"type":"Feature","geometry":{"type":"Point","coordinates":[-1.191563,47.370958]},"properties":{"data":"2022-11-15","adresas":"529 RUE DES MAITRES","tipas":"namas","plotas_m2":68,"kambariai":3,"priklausiniai":1,"kaina_eur":220000,"eur_m2":3235,"atstumas_m":1184,"metai":2022,"sklypas":"44003160AM0318"}},{"type":"Feature","geometry":{"type":"Point","coordinates":[-1.190405,47.38502]},"properties":{"data":"2022-11-29","adresas":"213 RUE DU MAINE","tipas":"namas","plotas_m2":170,"kambariai":7,"priklausiniai":0,"kaina_eur":445000,"eur_m2":2618,"atstumas_m":2341,"metai":2022,"sklypas":"44003000AY0134"}},{"type":"Feature","geometry":{"type":"Point","coordinates":[-1.182535,47.377219]},"properties":{"data":"2022-11-29","adresas":"101 BD MADAME DE SEVIGNE","tipas":"namas","plotas_m2":93,"kambariai":4,"priklausiniai":0,"kaina_eur":211700,"eur_m2":2276,"atstumas_m":1321,"metai":2022,"sklypas":"44003000AN0205"}},{"type":"Feature","geometry":{"type":"Point","coordinates":[-1.182509,47.371419]},"properties":{"data":"2022-11-30","adresas":"81 RUE AUDIGANNE","tipas":"namas","plotas_m2":90,"kambariai":5,"priklausiniai":1,"kaina_eur":307500,"eur_m2":3417,"atstumas_m":719,"metai":2022,"sklypas":"44003000BH0181"}},{"type":"Feature","geometry":{"type":"Point","coordinates":[-1.179463,47.382584]},"properties":{"data":"2022-10-13","adresas":"505 BD JULES VERNE","tipas":"namas","plotas_m2":89,"kambariai":5,"priklausiniai":0,"kaina_eur":215000,"eur_m2":2416,"atstumas_m":1874,"metai":2022,"sklypas":"44003000AS0062"}},{"type":"Feature","geometry":{"type":"Point","coordinates":[-1.184679,47.369223]},"properties":{"data":"2022-12-21","adresas":"207 RUE DU SALVANET","tipas":"namas","plotas_m2":147,"kambariai":5,"priklausiniai":0,"kaina_eur":445000,"eur_m2":3027,"atstumas_m":642,"metai":2022,"sklypas":"44003000AK0017"}},{"type":"Feature","geometry":{"type":"Point","coordinates":[-1.174377,47.372833]},"properties":{"data":"2022-12-29","adresas":"537 BD PASTEUR","tipas":"namas","plotas_m2":97,"kambariai":4,"priklausiniai":1,"kaina_eur":171450,"eur_m2":1768,"atstumas_m":827,"metai":2022,"sklypas":"44003000AL0094"}},{"type":"Feature","geometry":{"type":"Point","coordinates":[-1.190821,47.377343]},"properties":{"data":"2022-12-20","adresas":"188 ALL DES COQUELICOTS","tipas":"namas","plotas_m2":71,"kambariai":4,"priklausiniai":0,"kaina_eur":185000,"eur_m2":2606,"atstumas_m":1617,"metai":2022,"sklypas":"44003000AO0129"}},{"type":"Feature","geometry":{"type":"Point","coordinates":[-1.194291,47.370716]},"properties":{"data":"2022-12-30","adresas":"323 RUE DES MAITRES","tipas":"namas","plotas_m2":85,"kambariai":4,"priklausiniai":1,"kaina_eur":210000,"eur_m2":2471,"atstumas_m":1356,"metai":2022,"sklypas":"44003160AK0189"}},{"type":"Feature","geometry":{"type":"Point","coordinates":[-1.174926,47.371375]},"properties":{"data":"2023-01-12","adresas":"292 BD DU DOCTEUR MOUTEL","tipas":"butas","plotas_m2":53,"kambariai":2,"priklausiniai":1,"kaina_eur":112010,"eur_m2":2113,"atstumas_m":660,"metai":2023,"sklypas":"44003000AL0139"}},{"type":"Feature","geometry":{"type":"Point","coordinates":[-1.186361,47.370289]},"properties":{"data":"2023-01-06","adresas":"529 RUE RENE URIEN","tipas":"namas","plotas_m2":111,"kambariai":5,"priklausiniai":0,"kaina_eur":315000,"eur_m2":2838,"atstumas_m":815,"metai":2023,"sklypas":"44003000AK0005"}},{"type":"Feature","geometry":{"type":"Point","coordinates":[-1.193352,47.377369]},"properties":{"data":"2023-01-12","adresas":"181 RUE DU CLOS DES VIGNES","tipas":"namas","plotas_m2":96,"kambariai":5,"priklausiniai":0,"kaina_eur":298000,"eur_m2":3104,"atstumas_m":1741,"metai":2023,"sklypas":"44003000BD0108"}},{"type":"Feature","geometry":{"type":"Point","coordinates":[-1.181356,47.376832]},"properties":{"data":"2023-01-17","adresas":"409 RUE DE CHATEAUBRIAND","tipas":"namas","plotas_m2":147,"kambariai":6,"priklausiniai":1,"kaina_eur":440000,"eur_m2":2993,"atstumas_m":1258,"metai":2023,"sklypas":"44003000AN0199"}},{"type":"Feature","geometry":{"type":"Point","coordinates":[-1.198922,47.365974]},"properties":{"data":"2023-01-18","adresas":"96 BD DES AIRENNES","tipas":"namas","plotas_m2":96,"kambariai":4,"priklausiniai":0,"kaina_eur":320000,"eur_m2":3333,"atstumas_m":1590,"metai":2023,"sklypas":"44003160AL0201"}},{"type":"Feature","geometry":{"type":"Point","coordinates":[-1.173475,47.367539]},"properties":{"data":"2023-02-09","adresas":"36 AV DE LA BATAILLE DE LA MARNE","tipas":"namas","plotas_m2":90,"kambariai":3,"priklausiniai":1,"kaina_eur":209000,"eur_m2":2322,"atstumas_m":383,"metai":2023,"sklypas":"44003000AI0090"}},{"type":"Feature","geometry":{"type":"Point","coordinates":[-1.183247,47.365222]},"properties":{"data":"2023-01-13","adresas":"218 PL DE LA REPUBLIQUE","tipas":"butas","plotas_m2":30,"kambariai":2,"priklausiniai":0,"kaina_eur":64832,"eur_m2":2161,"atstumas_m":412,"metai":2023,"sklypas":"44003000AE0062"}},{"type":"Feature","geometry":{"type":"Point","coordinates":[-1.181606,47.366275]},"properties":{"data":"2023-02-08","adresas":"250 RUE DU COLLEGE","tipas":"butas","plotas_m2":65,"kambariai":3,"priklausiniai":1,"kaina_eur":250000,"eur_m2":3846,"atstumas_m":289,"metai":2023,"sklypas":"44003000BK0016"}},{"type":"Feature","geometry":{"type":"Point","coordinates":[-1.21075,47.367718]},"properties":{"data":"2023-02-13","adresas":"100 RUE DE LA SOURCE","tipas":"namas","plotas_m2":75,"kambariai":4,"priklausiniai":0,"kaina_eur":204750,"eur_m2":2730,"atstumas_m":2491,"metai":2023,"sklypas":"44003160AE0030"}},{"type":"Feature","geometry":{"type":"Point","coordinates":[-1.192311,47.375441]},"properties":{"data":"2023-02-16","adresas":"299 ALL DES CAMELIAS","tipas":"namas","plotas_m2":92,"kambariai":4,"priklausiniai":0,"kaina_eur":292000,"eur_m2":3174,"atstumas_m":1532,"metai":2023,"sklypas":"44003000AO0028"}},{"type":"Feature","geometry":{"type":"Point","coordinates":[-1.186143,47.364355]},"properties":{"data":"2023-02-21","adresas":"418 RUE DU GENERAL LECLERC","tipas":"namas","plotas_m2":32,"kambariai":1,"priklausiniai":0,"kaina_eur":90000,"eur_m2":2812,"atstumas_m":646,"metai":2023,"sklypas":"44003000AE0008"}},{"type":"Feature","geometry":{"type":"Point","coordinates":[-1.192544,47.37534]},"properties":{"data":"2023-02-17","adresas":"95 ALL DES CAMELIAS","tipas":"namas","plotas_m2":90,"kambariai":5,"priklausiniai":0,"kaina_eur":267865,"eur_m2":2976,"atstumas_m":1536,"metai":2023,"sklypas":"44003000AO0026"}},{"type":"Feature","geometry":{"type":"Point","coordinates":[-1.182978,47.370324]},"properties":{"data":"2023-02-20","adresas":"263 RUE RENE URIEN","tipas":"namas","plotas_m2":78,"kambariai":3,"priklausiniai":1,"kaina_eur":330000,"eur_m2":4231,"atstumas_m":637,"metai":2023,"sklypas":"44003000AK0059"}},{"type":"Feature","geometry":{"type":"Point","coordinates":[-1.185018,47.365106]},"properties":{"data":"2023-02-28","adresas":"160 RUE SAINT FIACRE","tipas":"butas","plotas_m2":74,"kambariai":4,"priklausiniai":2,"kaina_eur":200000,"eur_m2":2703,"atstumas_m":546,"metai":2023,"sklypas":"44003000AE0021"}},{"type":"Feature","geometry":{"type":"Point","coordinates":[-1.198692,47.368096]},"properties":{"data":"2023-02-28","adresas":"58 RUE ABBE PIERRE CAHIER","tipas":"namas","plotas_m2":118,"kambariai":5,"priklausiniai":0,"kaina_eur":357000,"eur_m2":3025,"atstumas_m":1593,"metai":2023,"sklypas":"44003160AL0353"}},{"type":"Feature","geometry":{"type":"Point","coordinates":[-1.181691,47.369162]},"properties":{"data":"2023-02-09","adresas":"284 RUE LAMORICIERE","tipas":"namas","plotas_m2":103,"kambariai":4,"priklausiniai":1,"kaina_eur":310000,"eur_m2":3010,"atstumas_m":475,"metai":2023,"sklypas":"44003000AK0109"}},{"type":"Feature","geometry":{"type":"Point","coordinates":[-1.182789,47.37002]},"properties":{"data":"2023-03-02","adresas":"50 RUE DU MARECHAL DE RIEUX","tipas":"namas","plotas_m2":130,"kambariai":5,"priklausiniai":0,"kaina_eur":340000,"eur_m2":2615,"atstumas_m":601,"metai":2023,"sklypas":"44003000AK0061"}},{"type":"Feature","geometry":{"type":"Point","coordinates":[-1.187569,47.366677]},"properties":{"data":"2023-02-27","adresas":"194 RUE JEAN DORAT","tipas":"namas","plotas_m2":91,"kambariai":5,"priklausiniai":0,"kaina_eur":300000,"eur_m2":3297,"atstumas_m":740,"metai":2023,"sklypas":"44003160AN0354"}},{"type":"Feature","geometry":{"type":"Point","coordinates":[-1.17784,47.365786]},"properties":{"data":"2023-02-22","adresas":"48 RUE RAYER","tipas":"butas","plotas_m2":154,"kambariai":4,"priklausiniai":1,"kaina_eur":325000,"eur_m2":2110,"atstumas_m":0,"metai":2023,"sklypas":"44003000BC0148"}},{"type":"Feature","geometry":{"type":"Point","coordinates":[-1.17899,47.363801]},"properties":{"data":"2023-02-24","adresas":"68 RUE DES TONNELIERS","tipas":"namas","plotas_m2":138,"kambariai":5,"priklausiniai":0,"kaina_eur":325000,"eur_m2":2355,"atstumas_m":237,"metai":2023,"sklypas":"44003000BL0079"}},{"type":"Feature","geometry":{"type":"Point","coordinates":[-1.18995,47.365791]},"properties":{"data":"2023-03-07","adresas":"116 RUE DU CLOS GEREON","tipas":"namas","plotas_m2":119,"kambariai":6,"priklausiniai":1,"kaina_eur":270000,"eur_m2":2269,"atstumas_m":913,"metai":2023,"sklypas":"44003160AN0110"}},{"type":"Feature","geometry":{"type":"Point","coordinates":[-1.194306,47.375878]},"properties":{"data":"2023-03-17","adresas":"51 ALL DES LILAS","tipas":"namas","plotas_m2":113,"kambariai":6,"priklausiniai":0,"kaina_eur":390000,"eur_m2":3451,"atstumas_m":1674,"metai":2023,"sklypas":"44003000AO0007"}},{"type":"Feature","geometry":{"type":"Point","coordinates":[-1.187789,47.367931]},"properties":{"data":"2023-03-13","adresas":"267 RUE BLAISE PASCAL - ST GEREON","tipas":"namas","plotas_m2":101,"kambariai":4,"priklausiniai":0,"kaina_eur":364000,"eur_m2":3604,"atstumas_m":787,"metai":2023,"sklypas":"44003160AN0266"}},{"type":"Feature","geometry":{"type":"Point","coordinates":[-1.209796,47.368536]},"properties":{"data":"2023-03-31","adresas":"865 AV DU MORTIER","tipas":"namas","plotas_m2":89,"kambariai":3,"priklausiniai":0,"kaina_eur":251000,"eur_m2":2820,"atstumas_m":2429,"metai":2023,"sklypas":"44003160AE0146"}},{"type":"Feature","geometry":{"type":"Point","coordinates":[-1.194353,47.364409]},"properties":{"data":"2023-03-31","adresas":"228 AV DU PONT DE BIAIS","tipas":"namas","plotas_m2":123,"kambariai":6,"priklausiniai":1,"kaina_eur":315000,"eur_m2":2561,"atstumas_m":1254,"metai":2023,"sklypas":"44003160AO0151"}},{"type":"Feature","geometry":{"type":"Point","coordinates":[-1.192342,47.377236]},"properties":{"data":"2023-04-21","adresas":"138 ALL DES VIOLETTES","tipas":"namas","plotas_m2":82,"kambariai":4,"priklausiniai":1,"kaina_eur":307000,"eur_m2":3744,"atstumas_m":1679,"metai":2023,"sklypas":"44003000AO0104"}},{"type":"Feature","geometry":{"type":"Point","coordinates":[-1.178758,47.364373]},"properties":{"data":"2023-04-20","adresas":"34 RUE BASSE GRANDE RUE","tipas":"namas","plotas_m2":90,"kambariai":4,"priklausiniai":0,"kaina_eur":294000,"eur_m2":3267,"atstumas_m":172,"metai":2023,"sklypas":"44003000AD0154"}},{"type":"Feature","geometry":{"type":"Point","coordinates":[-1.208218,47.366011]},"properties":{"data":"2023-04-27","adresas":"103 RUE CHOPIN","tipas":"namas","plotas_m2":185,"kambariai":7,"priklausiniai":0,"kaina_eur":425000,"eur_m2":2297,"atstumas_m":2291,"metai":2023,"sklypas":"44003160AH0134"}},{"type":"Feature","geometry":{"type":"Point","coordinates":[-1.193426,47.363606]},"properties":{"data":"2023-04-25","adresas":"68 LE TERTRE - ST GEREON","tipas":"namas","plotas_m2":36,"kambariai":1,"priklausiniai":0,"kaina_eur":225000,"eur_m2":6250,"atstumas_m":1200,"metai":2023,"sklypas":"44003160AO0093"}},{"type":"Feature","geometry":{"type":"Point","coordinates":[-1.181606,47.366275]},"properties":{"data":"2023-05-03","adresas":"250 RUE DU COLLEGE","tipas":"butas","plotas_m2":44,"kambariai":2,"priklausiniai":1,"kaina_eur":160000,"eur_m2":3636,"atstumas_m":289,"metai":2023,"sklypas":"44003000BK0016"}},{"type":"Feature","geometry":{"type":"Point","coordinates":[-1.177009,47.367505]},"properties":{"data":"2023-05-03","adresas":"155 AV ROBERT SCHUMAN","tipas":"butas","plotas_m2":62,"kambariai":3,"priklausiniai":1,"kaina_eur":150000,"eur_m2":2419,"atstumas_m":201,"metai":2023,"sklypas":"44003000BK0090"}},{"type":"Feature","geometry":{"type":"Point","coordinates":[-1.190651,47.364681]},"properties":{"data":"2023-05-02","adresas":"129 COUR DE L HORLOGE","tipas":"butas","plotas_m2":90,"kambariai":3,"priklausiniai":1,"kaina_eur":220000,"eur_m2":2444,"atstumas_m":974,"metai":2023,"sklypas":"44003000BI0007"}},{"type":"Feature","geometry":{"type":"Point","coordinates":[-1.182164,47.369887]},"properties":{"data":"2023-05-05","adresas":"333 RUE LAMORICIERE","tipas":"namas","plotas_m2":36,"kambariai":2,"priklausiniai":0,"kaina_eur":150000,"eur_m2":4167,"atstumas_m":561,"metai":2023,"sklypas":"44003000AK0069"}},{"type":"Feature","geometry":{"type":"Point","coordinates":[-1.177011,47.366017]},"properties":{"data":"2023-05-15","adresas":"65 RUE DU ROI ALBERT 1ER","tipas":"butas","plotas_m2":56,"kambariai":2,"priklausiniai":2,"kaina_eur":145000,"eur_m2":2589,"atstumas_m":68,"metai":2023,"sklypas":"44003000BC0129"}},{"type":"Feature","geometry":{"type":"Point","coordinates":[-1.193422,47.375625]},"properties":{"data":"2023-05-17","adresas":"95 ALL DES MIMOSAS ANCENIS","tipas":"namas","plotas_m2":116,"kambariai":6,"priklausiniai":0,"kaina_eur":268000,"eur_m2":2310,"atstumas_m":1606,"metai":2023,"sklypas":"44003000AO0012"}},{"type":"Feature","geometry":{"type":"Point","coordinates":[-1.197692,47.365308]},"properties":{"data":"2023-05-17","adresas":"5 BD DES AIRENNES","tipas":"namas","plotas_m2":60,"kambariai":3,"priklausiniai":1,"kaina_eur":170000,"eur_m2":2833,"atstumas_m":1498,"metai":2023,"sklypas":"44003160AP0031"}},{"type":"Feature","geometry":{"type":"Point","coordinates":[-1.185018,47.365106]},"properties":{"data":"2023-05-17","adresas":"160 RUE SAINT FIACRE","tipas":"butas","plotas_m2":87,"kambariai":2,"priklausiniai":1,"kaina_eur":150000,"eur_m2":1724,"atstumas_m":546,"metai":2023,"sklypas":"44003000AE0021"}},{"type":"Feature","geometry":{"type":"Point","coordinates":[-1.198362,47.363834]},"properties":{"data":"2023-05-05","adresas":"206 RUE PAUL-EMILE VICTOR","tipas":"namas","plotas_m2":85,"kambariai":4,"priklausiniai":0,"kaina_eur":325000,"eur_m2":3824,"atstumas_m":1563,"metai":2023,"sklypas":"44003160AP0256"}},{"type":"Feature","geometry":{"type":"Point","coordinates":[-1.183758,47.364468]},"properties":{"data":"2023-05-12","adresas":"228 RUE DU GENERAL LECLERC","tipas":"namas","plotas_m2":314,"kambariai":9,"priklausiniai":0,"kaina_eur":630000,"eur_m2":2006,"atstumas_m":470,"metai":2023,"sklypas":"44003000AE0091"}},{"type":"Feature","geometry":{"type":"Point","coordinates":[-1.193481,47.38136]},"properties":{"data":"2023-06-02","adresas":"150 RUE JEAN MAZUET","tipas":"namas","plotas_m2":144,"kambariai":5,"priklausiniai":0,"kaina_eur":410000,"eur_m2":2847,"atstumas_m":2097,"metai":2023,"sklypas":"44003000AP0043"}},{"type":"Feature","geometry":{"type":"Point","coordinates":[-1.194045,47.376349]},"properties":{"data":"2023-06-07","adresas":"40 ALL DES LILAS","tipas":"namas","plotas_m2":89,"kambariai":4,"priklausiniai":0,"kaina_eur":210000,"eur_m2":2360,"atstumas_m":1696,"metai":2023,"sklypas":"44003000AO0005"}},{"type":"Feature","geometry":{"type":"Point","coordinates":[-1.184891,47.365236]},"properties":{"data":"2023-06-05","adresas":"140 RUE SAINT FIACRE","tipas":"namas","plotas_m2":80,"kambariai":3,"priklausiniai":1,"kaina_eur":175000,"eur_m2":2188,"atstumas_m":535,"metai":2023,"sklypas":"44003000AE0022"}},{"type":"Feature","geometry":{"type":"Point","coordinates":[-1.182486,47.364464]},"properties":{"data":"2023-06-12","adresas":"138 RUE DU GENERAL LECLERC","tipas":"namas","plotas_m2":85,"kambariai":3,"priklausiniai":1,"kaina_eur":110000,"eur_m2":1294,"atstumas_m":380,"metai":2023,"sklypas":"44003000AE0075"}},{"type":"Feature","geometry":{"type":"Point","coordinates":[-1.194552,47.369631]},"properties":{"data":"2023-06-09","adresas":"133 RUE DES SENSIVES","tipas":"namas","plotas_m2":88,"kambariai":5,"priklausiniai":1,"kaina_eur":245000,"eur_m2":2784,"atstumas_m":1331,"metai":2023,"sklypas":"44003160AK0182"}},{"type":"Feature","geometry":{"type":"Point","coordinates":[-1.179503,47.363822]},"properties":{"data":"2023-05-23","adresas":"110 RUE DES TONNELIERS","tipas":"butas","plotas_m2":56,"kambariai":1,"priklausiniai":0,"kaina_eur":115000,"eur_m2":2054,"atstumas_m":252,"metai":2023,"sklypas":"44003000BL0071"}},{"type":"Feature","geometry":{"type":"Point","coordinates":[-1.177804,47.368641]},"properties":{"data":"2023-06-01","adresas":"383 AV DE LA LIBERATION","tipas":"butas","plotas_m2":62,"kambariai":3,"priklausiniai":1,"kaina_eur":128500,"eur_m2":2073,"atstumas_m":318,"metai":2023,"sklypas":"44003000AI0014"}},{"type":"Feature","geometry":{"type":"Point","coordinates":[-1.202646,47.363511]},"properties":{"data":"2023-06-01","adresas":"437 AV DE L ECOCHERE","tipas":"namas","plotas_m2":80,"kambariai":4,"priklausiniai":0,"kaina_eur":292000,"eur_m2":3650,"atstumas_m":1887,"metai":2023,"sklypas":"44003160AH0057"}},{"type":"Feature","geometry":{"type":"Point","coordinates":[-1.198222,47.368581]},"properties":{"data":"2023-06-01","adresas":"32 RUE DES VIGNES","tipas":"butas","plotas_m2":73,"kambariai":3,"priklausiniai":1,"kaina_eur":277000,"eur_m2":3795,"atstumas_m":1568,"metai":2023,"sklypas":"44003160AL0391"}},{"type":"Feature","geometry":{"type":"Point","coordinates":[-1.197218,47.384935]},"properties":{"data":"2023-06-23","adresas":"466 RUE DE LA BLORDIERE","tipas":"namas","plotas_m2":94,"kambariai":4,"priklausiniai":0,"kaina_eur":355000,"eur_m2":3777,"atstumas_m":2584,"metai":2023,"sklypas":"44003000AZ0094"}},{"type":"Feature","geometry":{"type":"Point","coordinates":[-1.174926,47.371375]},"properties":{"data":"2023-06-29","adresas":"292 BD DU DOCTEUR MOUTEL","tipas":"butas","plotas_m2":52,"kambariai":2,"priklausiniai":1,"kaina_eur":124894,"eur_m2":2402,"atstumas_m":660,"metai":2023,"sklypas":"44003000AL0139"}},{"type":"Feature","geometry":{"type":"Point","coordinates":[-1.186335,47.376544]},"properties":{"data":"2023-06-29","adresas":"75 BD RONSARD","tipas":"namas","plotas_m2":110,"kambariai":5,"priklausiniai":0,"kaina_eur":273000,"eur_m2":2482,"atstumas_m":1358,"metai":2023,"sklypas":"44003000AN0223"}},{"type":"Feature","geometry":{"type":"Point","coordinates":[-1.190231,47.366224]},"properties":{"data":"2023-06-29","adresas":"141 RUE DU CLOS GEREON","tipas":"namas","plotas_m2":118,"kambariai":4,"priklausiniai":0,"kaina_eur":386000,"eur_m2":3271,"atstumas_m":936,"metai":2023,"sklypas":"44003160AN0386"}},{"type":"Feature","geometry":{"type":"Point","coordinates":[-1.206795,47.367026]},"properties":{"data":"2023-06-19","adresas":"698 BD DES AIRENNES","tipas":"namas","plotas_m2":110,"kambariai":6,"priklausiniai":0,"kaina_eur":275000,"eur_m2":2500,"atstumas_m":2188,"metai":2023,"sklypas":"44003160AI0222"}},{"type":"Feature","geometry":{"type":"Point","coordinates":[-1.199391,47.382588]},"properties":{"data":"2023-07-17","adresas":"23 VEN DES NEFLIERS","tipas":"namas","plotas_m2":71,"kambariai":3,"priklausiniai":0,"kaina_eur":272000,"eur_m2":3831,"atstumas_m":2478,"metai":2023,"sklypas":"44003000BD0008"}},{"type":"Feature","geometry":{"type":"Point","coordinates":[-1.182858,47.381612]},"properties":{"data":"2023-07-11","adresas":"275 RUE ALFRED DE MUSSET","tipas":"namas","plotas_m2":95,"kambariai":4,"priklausiniai":0,"kaina_eur":245000,"eur_m2":2579,"atstumas_m":1802,"metai":2023,"sklypas":"44003000AS0007"}},{"type":"Feature","geometry":{"type":"Point","coordinates":[-1.190131,47.363948]},"properties":{"data":"2023-07-05","adresas":"85 COUR DE L HORLOGE","tipas":"butas","plotas_m2":70,"kambariai":3,"priklausiniai":1,"kaina_eur":165000,"eur_m2":2357,"atstumas_m":949,"metai":2023,"sklypas":"44003000BI0016"}},{"type":"Feature","geometry":{"type":"Point","coordinates":[-1.190131,47.363948]},"properties":{"data":"2023-07-11","adresas":"85 COUR DE L HORLOGE","tipas":"butas","plotas_m2":47,"kambariai":2,"priklausiniai":1,"kaina_eur":151800,"eur_m2":3230,"atstumas_m":949,"metai":2023,"sklypas":"44003000BI0016"}},{"type":"Feature","geometry":{"type":"Point","coordinates":[-1.175785,47.365236]},"properties":{"data":"2023-06-30","adresas":"39 RUE DES QUAIS","tipas":"namas","plotas_m2":90,"kambariai":4,"priklausiniai":0,"kaina_eur":218000,"eur_m2":2422,"atstumas_m":167,"metai":2023,"sklypas":"44003000BC0097"}},{"type":"Feature","geometry":{"type":"Point","coordinates":[-1.174713,47.375259]},"properties":{"data":"2023-07-04","adresas":"53 RUE DES ROITELETS","tipas":"namas","plotas_m2":65,"kambariai":3,"priklausiniai":0,"kaina_eur":234000,"eur_m2":3600,"atstumas_m":1081,"metai":2023,"sklypas":"44003000AM0071"}},{"type":"Feature","geometry":{"type":"Point","coordinates":[-1.22475,47.367388]},"properties":{"data":"2023-07-13","adresas":"169 LA ROBINIERE","tipas":"namas","plotas_m2":50,"kambariai":2,"priklausiniai":1,"kaina_eur":158000,"eur_m2":3160,"atstumas_m":3541,"metai":2023,"sklypas":"440031600D0238"}},{"type":"Feature","geometry":{"type":"Point","coordinates":[-1.200762,47.36696]},"properties":{"data":"2023-07-10","adresas":"91 RUE DE LA PETITE MONTAGNE","tipas":"namas","plotas_m2":103,"kambariai":6,"priklausiniai":0,"kaina_eur":329500,"eur_m2":3199,"atstumas_m":1733,"metai":2023,"sklypas":"44003160AI0126"}},{"type":"Feature","geometry":{"type":"Point","coordinates":[-1.174926,47.371375]},"properties":{"data":"2023-07-19","adresas":"292 BD DU DOCTEUR MOUTEL","tipas":"butas","plotas_m2":32,"kambariai":1,"priklausiniai":1,"kaina_eur":81945,"eur_m2":2561,"atstumas_m":660,"metai":2023,"sklypas":"44003000AL0139"}},{"type":"Feature","geometry":{"type":"Point","coordinates":[-1.192245,47.365644]},"properties":{"data":"2023-07-21","adresas":"369 AV DU PONT DE BIAIS","tipas":"namas","plotas_m2":122,"kambariai":3,"priklausiniai":0,"kaina_eur":157000,"eur_m2":1287,"atstumas_m":1086,"metai":2023,"sklypas":"44003160AN0138"}},{"type":"Feature","geometry":{"type":"Point","coordinates":[-1.190651,47.364681]},"properties":{"data":"2023-06-28","adresas":"147 COUR DE L HORLOGE","tipas":"butas","plotas_m2":90,"kambariai":3,"priklausiniai":2,"kaina_eur":220000,"eur_m2":2444,"atstumas_m":974,"metai":2023,"sklypas":"44003000BI0007"}},{"type":"Feature","geometry":{"type":"Point","coordinates":[-1.190651,47.364681]},"properties":{"data":"2023-07-07","adresas":"147 COUR DE L HORLOGE","tipas":"butas","plotas_m2":90,"kambariai":4,"priklausiniai":2,"kaina_eur":210000,"eur_m2":2333,"atstumas_m":974,"metai":2023,"sklypas":"44003000BI0007"}},{"type":"Feature","geometry":{"type":"Point","coordinates":[-1.202035,47.362845]},"properties":{"data":"2023-07-21","adresas":"521 AV DE L ECOCHERE","tipas":"namas","plotas_m2":75,"kambariai":5,"priklausiniai":0,"kaina_eur":190000,"eur_m2":2533,"atstumas_m":1853,"metai":2023,"sklypas":"44003160AH0079"}},{"type":"Feature","geometry":{"type":"Point","coordinates":[-1.188995,47.376397]},"properties":{"data":"2023-07-18","adresas":"195 RUE DE LA GILARDERIE","tipas":"namas","plotas_m2":138,"kambariai":6,"priklausiniai":0,"kaina_eur":391800,"eur_m2":2839,"atstumas_m":1450,"metai":2023,"sklypas":"44003000AO0149"}},{"type":"Feature","geometry":{"type":"Point","coordinates":[-1.174588,47.372863]},"properties":{"data":"2023-07-13","adresas":"555 BD PASTEUR","tipas":"namas","plotas_m2":119,"kambariai":5,"priklausiniai":0,"kaina_eur":325000,"eur_m2":2731,"atstumas_m":825,"metai":2023,"sklypas":"44003000AL0230"}},{"type":"Feature","geometry":{"type":"Point","coordinates":[-1.173458,47.372676]},"properties":{"data":"2023-07-27","adresas":"465 BD PASTEUR","tipas":"namas","plotas_m2":85,"kambariai":4,"priklausiniai":0,"kaina_eur":250000,"eur_m2":2941,"atstumas_m":835,"metai":2023,"sklypas":"44003000AL0099"}},{"type":"Feature","geometry":{"type":"Point","coordinates":[-1.200867,47.40078]},"properties":{"data":"2023-07-26","adresas":"307 RUE DE LA SINANDIERE","tipas":"namas","plotas_m2":124,"kambariai":5,"priklausiniai":0,"kaina_eur":190000,"eur_m2":1532,"atstumas_m":4265,"metai":2023,"sklypas":"44003000ZA0123"}},{"type":"Feature","geometry":{"type":"Point","coordinates":[-1.174926,47.371375]},"properties":{"data":"2023-07-21","adresas":"292 BD DU DOCTEUR MOUTEL","tipas":"butas","plotas_m2":70,"kambariai":3,"priklausiniai":1,"kaina_eur":150000,"eur_m2":2143,"atstumas_m":660,"metai":2023,"sklypas":"44003000AL0139"}},{"type":"Feature","geometry":{"type":"Point","coordinates":[-1.214644,47.378044]},"properties":{"data":"2023-08-01","adresas":"297 LE CHENE GUERIN","tipas":"namas","plotas_m2":122,"kambariai":7,"priklausiniai":1,"kaina_eur":105000,"eur_m2":861,"atstumas_m":3092,"metai":2023,"sklypas":"440031600B0572"}},{"type":"Feature","geometry":{"type":"Point","coordinates":[-1.178873,47.367375]},"properties":{"data":"2023-07-31","adresas":"143 RUE GEORGES CLEMENCEAU","tipas":"namas","plotas_m2":99,"kambariai":4,"priklausiniai":1,"kaina_eur":240000,"eur_m2":2424,"atstumas_m":193,"metai":2023,"sklypas":"44003000BK0031"}},{"type":"Feature","geometry":{"type":"Point","coordinates":[-1.199662,47.401434]},"properties":{"data":"2023-08-10","adresas":"191 RUE DE LA SINANDIERE","tipas":"namas","plotas_m2":99,"kambariai":4,"priklausiniai":0,"kaina_eur":195000,"eur_m2":1970,"atstumas_m":4296,"metai":2023,"sklypas":"44003000ZA0029"}},{"type":"Feature","geometry":{"type":"Point","coordinates":[-1.211171,47.367769]},"properties":{"data":"2023-08-11","adresas":"89 RUE DE LA RAGOTIERE","tipas":"namas","plotas_m2":100,"kambariai":5,"priklausiniai":0,"kaina_eur":235000,"eur_m2":2350,"atstumas_m":2523,"metai":2023,"sklypas":"44003160AE0269"}},{"type":"Feature","geometry":{"type":"Point","coordinates":[-1.191757,47.365694]},"properties":{"data":"2023-07-31","adresas":"413 AV DU PONT DE BIAIS","tipas":"namas","plotas_m2":94,"kambariai":4,"priklausiniai":0,"kaina_eur":260000,"eur_m2":2766,"atstumas_m":1049,"metai":2023,"sklypas":"44003160AN0135"}},{"type":"Feature","geometry":{"type":"Point","coordinates":[-1.180633,47.375198]},"properties":{"data":"2023-08-17","adresas":"51 RUE DU PRESSOIR ROUGE","tipas":"namas","plotas_m2":97,"kambariai":4,"priklausiniai":0,"kaina_eur":239000,"eur_m2":2464,"atstumas_m":1069,"metai":2023,"sklypas":"44003000AN0138"}},{"type":"Feature","geometry":{"type":"Point","coordinates":[-1.20154,47.383526]},"properties":{"data":"2023-08-28","adresas":"56 VEN DES CORNOUILLERS","tipas":"namas","plotas_m2":86,"kambariai":4,"priklausiniai":0,"kaina_eur":250000,"eur_m2":2907,"atstumas_m":2663,"metai":2023,"sklypas":"44003000AZ0031"}},{"type":"Feature","geometry":{"type":"Point","coordinates":[-1.20119,47.383682]},"properties":{"data":"2023-08-29","adresas":"49 VEN DES AUBEPINES","tipas":"namas","plotas_m2":136,"kambariai":6,"priklausiniai":1,"kaina_eur":390240,"eur_m2":2869,"atstumas_m":2659,"metai":2023,"sklypas":"44003000AZ0041"}},{"type":"Feature","geometry":{"type":"Point","coordinates":[-1.210104,47.36545]},"properties":{"data":"2023-08-25","adresas":"120 RUE HECTOR BERLIOZ","tipas":"namas","plotas_m2":107,"kambariai":5,"priklausiniai":0,"kaina_eur":385000,"eur_m2":3598,"atstumas_m":2433,"metai":2023,"sklypas":"44003160AE0177"}},{"type":"Feature","geometry":{"type":"Point","coordinates":[-1.223316,47.385717]},"properties":{"data":"2023-09-22","adresas":"30 LES FRESNES","tipas":"namas","plotas_m2":107,"kambariai":5,"priklausiniai":0,"kaina_eur":337000,"eur_m2":3150,"atstumas_m":4084,"metai":2023,"sklypas":"440031600B0846"}},{"type":"Feature","geometry":{"type":"Point","coordinates":[-1.18155,47.364074]},"properties":{"data":"2023-09-14","adresas":"63 RUE DU GENERAL LECLERC","tipas":"butas","plotas_m2":104,"kambariai":4,"priklausiniai":1,"kaina_eur":174000,"eur_m2":1673,"atstumas_m":338,"metai":2023,"sklypas":"44003000BL0025"}},{"type":"Feature","geometry":{"type":"Point","coordinates":[-1.182784,47.366167]},"properties":{"data":"2023-09-20","adresas":"112 PL DE LA REPUBLIQUE","tipas":"namas","plotas_m2":274,"kambariai":8,"priklausiniai":0,"kaina_eur":575000,"eur_m2":2099,"atstumas_m":375,"metai":2023,"sklypas":"44003000BK0005"}},{"type":"Feature","geometry":{"type":"Point","coordinates":[-1.202885,47.363588]},"properties":{"data":"2023-09-21","adresas":"417 AV DE L ECOCHERE","tipas":"namas","plotas_m2":86,"kambariai":4,"priklausiniai":1,"kaina_eur":210000,"eur_m2":2442,"atstumas_m":1904,"metai":2023,"sklypas":"44003160AH0056"}},{"type":"Feature","geometry":{"type":"Point","coordinates":[-1.192298,47.385194]},"properties":{"data":"2023-09-26","adresas":"45 AV DU ROUSSILLON","tipas":"namas","plotas_m2":99,"kambariai":4,"priklausiniai":0,"kaina_eur":324000,"eur_m2":3273,"atstumas_m":2420,"metai":2023,"sklypas":"44003000AY0105"}},{"type":"Feature","geometry":{"type":"Point","coordinates":[-1.19463,47.377104]},"properties":{"data":"2023-09-22","adresas":"90 PL DU SAUVIGNON","tipas":"namas","plotas_m2":73,"kambariai":3,"priklausiniai":0,"kaina_eur":215000,"eur_m2":2945,"atstumas_m":1786,"metai":2023,"sklypas":"44003000BD0124"}},{"type":"Feature","geometry":{"type":"Point","coordinates":[-1.194477,47.388815]},"properties":{"data":"2023-09-29","adresas":"50 RUE DE LA PERROUINIERE","tipas":"namas","plotas_m2":102,"kambariai":3,"priklausiniai":0,"kaina_eur":367500,"eur_m2":3603,"atstumas_m":2854,"metai":2023,"sklypas":"44003000BA0029"}},{"type":"Feature","geometry":{"type":"Point","coordinates":[-1.180034,47.385335]},"properties":{"data":"2023-09-29","adresas":"271 RUE DE L HERMITAGE","tipas":"namas","plotas_m2":145,"kambariai":5,"priklausiniai":1,"kaina_eur":350000,"eur_m2":2414,"atstumas_m":2182,"metai":2023,"sklypas":"44003000AW0008"}},{"type":"Feature","geometry":{"type":"Point","coordinates":[-1.177009,47.367505]},"properties":{"data":"2023-09-25","adresas":"193 AV ROBERT SCHUMAN","tipas":"butas","plotas_m2":104,"kambariai":6,"priklausiniai":1,"kaina_eur":212000,"eur_m2":2038,"atstumas_m":201,"metai":2023,"sklypas":"44003000BK0090"}},{"type":"Feature","geometry":{"type":"Point","coordinates":[-1.178619,47.364256]},"properties":{"data":"2023-10-06","adresas":"26 RUE BASSE GRANDE RUE","tipas":"namas","plotas_m2":174,"kambariai":6,"priklausiniai":1,"kaina_eur":520000,"eur_m2":2989,"atstumas_m":180,"metai":2023,"sklypas":"44003000AD0152"}},{"type":"Feature","geometry":{"type":"Point","coordinates":[-1.17482,47.373979]},"properties":{"data":"2023-10-09","adresas":"105 RUE DU VERGER","tipas":"namas","plotas_m2":80,"kambariai":4,"priklausiniai":1,"kaina_eur":224000,"eur_m2":2800,"atstumas_m":940,"metai":2023,"sklypas":"44003000AL0043"}},{"type":"Feature","geometry":{"type":"Point","coordinates":[-1.195306,47.383572]},"properties":{"data":"2023-10-10","adresas":"42 RUE DU LANGUEDOC","tipas":"namas","plotas_m2":130,"kambariai":7,"priklausiniai":0,"kaina_eur":282500,"eur_m2":2173,"atstumas_m":2378,"metai":2023,"sklypas":"44003000AY0038"}},{"type":"Feature","geometry":{"type":"Point","coordinates":[-1.190928,47.369412]},"properties":{"data":"2023-10-24","adresas":"55 IMP DES PEUPLIERS","tipas":"namas","plotas_m2":84,"kambariai":4,"priklausiniai":0,"kaina_eur":260000,"eur_m2":3095,"atstumas_m":1066,"metai":2023,"sklypas":"44003160AM0103"}},{"type":"Feature","geometry":{"type":"Point","coordinates":[-1.177011,47.366017]},"properties":{"data":"2023-10-23","adresas":"65 RUE DU ROI ALBERT 1ER","tipas":"butas","plotas_m2":58,"kambariai":2,"priklausiniai":2,"kaina_eur":110000,"eur_m2":1897,"atstumas_m":68,"metai":2023,"sklypas":"44003000BC0129"}},{"type":"Feature","geometry":{"type":"Point","coordinates":[-1.183543,47.370726]},"properties":{"data":"2023-10-23","adresas":"304 RUE RENE URIEN","tipas":"namas","plotas_m2":108,"kambariai":6,"priklausiniai":0,"kaina_eur":337000,"eur_m2":3120,"atstumas_m":698,"metai":2023,"sklypas":"44003000BH0068"}},{"type":"Feature","geometry":{"type":"Point","coordinates":[-1.188987,47.380561]},"properties":{"data":"2023-11-02","adresas":"50 PL VICTOR SEGALEN","tipas":"namas","plotas_m2":81,"kambariai":4,"priklausiniai":0,"kaina_eur":95000,"eur_m2":1173,"atstumas_m":1847,"metai":2023,"sklypas":"44003000AP0179"}},{"type":"Feature","geometry":{"type":"Point","coordinates":[-1.210306,47.368148]},"properties":{"data":"2023-10-27","adresas":"75 RUE DE LA SOURCE","tipas":"namas","plotas_m2":119,"kambariai":8,"priklausiniai":0,"kaina_eur":330000,"eur_m2":2773,"atstumas_m":2462,"metai":2023,"sklypas":"44003160AE0025"}},{"type":"Feature","geometry":{"type":"Point","coordinates":[-1.190651,47.364681]},"properties":{"data":"2023-11-08","adresas":"129 COUR DE L HORLOGE","tipas":"butas","plotas_m2":40,"kambariai":2,"priklausiniai":2,"kaina_eur":106000,"eur_m2":2650,"atstumas_m":974,"metai":2023,"sklypas":"44003000BI0007"}},{"type":"Feature","geometry":{"type":"Point","coordinates":[-1.177009,47.367505]},"properties":{"data":"2023-11-08","adresas":"215 BD LEON SECHE","tipas":"butas","plotas_m2":88,"kambariai":5,"priklausiniai":1,"kaina_eur":165000,"eur_m2":1875,"atstumas_m":201,"metai":2023,"sklypas":"44003000BK0090"}},{"type":"Feature","geometry":{"type":"Point","coordinates":[-1.185951,47.37228]},"properties":{"data":"2023-11-06","adresas":"237 RUE DES HAUTS PAVES","tipas":"namas","plotas_m2":89,"kambariai":4,"priklausiniai":0,"kaina_eur":232010,"eur_m2":2607,"atstumas_m":947,"metai":2023,"sklypas":"44003000BH0037"}},{"type":"Feature","geometry":{"type":"Point","coordinates":[-1.198196,47.363184]},"properties":{"data":"2023-11-08","adresas":"106 RUE PAUL-EMILE VICTOR","tipas":"namas","plotas_m2":102,"kambariai":5,"priklausiniai":0,"kaina_eur":311000,"eur_m2":3049,"atstumas_m":1562,"metai":2023,"sklypas":"44003160AP0235"}},{"type":"Feature","geometry":{"type":"Point","coordinates":[-1.182015,47.380581]},"properties":{"data":"2023-11-15","adresas":"136 RUE ALFRED DE MUSSET","tipas":"namas","plotas_m2":74,"kambariai":4,"priklausiniai":0,"kaina_eur":215000,"eur_m2":2905,"atstumas_m":1677,"metai":2023,"sklypas":"44003000AS0022"}},{"type":"Feature","geometry":{"type":"Point","coordinates":[-1.179259,47.370675]},"properties":{"data":"2023-11-15","adresas":"215 AV FRANCIS ROBERT","tipas":"butas","plotas_m2":76,"kambariai":3,"priklausiniai":1,"kaina_eur":235000,"eur_m2":3092,"atstumas_m":555,"metai":2023,"sklypas":"44003000BH0160"}},{"type":"Feature","geometry":{"type":"Point","coordinates":[-1.184133,47.364939]},"properties":{"data":"2023-12-06","adresas":"173 RUE SAINT FIACRE","tipas":"butas","plotas_m2":63,"kambariai":3,"priklausiniai":1,"kaina_eur":210000,"eur_m2":3333,"atstumas_m":484,"metai":2023,"sklypas":"44003000AE0066"}},{"type":"Feature","geometry":{"type":"Point","coordinates":[-1.176003,47.365494]},"properties":{"data":"2023-11-30","adresas":"129 RUE SAINT PAUL","tipas":"butas","plotas_m2":70,"kambariai":3,"priklausiniai":0,"kaina_eur":170000,"eur_m2":2429,"atstumas_m":142,"metai":2023,"sklypas":"44003000BC0077"}},{"type":"Feature","geometry":{"type":"Point","coordinates":[-1.178198,47.367643]},"properties":{"data":"2023-12-06","adresas":"170 RUE GEORGES CLEMENCEAU","tipas":"namas","plotas_m2":90,"kambariai":4,"priklausiniai":1,"kaina_eur":140000,"eur_m2":1556,"atstumas_m":208,"metai":2023,"sklypas":"44003000BK0062"}},{"type":"Feature","geometry":{"type":"Point","coordinates":[-1.181472,47.363648]},"properties":{"data":"2023-12-12","adresas":"253 RUE DES TONNELIERS","tipas":"namas","plotas_m2":149,"kambariai":7,"priklausiniai":0,"kaina_eur":680000,"eur_m2":4564,"atstumas_m":363,"metai":2023,"sklypas":"44003000BL0031"}},{"type":"Feature","geometry":{"type":"Point","coordinates":[-1.180058,47.371654]},"properties":{"data":"2023-12-12","adresas":"64 PL MAURICE GELINEAU","tipas":"butas","plotas_m2":50,"kambariai":2,"priklausiniai":1,"kaina_eur":84000,"eur_m2":1680,"atstumas_m":674,"metai":2023,"sklypas":"44003000BH0138"}},{"type":"Feature","geometry":{"type":"Point","coordinates":[-1.18891,47.379376]},"properties":{"data":"2023-12-08","adresas":"42 RUE MARIE NOEL","tipas":"namas","plotas_m2":81,"kambariai":4,"priklausiniai":0,"kaina_eur":118800,"eur_m2":1467,"atstumas_m":1728,"metai":2023,"sklypas":"44003000AP0216"}},{"type":"Feature","geometry":{"type":"Point","coordinates":[-1.188768,47.379176]},"properties":{"data":"2023-12-20","adresas":"16 RUE MARIE NOEL","tipas":"namas","plotas_m2":67,"kambariai":3,"priklausiniai":0,"kaina_eur":97600,"eur_m2":1457,"atstumas_m":1703,"metai":2023,"sklypas":"44003000AP0214"}},{"type":"Feature","geometry":{"type":"Point","coordinates":[-1.184954,47.37242]},"properties":{"data":"2023-12-22","adresas":"210 RUE DES HAUTS PAVES","tipas":"namas","plotas_m2":131,"kambariai":8,"priklausiniai":0,"kaina_eur":276000,"eur_m2":2107,"atstumas_m":913,"metai":2023,"sklypas":"44003000BH0058"}},{"type":"Feature","geometry":{"type":"Point","coordinates":[-1.179838,47.363859]},"properties":{"data":"2023-12-21","adresas":"163 RUE DU CHATEAU","tipas":"butas","plotas_m2":92,"kambariai":4,"priklausiniai":0,"kaina_eur":132900,"eur_m2":1445,"atstumas_m":262,"metai":2023,"sklypas":"44003000BL0067"}},{"type":"Feature","geometry":{"type":"Point","coordinates":[-1.188703,47.379568]},"properties":{"data":"2023-12-28","adresas":"47 RUE TRISTAN CORBIERE","tipas":"namas","plotas_m2":78,"kambariai":4,"priklausiniai":0,"kaina_eur":113500,"eur_m2":1455,"atstumas_m":1739,"metai":2023,"sklypas":"44003000AP0208"}},{"type":"Feature","geometry":{"type":"Point","coordinates":[-1.189014,47.379482]},"properties":{"data":"2023-12-29","adresas":"50 RUE MARIE NOEL","tipas":"namas","plotas_m2":81,"kambariai":4,"priklausiniai":0,"kaina_eur":118800,"eur_m2":1467,"atstumas_m":1742,"metai":2023,"sklypas":"44003000AP0217"}},{"type":"Feature","geometry":{"type":"Point","coordinates":[-1.177009,47.367505]},"properties":{"data":"2023-12-21","adresas":"171 AV ROBERT SCHUMAN","tipas":"butas","plotas_m2":77,"kambariai":4,"priklausiniai":1,"kaina_eur":127000,"eur_m2":1649,"atstumas_m":201,"metai":2023,"sklypas":"44003000BK0090"}},{"type":"Feature","geometry":{"type":"Point","coordinates":[-1.211158,47.36651]},"properties":{"data":"2024-01-05","adresas":"54 IMP DE LA RAGOTIERE","tipas":"namas","plotas_m2":115,"kambariai":6,"priklausiniai":0,"kaina_eur":311500,"eur_m2":2709,"atstumas_m":2513,"metai":2024,"sklypas":"44003160AE0105"}},{"type":"Feature","geometry":{"type":"Point","coordinates":[-1.174153,47.370971]},"properties":{"data":"2024-01-11","adresas":"27 RUE DE LA CORDERIE","tipas":"namas","plotas_m2":106,"kambariai":4,"priklausiniai":1,"kaina_eur":132500,"eur_m2":1250,"atstumas_m":641,"metai":2024,"sklypas":"44003000AL0123"}},{"type":"Feature","geometry":{"type":"Point","coordinates":[-1.187108,47.367154]},"properties":{"data":"2024-01-22","adresas":"249 RUE JEAN DORAT","tipas":"namas","plotas_m2":94,"kambariai":5,"priklausiniai":0,"kaina_eur":383000,"eur_m2":4074,"atstumas_m":715,"metai":2024,"sklypas":"44003160AN0349"}},{"type":"Feature","geometry":{"type":"Point","coordinates":[-1.190049,47.375273]},"properties":{"data":"2024-01-03","adresas":"41 ALL DES CAPUCINES - ANCENIS","tipas":"namas","plotas_m2":70,"kambariai":3,"priklausiniai":0,"kaina_eur":162000,"eur_m2":2314,"atstumas_m":1401,"metai":2024,"sklypas":"44003000AO0052"}},{"type":"Feature","geometry":{"type":"Point","coordinates":[-1.175435,47.36519]},"properties":{"data":"2024-01-24","adresas":"13 RUE DES QUAIS","tipas":"namas","plotas_m2":105,"kambariai":5,"priklausiniai":1,"kaina_eur":450000,"eur_m2":4286,"atstumas_m":193,"metai":2024,"sklypas":"44003000BC0099"}},{"type":"Feature","geometry":{"type":"Point","coordinates":[-1.182966,47.374271]},"properties":{"data":"2024-01-18","adresas":"73 RUE CORABOEUF","tipas":"namas","plotas_m2":130,"kambariai":4,"priklausiniai":0,"kaina_eur":280010,"eur_m2":2154,"atstumas_m":1021,"metai":2024,"sklypas":"44003000AN0184"}},{"type":"Feature","geometry":{"type":"Point","coordinates":[-1.193318,47.384832]},"properties":{"data":"2024-02-02","adresas":"35 IMP DU PERIGORD","tipas":"namas","plotas_m2":81,"kambariai":4,"priklausiniai":0,"kaina_eur":225000,"eur_m2":2778,"atstumas_m":2420,"metai":2024,"sklypas":"44003000AY0111"}},{"type":"Feature","geometry":{"type":"Point","coordinates":[-1.203336,47.366566]},"properties":{"data":"2024-02-08","adresas":"446 BD DES AIRENNES","tipas":"namas","plotas_m2":89,"kambariai":5,"priklausiniai":0,"kaina_eur":259150,"eur_m2":2912,"atstumas_m":1924,"metai":2024,"sklypas":"44003160AI0157"}},{"type":"Feature","geometry":{"type":"Point","coordinates":[-1.180771,47.375988]},"properties":{"data":"2024-01-26","adresas":"309 RUE DE CHATEAUBRIAND","tipas":"namas","plotas_m2":116,"kambariai":6,"priklausiniai":0,"kaina_eur":240000,"eur_m2":2069,"atstumas_m":1157,"metai":2024,"sklypas":"44003000AN0193"}},{"type":"Feature","geometry":{"type":"Point","coordinates":[-1.191705,47.375165]},"properties":{"data":"2024-01-22","adresas":"236 ALL DES CAMELIAS","tipas":"namas","plotas_m2":98,"kambariai":4,"priklausiniai":0,"kaina_eur":220000,"eur_m2":2245,"atstumas_m":1477,"metai":2024,"sklypas":"44003000AO0032"}},{"type":"Feature","geometry":{"type":"Point","coordinates":[-1.19845,47.385347]},"properties":{"data":"2024-01-31","adresas":"55 IMP DES ECRINS","tipas":"namas","plotas_m2":100,"kambariai":5,"priklausiniai":1,"kaina_eur":580000,"eur_m2":5800,"atstumas_m":2675,"metai":2024,"sklypas":"44003000AZ0064"}},{"type":"Feature","geometry":{"type":"Point","coordinates":[-1.184133,47.364939]},"properties":{"data":"2024-02-12","adresas":"173 RUE SAINT FIACRE","tipas":"butas","plotas_m2":63,"kambariai":3,"priklausiniai":2,"kaina_eur":209000,"eur_m2":3317,"atstumas_m":484,"metai":2024,"sklypas":"44003000AE0066"}},{"type":"Feature","geometry":{"type":"Point","coordinates":[-1.185693,47.364409]},"properties":{"data":"2024-02-19","adresas":"382 RUE DU GENERAL LECLERC","tipas":"namas","plotas_m2":201,"kambariai":8,"priklausiniai":1,"kaina_eur":530000,"eur_m2":2637,"atstumas_m":612,"metai":2024,"sklypas":"44003000AE0011"}},{"type":"Feature","geometry":{"type":"Point","coordinates":[-1.180894,47.365157]},"properties":{"data":"2024-02-21","adresas":"105 RUE NEUVE","tipas":"namas","plotas_m2":73,"kambariai":4,"priklausiniai":0,"kaina_eur":190000,"eur_m2":2603,"atstumas_m":241,"metai":2024,"sklypas":"44003000AD0022"}},{"type":"Feature","geometry":{"type":"Point","coordinates":[-1.174153,47.370971]},"properties":{"data":"2024-02-06","adresas":"27 RUE DE LA CORDERIE","tipas":"namas","plotas_m2":106,"kambariai":4,"priklausiniai":1,"kaina_eur":132500,"eur_m2":1250,"atstumas_m":641,"metai":2024,"sklypas":"44003000AL0123"}},{"type":"Feature","geometry":{"type":"Point","coordinates":[-1.186494,47.374788]},"properties":{"data":"2024-03-01","adresas":"415 RUE DU BARON GEOFFROY","tipas":"namas","plotas_m2":68,"kambariai":4,"priklausiniai":0,"kaina_eur":330000,"eur_m2":4853,"atstumas_m":1196,"metai":2024,"sklypas":"44003000AN0048"}},{"type":"Feature","geometry":{"type":"Point","coordinates":[-1.185328,47.371908]},"properties":{"data":"2024-03-11","adresas":"189 RUE DES HAUTS PAVES","tipas":"namas","plotas_m2":119,"kambariai":4,"priklausiniai":1,"kaina_eur":366010,"eur_m2":3076,"atstumas_m":885,"metai":2024,"sklypas":"44003000BH0035"}},{"type":"Feature","geometry":{"type":"Point","coordinates":[-1.174926,47.371375]},"properties":{"data":"2024-03-18","adresas":"292 BD DU DOCTEUR MOUTEL","tipas":"butas","plotas_m2":53,"kambariai":2,"priklausiniai":1,"kaina_eur":112000,"eur_m2":2113,"atstumas_m":660,"metai":2024,"sklypas":"44003000AL0139"}},{"type":"Feature","geometry":{"type":"Point","coordinates":[-1.226188,47.37296]},"properties":{"data":"2024-03-21","adresas":"142 LE LANDREAU","tipas":"namas","plotas_m2":72,"kambariai":2,"priklausiniai":1,"kaina_eur":145000,"eur_m2":2014,"atstumas_m":3732,"metai":2024,"sklypas":"44003160ZD0148"}},{"type":"Feature","geometry":{"type":"Point","coordinates":[-1.189425,47.368273]},"properties":{"data":"2024-03-22","adresas":"96 RUE PONTUS DE TYARD","tipas":"namas","plotas_m2":140,"kambariai":5,"priklausiniai":0,"kaina_eur":310000,"eur_m2":2214,"atstumas_m":916,"metai":2024,"sklypas":"44003160AN0242"}},{"type":"Feature","geometry":{"type":"Point","coordinates":[-1.179259,47.370675]},"properties":{"data":"2024-03-28","adresas":"215 AV FRANCIS ROBERT","tipas":"butas","plotas_m2":41,"kambariai":2,"priklausiniai":0,"kaina_eur":127000,"eur_m2":3098,"atstumas_m":555,"metai":2024,"sklypas":"44003000BH0160"}},{"type":"Feature","geometry":{"type":"Point","coordinates":[-1.177009,47.367505]},"properties":{"data":"2024-04-05","adresas":"155 AV ROBERT SCHUMAN","tipas":"butas","plotas_m2":62,"kambariai":3,"priklausiniai":1,"kaina_eur":143000,"eur_m2":2306,"atstumas_m":201,"metai":2024,"sklypas":"44003000BK0090"}},{"type":"Feature","geometry":{"type":"Point","coordinates":[-1.17827,47.363768]},"properties":{"data":"2024-03-19","adresas":"25 RUE DE BRESSIGNY","tipas":"namas","plotas_m2":53,"kambariai":2,"priklausiniai":0,"kaina_eur":115000,"eur_m2":2170,"atstumas_m":227,"metai":2024,"sklypas":"44003000BL0098"}},{"type":"Feature","geometry":{"type":"Point","coordinates":[-1.178419,47.371791]},"properties":{"data":"2024-04-05","adresas":"276 AV FRANCIS ROBERT","tipas":"namas","plotas_m2":174,"kambariai":8,"priklausiniai":1,"kaina_eur":630000,"eur_m2":3621,"atstumas_m":670,"metai":2024,"sklypas":"44003000AL0166"}},{"type":"Feature","geometry":{"type":"Point","coordinates":[-1.21464,47.378219]},"properties":{"data":"2024-03-22","adresas":"207 LE CHENE GUERIN","tipas":"namas","plotas_m2":55,"kambariai":1,"priklausiniai":1,"kaina_eur":100000,"eur_m2":1818,"atstumas_m":3101,"metai":2024,"sklypas":"440031600B0705"}},{"type":"Feature","geometry":{"type":"Point","coordinates":[-1.201099,47.383509]},"properties":{"data":"2024-04-08","adresas":"27 VEN DES AUBEPINES","tipas":"namas","plotas_m2":127,"kambariai":5,"priklausiniai":1,"kaina_eur":316000,"eur_m2":2488,"atstumas_m":2640,"metai":2024,"sklypas":"44003000AZ0039"}},{"type":"Feature","geometry":{"type":"Point","coordinates":[-1.179421,47.372157]},"properties":{"data":"2024-04-26","adresas":"9002 RUE DES GRANDS CHAMPS","tipas":"namas","plotas_m2":100,"kambariai":5,"priklausiniai":1,"kaina_eur":220000,"eur_m2":2200,"atstumas_m":719,"metai":2024,"sklypas":"44003000BH0168"}},{"type":"Feature","geometry":{"type":"Point","coordinates":[-1.19096,47.376106]},"properties":{"data":"2024-04-22","adresas":"264 ALL DES BLEUETS","tipas":"namas","plotas_m2":108,"kambariai":5,"priklausiniai":0,"kaina_eur":210000,"eur_m2":1944,"atstumas_m":1516,"metai":2024,"sklypas":"44003000AO0116"}},{"type":"Feature","geometry":{"type":"Point","coordinates":[-1.199585,47.362337]},"properties":{"data":"2024-04-25","adresas":"118 BREBION","tipas":"namas","plotas_m2":50,"kambariai":3,"priklausiniai":0,"kaina_eur":129000,"eur_m2":2580,"atstumas_m":1684,"metai":2024,"sklypas":"44003160AP0061"}},{"type":"Feature","geometry":{"type":"Point","coordinates":[-1.16949,47.373629]},"properties":{"data":"2024-04-29","adresas":"162 BD PASTEUR","tipas":"namas","plotas_m2":84,"kambariai":4,"priklausiniai":1,"kaina_eur":160000,"eur_m2":1905,"atstumas_m":1076,"metai":2024,"sklypas":"44003000AM0112"}},{"type":"Feature","geometry":{"type":"Point","coordinates":[-1.177942,47.36626]},"properties":{"data":"2024-05-06","adresas":"139 RUE DU ROI ALBERT 1ER","tipas":"namas","plotas_m2":79,"kambariai":3,"priklausiniai":0,"kaina_eur":245000,"eur_m2":3101,"atstumas_m":53,"metai":2024,"sklypas":"44003000BC0180"}},{"type":"Feature","geometry":{"type":"Point","coordinates":[-1.172187,47.381953]},"properties":{"data":"2024-05-02","adresas":"225 LE VERGER","tipas":"namas","plotas_m2":84,"kambariai":4,"priklausiniai":0,"kaina_eur":160000,"eur_m2":1905,"atstumas_m":1849,"metai":2024,"sklypas":"44003000AT0059"}},{"type":"Feature","geometry":{"type":"Point","coordinates":[-1.186423,47.367028]},"properties":{"data":"2024-04-26","adresas":"286 RUE JEAN DORAT","tipas":"namas","plotas_m2":102,"kambariai":5,"priklausiniai":0,"kaina_eur":301000,"eur_m2":2951,"atstumas_m":662,"metai":2024,"sklypas":"44003160AN0359"}},{"type":"Feature","geometry":{"type":"Point","coordinates":[-1.174993,47.375391]},"properties":{"data":"2024-05-21","adresas":"66 RUE DES ALOUETTES","tipas":"namas","plotas_m2":73,"kambariai":4,"priklausiniai":0,"kaina_eur":179000,"eur_m2":2452,"atstumas_m":1091,"metai":2024,"sklypas":"44003000AM0063"}},{"type":"Feature","geometry":{"type":"Point","coordinates":[-1.195377,47.384209]},"properties":{"data":"2024-05-21","adresas":"112 RUE DU BEARN","tipas":"namas","plotas_m2":91,"kambariai":5,"priklausiniai":0,"kaina_eur":195000,"eur_m2":2143,"atstumas_m":2440,"metai":2024,"sklypas":"44003000AY0022"}},{"type":"Feature","geometry":{"type":"Point","coordinates":[-1.20211,47.363414]},"properties":{"data":"2024-05-17","adresas":"477 AV DE L ECOCHERE","tipas":"namas","plotas_m2":86,"kambariai":5,"priklausiniai":0,"kaina_eur":230000,"eur_m2":2674,"atstumas_m":1849,"metai":2024,"sklypas":"44003160AH0072"}},{"type":"Feature","geometry":{"type":"Point","coordinates":[-1.174926,47.371375]},"properties":{"data":"2024-05-22","adresas":"292 BD DU DOCTEUR MOUTEL","tipas":"butas","plotas_m2":69,"kambariai":3,"priklausiniai":1,"kaina_eur":135500,"eur_m2":1964,"atstumas_m":660,"metai":2024,"sklypas":"44003000AL0139"}},{"type":"Feature","geometry":{"type":"Point","coordinates":[-1.174926,47.371375]},"properties":{"data":"2024-05-17","adresas":"292 BD DU DOCTEUR MOUTEL","tipas":"butas","plotas_m2":68,"kambariai":3,"priklausiniai":1,"kaina_eur":142000,"eur_m2":2088,"atstumas_m":660,"metai":2024,"sklypas":"44003000AL0139"}},{"type":"Feature","geometry":{"type":"Point","coordinates":[-1.19302,47.380252]},"properties":{"data":"2024-05-24","adresas":"720 RUE DE LA GILARDERIE","tipas":"namas","plotas_m2":125,"kambariai":5,"priklausiniai":1,"kaina_eur":244000,"eur_m2":1952,"atstumas_m":1976,"metai":2024,"sklypas":"44003000AP0219"}},{"type":"Feature","geometry":{"type":"Point","coordinates":[-1.180853,47.363928]},"properties":{"data":"2024-05-31","adresas":"212 RUE DES TONNELIERS","tipas":"butas","plotas_m2":225,"kambariai":5,"priklausiniai":1,"kaina_eur":270000,"eur_m2":1200,"atstumas_m":307,"metai":2024,"sklypas":"44003000BL0045"}},{"type":"Feature","geometry":{"type":"Point","coordinates":[-1.188681,47.375305]},"properties":{"data":"2024-06-03","adresas":"10 ALL PIERRE ABELARD","tipas":"butas","plotas_m2":50,"kambariai":2,"priklausiniai":1,"kaina_eur":150000,"eur_m2":3000,"atstumas_m":1338,"metai":2024,"sklypas":"44003000AN0001"}},{"type":"Feature","geometry":{"type":"Point","coordinates":[-1.201564,47.367525]},"properties":{"data":"2024-06-04","adresas":"276 BD DE BELLEVUE","tipas":"namas","plotas_m2":93,"kambariai":5,"priklausiniai":0,"kaina_eur":242000,"eur_m2":2602,"atstumas_m":1799,"metai":2024,"sklypas":"44003160AI0111"}},{"type":"Feature","geometry":{"type":"Point","coordinates":[-1.174928,47.370711]},"properties":{"data":"2024-05-31","adresas":"33 RUE DE LA CORDERIE","tipas":"namas","plotas_m2":111,"kambariai":5,"priklausiniai":1,"kaina_eur":390000,"eur_m2":3514,"atstumas_m":591,"metai":2024,"sklypas":"44003000AL0127"}},{"type":"Feature","geometry":{"type":"Point","coordinates":[-1.201997,47.367794]},"properties":{"data":"2024-06-18","adresas":"32 RUE DE COLOGNE","tipas":"namas","plotas_m2":105,"kambariai":5,"priklausiniai":0,"kaina_eur":175000,"eur_m2":1667,"atstumas_m":1835,"metai":2024,"sklypas":"44003160AI0094"}},{"type":"Feature","geometry":{"type":"Point","coordinates":[-1.17348,47.37912]},"properties":{"data":"2024-06-25","adresas":"749 RUE DU VERGER","tipas":"namas","plotas_m2":124,"kambariai":6,"priklausiniai":1,"kaina_eur":245000,"eur_m2":1976,"atstumas_m":1520,"metai":2024,"sklypas":"44003000AT0040"}},{"type":"Feature","geometry":{"type":"Point","coordinates":[-1.19024,47.376566]},"properties":{"data":"2024-06-24","adresas":"100 ALL DES COQUELICOTS","tipas":"namas","plotas_m2":74,"kambariai":4,"priklausiniai":0,"kaina_eur":154000,"eur_m2":2081,"atstumas_m":1521,"metai":2024,"sklypas":"44003000AO0124"}},{"type":"Feature","geometry":{"type":"Point","coordinates":[-1.174883,47.36642]},"properties":{"data":"2024-06-28","adresas":"9 RUE DES PECHEURS","tipas":"namas","plotas_m2":92,"kambariai":4,"priklausiniai":0,"kaina_eur":256000,"eur_m2":2783,"atstumas_m":234,"metai":2024,"sklypas":"44003000AI0075"}},{"type":"Feature","geometry":{"type":"Point","coordinates":[-1.186169,47.383921]},"properties":{"data":"2024-07-03","adresas":"218 RUE DE PROVENCE","tipas":"namas","plotas_m2":148,"kambariai":7,"priklausiniai":0,"kaina_eur":350000,"eur_m2":2365,"atstumas_m":2114,"metai":2024,"sklypas":"44003000AX0054"}},{"type":"Feature","geometry":{"type":"Point","coordinates":[-1.203054,47.382635]},"properties":{"data":"2024-06-26","adresas":"570 RUE DU CHARDONNET - ANCENIS","tipas":"namas","plotas_m2":95,"kambariai":3,"priklausiniai":0,"kaina_eur":285000,"eur_m2":3000,"atstumas_m":2671,"metai":2024,"sklypas":"44003000AZ0001"}},{"type":"Feature","geometry":{"type":"Point","coordinates":[-1.1954,47.371574]},"properties":{"data":"2024-06-28","adresas":"287 RUE DU DRAPEAU","tipas":"namas","plotas_m2":115,"kambariai":4,"priklausiniai":0,"kaina_eur":350000,"eur_m2":3043,"atstumas_m":1472,"metai":2024,"sklypas":"44003160AK0255"}},{"type":"Feature","geometry":{"type":"Point","coordinates":[-1.18293,47.381938]},"properties":{"data":"2024-07-03","adresas":"303 RUE ALFRED DE MUSSET","tipas":"namas","plotas_m2":127,"kambariai":5,"priklausiniai":0,"kaina_eur":349000,"eur_m2":2748,"atstumas_m":1839,"metai":2024,"sklypas":"44003000AS0003"}},{"type":"Feature","geometry":{"type":"Point","coordinates":[-1.186204,47.377028]},"properties":{"data":"2024-07-10","adresas":"15 BD RONSARD","tipas":"namas","plotas_m2":84,"kambariai":4,"priklausiniai":0,"kaina_eur":242000,"eur_m2":2881,"atstumas_m":1401,"metai":2024,"sklypas":"44003000AN0220"}},{"type":"Feature","geometry":{"type":"Point","coordinates":[-1.177896,47.368031]},"properties":{"data":"2024-07-12","adresas":"389 BD LEON SECHE","tipas":"namas","plotas_m2":97,"kambariai":4,"priklausiniai":0,"kaina_eur":290900,"eur_m2":2999,"atstumas_m":250,"metai":2024,"sklypas":"44003000BK0100"}},{"type":"Feature","geometry":{"type":"Point","coordinates":[-1.184279,47.383249]},"properties":{"data":"2024-07-22","adresas":"62 RUE DE PROVENCE","tipas":"namas","plotas_m2":89,"kambariai":3,"priklausiniai":1,"kaina_eur":230000,"eur_m2":2584,"atstumas_m":2004,"metai":2024,"sklypas":"44003000AX0074"}},{"type":"Feature","geometry":{"type":"Point","coordinates":[-1.201603,47.365887]},"properties":{"data":"2024-07-29","adresas":"317 BD DES AIRENNES","tipas":"namas","plotas_m2":98,"kambariai":5,"priklausiniai":1,"kaina_eur":140000,"eur_m2":1429,"atstumas_m":1792,"metai":2024,"sklypas":"44003160AP0130"}},{"type":"Feature","geometry":{"type":"Point","coordinates":[-1.20554,47.368511]},"properties":{"data":"2024-07-29","adresas":"544 AV DU MORTIER","tipas":"namas","plotas_m2":91,"kambariai":4,"priklausiniai":0,"kaina_eur":180000,"eur_m2":1978,"atstumas_m":2110,"metai":2024,"sklypas":"44003160AI0039"}},{"type":"Feature","geometry":{"type":"Point","coordinates":[-1.179758,47.364344]},"properties":{"data":"2024-08-09","adresas":"47 RUE DU 64EME RI","tipas":"namas","plotas_m2":68,"kambariai":3,"priklausiniai":0,"kaina_eur":172000,"eur_m2":2529,"atstumas_m":216,"metai":2024,"sklypas":"44003000AD0080"}},{"type":"Feature","geometry":{"type":"Point","coordinates":[-1.180402,47.379655]},"properties":{"data":"2024-08-09","adresas":"53 RUE ALPHONSE DE LAMARTINE","tipas":"namas","plotas_m2":88,"kambariai":5,"priklausiniai":0,"kaina_eur":200000,"eur_m2":2273,"atstumas_m":1556,"metai":2024,"sklypas":"44003000AS0127"}},{"type":"Feature","geometry":{"type":"Point","coordinates":[-1.197045,47.370884]},"properties":{"data":"2024-08-20","adresas":"154 RUE DU DRAPEAU","tipas":"namas","plotas_m2":77,"kambariai":4,"priklausiniai":0,"kaina_eur":280000,"eur_m2":3636,"atstumas_m":1555,"metai":2024,"sklypas":"44003160AK0100"}},{"type":"Feature","geometry":{"type":"Point","coordinates":[-1.210896,47.363227]},"properties":{"data":"2024-08-30","adresas":"LES BRULIS","tipas":"namas","plotas_m2":107,"kambariai":4,"priklausiniai":0,"kaina_eur":375000,"eur_m2":3505,"atstumas_m":2509,"metai":2024,"sklypas":"44003160AR0189"}},{"type":"Feature","geometry":{"type":"Point","coordinates":[-1.183497,47.373266]},"properties":{"data":"2024-08-30","adresas":"132 RUE DU BARON GEOFFROY","tipas":"namas","plotas_m2":111,"kambariai":6,"priklausiniai":0,"kaina_eur":100000,"eur_m2":901,"atstumas_m":936,"metai":2024,"sklypas":"44003000BH0055"}},{"type":"Feature","geometry":{"type":"Point","coordinates":[-1.174913,47.366875]},"properties":{"data":"2024-09-05","adresas":"61 RUE DES PECHEURS","tipas":"namas","plotas_m2":45,"kambariai":2,"priklausiniai":0,"kaina_eur":190000,"eur_m2":4222,"atstumas_m":252,"metai":2024,"sklypas":"44003000AI0051"}},{"type":"Feature","geometry":{"type":"Point","coordinates":[-1.188318,47.367905]},"properties":{"data":"2024-09-10","adresas":"231 IMP BLAISE PASCAL - ST GEREON","tipas":"namas","plotas_m2":96,"kambariai":3,"priklausiniai":0,"kaina_eur":330000,"eur_m2":3438,"atstumas_m":824,"metai":2024,"sklypas":"44003160AN0269"}},{"type":"Feature","geometry":{"type":"Point","coordinates":[-1.184825,47.370063]},"properties":{"data":"2024-09-06","adresas":"309 RUE DU SALVANET","tipas":"namas","plotas_m2":72,"kambariai":4,"priklausiniai":1,"kaina_eur":170000,"eur_m2":2361,"atstumas_m":710,"metai":2024,"sklypas":"44003000AK0032"}},{"type":"Feature","geometry":{"type":"Point","coordinates":[-1.212198,47.366755]},"properties":{"data":"2024-09-16","adresas":"66 AV DU BEL ORIENT","tipas":"namas","plotas_m2":88,"kambariai":5,"priklausiniai":0,"kaina_eur":206535,"eur_m2":2347,"atstumas_m":2593,"metai":2024,"sklypas":"44003160AE0126"}},{"type":"Feature","geometry":{"type":"Point","coordinates":[-1.202723,47.382863]},"properties":{"data":"2024-09-20","adresas":"57 VEN DES HOUX","tipas":"namas","plotas_m2":109,"kambariai":6,"priklausiniai":0,"kaina_eur":260000,"eur_m2":2385,"atstumas_m":2671,"metai":2024,"sklypas":"44003000AZ0008"}},{"type":"Feature","geometry":{"type":"Point","coordinates":[-1.184838,47.377166]},"properties":{"data":"2024-09-27","adresas":"277 BD MADAME DE SEVIGNE","tipas":"namas","plotas_m2":107,"kambariai":4,"priklausiniai":0,"kaina_eur":260000,"eur_m2":2430,"atstumas_m":1372,"metai":2024,"sklypas":"44003000AN0214"}},{"type":"Feature","geometry":{"type":"Point","coordinates":[-1.198222,47.368581]},"properties":{"data":"2024-09-26","adresas":"24 RUE DES VIGNES","tipas":"butas","plotas_m2":46,"kambariai":2,"priklausiniai":1,"kaina_eur":170000,"eur_m2":3696,"atstumas_m":1568,"metai":2024,"sklypas":"44003160AL0391"}},{"type":"Feature","geometry":{"type":"Point","coordinates":[-1.201531,47.36317]},"properties":{"data":"2024-09-04","adresas":"9002 LA VALLEE","tipas":"namas","plotas_m2":130,"kambariai":6,"priklausiniai":1,"kaina_eur":319900,"eur_m2":2461,"atstumas_m":1810,"metai":2024,"sklypas":"44003160AH0150"}},{"type":"Feature","geometry":{"type":"Point","coordinates":[-1.188605,47.380668]},"properties":{"data":"2024-09-27","adresas":"23 IMP ANNA DE NOAILLES","tipas":"namas","plotas_m2":117,"kambariai":5,"priklausiniai":0,"kaina_eur":290000,"eur_m2":2479,"atstumas_m":1845,"metai":2024,"sklypas":"44003000AP0181"}},{"type":"Feature","geometry":{"type":"Point","coordinates":[-1.177009,47.367505]},"properties":{"data":"2024-10-04","adresas":"155 AV ROBERT SCHUMAN","tipas":"butas","plotas_m2":77,"kambariai":4,"priklausiniai":1,"kaina_eur":155800,"eur_m2":2023,"atstumas_m":201,"metai":2024,"sklypas":"44003000BK0090"}},{"type":"Feature","geometry":{"type":"Point","coordinates":[-1.188851,47.379277]},"properties":{"data":"2024-09-20","adresas":"32 RUE MARIE NOEL","tipas":"namas","plotas_m2":78,"kambariai":4,"priklausiniai":0,"kaina_eur":113500,"eur_m2":1455,"atstumas_m":1716,"metai":2024,"sklypas":"44003000AP0215"}},{"type":"Feature","geometry":{"type":"Point","coordinates":[-1.174926,47.371375]},"properties":{"data":"2024-09-06","adresas":"292 BD DU DOCTEUR MOUTEL","tipas":"butas","plotas_m2":85,"kambariai":4,"priklausiniai":1,"kaina_eur":154000,"eur_m2":1812,"atstumas_m":660,"metai":2024,"sklypas":"44003000AL0139"}},{"type":"Feature","geometry":{"type":"Point","coordinates":[-1.174592,47.366018]},"properties":{"data":"2024-10-08","adresas":"11 RUE SAINT PAUL","tipas":"namas","plotas_m2":80,"kambariai":4,"priklausiniai":0,"kaina_eur":275000,"eur_m2":3438,"atstumas_m":246,"metai":2024,"sklypas":"44003000BC0040"}},{"type":"Feature","geometry":{"type":"Point","coordinates":[-1.204896,47.369655]},"properties":{"data":"2024-10-22","adresas":"309 RUE DU CLOS MARTIN","tipas":"namas","plotas_m2":68,"kambariai":4,"priklausiniai":0,"kaina_eur":224000,"eur_m2":3294,"atstumas_m":2085,"metai":2024,"sklypas":"44003160AI0045"}},{"type":"Feature","geometry":{"type":"Point","coordinates":[-1.191286,47.381318]},"properties":{"data":"2024-10-07","adresas":"234 RUE JEAN FOLLAIN","tipas":"namas","plotas_m2":130,"kambariai":7,"priklausiniai":0,"kaina_eur":320000,"eur_m2":2462,"atstumas_m":2004,"metai":2024,"sklypas":"44003000AP0076"}},{"type":"Feature","geometry":{"type":"Point","coordinates":[-1.174926,47.371375]},"properties":{"data":"2024-10-18","adresas":"292 BD DU DOCTEUR MOUTEL","tipas":"butas","plotas_m2":85,"kambariai":4,"priklausiniai":1,"kaina_eur":148500,"eur_m2":1747,"atstumas_m":660,"metai":2024,"sklypas":"44003000AL0139"}},{"type":"Feature","geometry":{"type":"Point","coordinates":[-1.179259,47.370675]},"properties":{"data":"2024-10-16","adresas":"215 AV FRANCIS ROBERT","tipas":"butas","plotas_m2":90,"kambariai":4,"priklausiniai":1,"kaina_eur":326150,"eur_m2":3624,"atstumas_m":555,"metai":2024,"sklypas":"44003000BH0160"}},{"type":"Feature","geometry":{"type":"Point","coordinates":[-1.221132,47.361875]},"properties":{"data":"2024-10-16","adresas":"5286 LES PIERRES MESLIERES","tipas":"namas","plotas_m2":117,"kambariai":6,"priklausiniai":0,"kaina_eur":260000,"eur_m2":2222,"atstumas_m":3293,"metai":2024,"sklypas":"440031600D1130"}},{"type":"Feature","geometry":{"type":"Point","coordinates":[-1.19273,47.378979]},"properties":{"data":"2024-10-21","adresas":"174 PL DES VIGNERONS - ANCENIS","tipas":"namas","plotas_m2":73,"kambariai":3,"priklausiniai":0,"kaina_eur":240000,"eur_m2":3288,"atstumas_m":1849,"metai":2024,"sklypas":"44003000BD0082"}},{"type":"Feature","geometry":{"type":"Point","coordinates":[-1.202035,47.362845]},"properties":{"data":"2024-10-25","adresas":"521 AV DE L ECOCHERE","tipas":"namas","plotas_m2":75,"kambariai":5,"priklausiniai":0,"kaina_eur":225000,"eur_m2":3000,"atstumas_m":1853,"metai":2024,"sklypas":"44003160AH0079"}},{"type":"Feature","geometry":{"type":"Point","coordinates":[-1.190412,47.379183]},"properties":{"data":"2024-10-31","adresas":"127 RUE MARIE NOEL","tipas":"namas","plotas_m2":124,"kambariai":7,"priklausiniai":0,"kaina_eur":336200,"eur_m2":2711,"atstumas_m":1767,"metai":2024,"sklypas":"44003000AP0118"}},{"type":"Feature","geometry":{"type":"Point","coordinates":[-1.188681,47.375305]},"properties":{"data":"2024-10-22","adresas":"16 ALL PIERRE ABELARD","tipas":"butas","plotas_m2":50,"kambariai":2,"priklausiniai":1,"kaina_eur":137000,"eur_m2":2740,"atstumas_m":1338,"metai":2024,"sklypas":"44003000AN0001"}},{"type":"Feature","geometry":{"type":"Point","coordinates":[-1.215099,47.388416]},"properties":{"data":"2024-10-29","adresas":"9002 LA GUERE","tipas":"namas","plotas_m2":102,"kambariai":3,"priklausiniai":0,"kaina_eur":350000,"eur_m2":3431,"atstumas_m":3773,"metai":2024,"sklypas":"440030000A0111"}},{"type":"Feature","geometry":{"type":"Point","coordinates":[-1.183306,47.364099]},"properties":{"data":"2024-11-12","adresas":"195 RUE DU GENERAL LECLERC","tipas":"namas","plotas_m2":462,"kambariai":9,"priklausiniai":0,"kaina_eur":595000,"eur_m2":1288,"atstumas_m":453,"metai":2024,"sklypas":"44003000BI0042"}},{"type":"Feature","geometry":{"type":"Point","coordinates":[-1.197409,47.364533]},"properties":{"data":"2024-11-27","adresas":"91 RUE DE BELPHAGET","tipas":"namas","plotas_m2":51,"kambariai":2,"priklausiniai":0,"kaina_eur":50000,"eur_m2":980,"atstumas_m":1482,"metai":2024,"sklypas":"44003160AO0179"}},{"type":"Feature","geometry":{"type":"Point","coordinates":[-1.197133,47.364693]},"properties":{"data":"2024-11-27","adresas":"85 RUE DE BELPHAGET","tipas":"namas","plotas_m2":72,"kambariai":4,"priklausiniai":1,"kaina_eur":135000,"eur_m2":1875,"atstumas_m":1460,"metai":2024,"sklypas":"44003160AO0195"}},{"type":"Feature","geometry":{"type":"Point","coordinates":[-1.190863,47.367224]},"properties":{"data":"2024-11-15","adresas":"106 IMP REMY BELLEAU","tipas":"namas","plotas_m2":85,"kambariai":4,"priklausiniai":0,"kaina_eur":205000,"eur_m2":2412,"atstumas_m":995,"metai":2024,"sklypas":"44003160AN0273"}},{"type":"Feature","geometry":{"type":"Point","coordinates":[-1.21071,47.367365]},"properties":{"data":"2024-12-09","adresas":"1020 BD DES AIRENNES","tipas":"namas","plotas_m2":99,"kambariai":4,"priklausiniai":0,"kaina_eur":257000,"eur_m2":2596,"atstumas_m":2485,"metai":2024,"sklypas":"44003160AE0271"}},{"type":"Feature","geometry":{"type":"Point","coordinates":[-1.197296,47.364683]},"properties":{"data":"2024-12-02","adresas":"81 RUE DE BELPHAGET","tipas":"namas","plotas_m2":119,"kambariai":4,"priklausiniai":1,"kaina_eur":155000,"eur_m2":1303,"atstumas_m":1472,"metai":2024,"sklypas":"44003160AO0189"}},{"type":"Feature","geometry":{"type":"Point","coordinates":[-1.175711,47.36956]},"properties":{"data":"2024-12-05","adresas":"181 AV DE LA LIBERATION","tipas":"namas","plotas_m2":114,"kambariai":6,"priklausiniai":1,"kaina_eur":111737,"eur_m2":980,"atstumas_m":450,"metai":2024,"sklypas":"44003000AI0022"}},{"type":"Feature","geometry":{"type":"Point","coordinates":[-1.117829,47.369756]},"properties":{"data":"2024-11-25","adresas":"9002 ILE KERGUELIN","tipas":"namas","plotas_m2":48,"kambariai":3,"priklausiniai":0,"kaina_eur":490000,"eur_m2":10208,"atstumas_m":4546,"metai":2024,"sklypas":"440030000Y0057"}},{"type":"Feature","geometry":{"type":"Point","coordinates":[-1.208502,47.368285]},"properties":{"data":"2024-11-26","adresas":"767 AV DU MORTIER","tipas":"namas","plotas_m2":66,"kambariai":4,"priklausiniai":0,"kaina_eur":150000,"eur_m2":2273,"atstumas_m":2329,"metai":2024,"sklypas":"44003160AE0052"}},{"type":"Feature","geometry":{"type":"Point","coordinates":[-1.192818,47.371548]},"properties":{"data":"2024-12-13","adresas":"101 RUE DES CLEMATITES","tipas":"namas","plotas_m2":189,"kambariai":5,"priklausiniai":0,"kaina_eur":490000,"eur_m2":2593,"atstumas_m":1299,"metai":2024,"sklypas":"44003160AM0248"}},{"type":"Feature","geometry":{"type":"Point","coordinates":[-1.1953,47.382476]},"properties":{"data":"2024-12-13","adresas":"98 IMP JEAN MAZUET","tipas":"namas","plotas_m2":78,"kambariai":4,"priklausiniai":0,"kaina_eur":230000,"eur_m2":2949,"atstumas_m":2277,"metai":2024,"sklypas":"44003000AP0003"}},{"type":"Feature","geometry":{"type":"Point","coordinates":[-1.177009,47.367505]},"properties":{"data":"2024-12-10","adresas":"171 AV ROBERT SCHUMAN","tipas":"butas","plotas_m2":88,"kambariai":5,"priklausiniai":1,"kaina_eur":188000,"eur_m2":2136,"atstumas_m":201,"metai":2024,"sklypas":"44003000BK0090"}},{"type":"Feature","geometry":{"type":"Point","coordinates":[-1.205577,47.368884]},"properties":{"data":"2024-12-13","adresas":"51 IMP DES RAMEES","tipas":"namas","plotas_m2":92,"kambariai":6,"priklausiniai":1,"kaina_eur":275000,"eur_m2":2989,"atstumas_m":2120,"metai":2024,"sklypas":"44003160AI0041"}},{"type":"Feature","geometry":{"type":"Point","coordinates":[-1.180524,47.381384]},"properties":{"data":"2024-11-25","adresas":"16 RUE ALFRED DE VIGNY","tipas":"namas","plotas_m2":74,"kambariai":4,"priklausiniai":0,"kaina_eur":196000,"eur_m2":2649,"atstumas_m":1748,"metai":2024,"sklypas":"44003000AS0074"}},{"type":"Feature","geometry":{"type":"Point","coordinates":[-1.179389,47.371908]},"properties":{"data":"2024-12-17","adresas":"13 RUE DES GRANDS CHAMPS","tipas":"butas","plotas_m2":55,"kambariai":2,"priklausiniai":0,"kaina_eur":124000,"eur_m2":2255,"atstumas_m":691,"metai":2024,"sklypas":"44003000BH0166"}},{"type":"Feature","geometry":{"type":"Point","coordinates":[-1.198311,47.36846]},"properties":{"data":"2024-12-17","adresas":"96 RUE ABBE PIERRE CAHIER","tipas":"butas","plotas_m2":45,"kambariai":4,"priklausiniai":1,"kaina_eur":180000,"eur_m2":4000,"atstumas_m":1572,"metai":2024,"sklypas":"44003160AL0349"}},{"type":"Feature","geometry":{"type":"Point","coordinates":[-1.179691,47.364348]},"properties":{"data":"2024-12-17","adresas":"39 RUE DU 64EME RI","tipas":"namas","plotas_m2":70,"kambariai":3,"priklausiniai":1,"kaina_eur":178000,"eur_m2":2543,"atstumas_m":212,"metai":2024,"sklypas":"44003000AD0081"}},{"type":"Feature","geometry":{"type":"Point","coordinates":[-1.207682,47.368794]},"properties":{"data":"2024-12-26","adresas":"229 AV DE LA ROUGEAUDIERE","tipas":"namas","plotas_m2":70,"kambariai":5,"priklausiniai":0,"kaina_eur":170000,"eur_m2":2429,"atstumas_m":2275,"metai":2024,"sklypas":"44003160AI0031"}},{"type":"Feature","geometry":{"type":"Point","coordinates":[-1.197799,47.370656]},"properties":{"data":"2024-12-20","adresas":"74 RUE DU DRAPEAU","tipas":"namas","plotas_m2":94,"kambariai":5,"priklausiniai":0,"kaina_eur":220000,"eur_m2":2340,"atstumas_m":1600,"metai":2024,"sklypas":"44003160AK0108"}},{"type":"Feature","geometry":{"type":"Point","coordinates":[-1.199068,47.362596]},"properties":{"data":"2024-12-19","adresas":"86 BREBION","tipas":"namas","plotas_m2":62,"kambariai":2,"priklausiniai":1,"kaina_eur":140000,"eur_m2":2258,"atstumas_m":1639,"metai":2024,"sklypas":"44003160AP0054"}},{"type":"Feature","geometry":{"type":"Point","coordinates":[-1.195378,47.365227]},"properties":{"data":"2024-12-19","adresas":"132 AV DU PONT DE BIAIS","tipas":"namas","plotas_m2":136,"kambariai":4,"priklausiniai":0,"kaina_eur":240000,"eur_m2":1765,"atstumas_m":1324,"metai":2024,"sklypas":"44003160AO0011"}},{"type":"Feature","geometry":{"type":"Point","coordinates":[-1.207044,47.367626]},"properties":{"data":"2024-12-13","adresas":"184 RUE VICTOR HUGO","tipas":"namas","plotas_m2":79,"kambariai":3,"priklausiniai":0,"kaina_eur":170200,"eur_m2":2154,"atstumas_m":2211,"metai":2024,"sklypas":"44003160AI0359"}},{"type":"Feature","geometry":{"type":"Point","coordinates":[-1.178792,47.363707]},"properties":{"data":"2025-01-03","adresas":"25 RUE DU GRIFFON","tipas":"butas","plotas_m2":72,"kambariai":3,"priklausiniai":1,"kaina_eur":147000,"eur_m2":2042,"atstumas_m":242,"metai":2025,"sklypas":"44003000BL0085"}},{"type":"Feature","geometry":{"type":"Point","coordinates":[-1.179998,47.363861]},"properties":{"data":"2025-01-07","adresas":"144 RUE DES TONNELIERS","tipas":"butas","plotas_m2":92,"kambariai":5,"priklausiniai":0,"kaina_eur":115000,"eur_m2":1250,"atstumas_m":269,"metai":2025,"sklypas":"44003000BL0064"}},{"type":"Feature","geometry":{"type":"Point","coordinates":[-1.176207,47.365509]},"properties":{"data":"2025-01-14","adresas":"78 RUE DES QUAIS","tipas":"butas","plotas_m2":40,"kambariai":2,"priklausiniai":0,"kaina_eur":61000,"eur_m2":1525,"atstumas_m":127,"metai":2025,"sklypas":"44003000BC0081"}},{"type":"Feature","geometry":{"type":"Point","coordinates":[-1.175201,47.3657]},"properties":{"data":"2025-01-24","adresas":"63 RUE SAINT PAUL","tipas":"namas","plotas_m2":113,"kambariai":4,"priklausiniai":0,"kaina_eur":185000,"eur_m2":1637,"atstumas_m":199,"metai":2025,"sklypas":"44003000BC0050"}},{"type":"Feature","geometry":{"type":"Point","coordinates":[-1.181845,47.377148]},"properties":{"data":"2025-01-29","adresas":"41 BD MADAME DE SEVIGNE","tipas":"namas","plotas_m2":110,"kambariai":5,"priklausiniai":0,"kaina_eur":227000,"eur_m2":2064,"atstumas_m":1300,"metai":2025,"sklypas":"44003000AN0202"}},{"type":"Feature","geometry":{"type":"Point","coordinates":[-1.182472,47.370943]},"properties":{"data":"2025-02-05","adresas":"47 RUE AUDIGANNE","tipas":"namas","plotas_m2":150,"kambariai":5,"priklausiniai":0,"kaina_eur":418000,"eur_m2":2787,"atstumas_m":672,"metai":2025,"sklypas":"44003000BH0076"}},{"type":"Feature","geometry":{"type":"Point","coordinates":[-1.185204,47.374431]},"properties":{"data":"2025-02-19","adresas":"9010 RUE DU PRESSOIR ROUGE","tipas":"namas","plotas_m2":120,"kambariai":6,"priklausiniai":1,"kaina_eur":170000,"eur_m2":1417,"atstumas_m":1111,"metai":2025,"sklypas":"44003000AN0249"}},{"type":"Feature","geometry":{"type":"Point","coordinates":[-1.206006,47.366347]},"properties":{"data":"2025-01-29","adresas":"631 BD DES AIRENNES","tipas":"namas","plotas_m2":120,"kambariai":7,"priklausiniai":0,"kaina_eur":260000,"eur_m2":2167,"atstumas_m":2125,"metai":2025,"sklypas":"44003160AH0206"}},{"type":"Feature","geometry":{"type":"Point","coordinates":[-1.189548,47.381037]},"properties":{"data":"2025-02-13","adresas":"72 RUE EUGENE GUILLEVIC","tipas":"namas","plotas_m2":117,"kambariai":7,"priklausiniai":0,"kaina_eur":260000,"eur_m2":2222,"atstumas_m":1914,"metai":2025,"sklypas":"44003000AP0175"}},{"type":"Feature","geometry":{"type":"Point","coordinates":[-1.187823,47.374729]},"properties":{"data":"2025-02-26","adresas":"129 BD MAGIRESTI","tipas":"namas","plotas_m2":182,"kambariai":5,"priklausiniai":0,"kaina_eur":353500,"eur_m2":1942,"atstumas_m":1248,"metai":2025,"sklypas":"44003000AN0022"}},{"type":"Feature","geometry":{"type":"Point","coordinates":[-1.190131,47.363948]},"properties":{"data":"2025-02-28","adresas":"85 COUR DE L HORLOGE","tipas":"butas","plotas_m2":56,"kambariai":2,"priklausiniai":1,"kaina_eur":150000,"eur_m2":2679,"atstumas_m":949,"metai":2025,"sklypas":"44003000BI0016"}},{"type":"Feature","geometry":{"type":"Point","coordinates":[-1.18783,47.375541]},"properties":{"data":"2025-02-18","adresas":"69 RUE DE LA GILARDERIE","tipas":"butas","plotas_m2":70,"kambariai":3,"priklausiniai":2,"kaina_eur":275000,"eur_m2":3929,"atstumas_m":1322,"metai":2025,"sklypas":"44003000AN0007"}},{"type":"Feature","geometry":{"type":"Point","coordinates":[-1.204977,47.366871]},"properties":{"data":"2025-02-20","adresas":"566 BD DES AIRENNES","tipas":"namas","plotas_m2":65,"kambariai":2,"priklausiniai":1,"kaina_eur":160000,"eur_m2":2462,"atstumas_m":2050,"metai":2025,"sklypas":"44003160AI0196"}},{"type":"Feature","geometry":{"type":"Point","coordinates":[-1.181995,47.364577]},"properties":{"data":"2025-02-18","adresas":"98 RUE DU GENERAL LECLERC","tipas":"butas","plotas_m2":200,"kambariai":6,"priklausiniai":1,"kaina_eur":365000,"eur_m2":1825,"atstumas_m":341,"metai":2025,"sklypas":"44003000AE0080"}},{"type":"Feature","geometry":{"type":"Point","coordinates":[-1.18783,47.375541]},"properties":{"data":"2025-02-26","adresas":"69 RUE DE LA GILARDERIE","tipas":"butas","plotas_m2":63,"kambariai":3,"priklausiniai":2,"kaina_eur":265000,"eur_m2":4206,"atstumas_m":1322,"metai":2025,"sklypas":"44003000AN0007"}},{"type":"Feature","geometry":{"type":"Point","coordinates":[-1.178166,47.366948]},"properties":{"data":"2025-02-21","adresas":"31 IMP BAREME","tipas":"butas","plotas_m2":29,"kambariai":2,"priklausiniai":1,"kaina_eur":95000,"eur_m2":3276,"atstumas_m":132,"metai":2025,"sklypas":"44003000BK0073"}},{"type":"Feature","geometry":{"type":"Point","coordinates":[-1.192209,47.368669]},"properties":{"data":"2025-03-03","adresas":"300 RUE DES BOULEAUX","tipas":"namas","plotas_m2":96,"kambariai":5,"priklausiniai":0,"kaina_eur":240000,"eur_m2":2500,"atstumas_m":1130,"metai":2025,"sklypas":"44003160AL0112"}},{"type":"Feature","geometry":{"type":"Point","coordinates":[-1.179978,47.365513]},"properties":{"data":"2025-02-28","adresas":"9002 RUE TARTIFUME","tipas":"namas","plotas_m2":66,"kambariai":4,"priklausiniai":1,"kaina_eur":263750,"eur_m2":3996,"atstumas_m":164,"metai":2025,"sklypas":"44003000BE0060"}},{"type":"Feature","geometry":{"type":"Point","coordinates":[-1.190131,47.363948]},"properties":{"data":"2025-02-26","adresas":"77 COUR DE L HORLOGE","tipas":"butas","plotas_m2":47,"kambariai":2,"priklausiniai":1,"kaina_eur":148500,"eur_m2":3160,"atstumas_m":949,"metai":2025,"sklypas":"44003000BI0016"}},{"type":"Feature","geometry":{"type":"Point","coordinates":[-1.182163,47.369654]},"properties":{"data":"2025-03-14","adresas":"325 RUE LAMORICIERE","tipas":"namas","plotas_m2":90,"kambariai":5,"priklausiniai":0,"kaina_eur":282000,"eur_m2":3133,"atstumas_m":540,"metai":2025,"sklypas":"44003000AK0070"}},{"type":"Feature","geometry":{"type":"Point","coordinates":[-1.183804,47.369546]},"properties":{"data":"2025-03-18","adresas":"137 RUE DU MARECHAL DE RIEUX","tipas":"namas","plotas_m2":111,"kambariai":5,"priklausiniai":0,"kaina_eur":250000,"eur_m2":2252,"atstumas_m":614,"metai":2025,"sklypas":"44003000AK0081"}},{"type":"Feature","geometry":{"type":"Point","coordinates":[-1.192171,47.386815]},"properties":{"data":"2025-03-14","adresas":"129 RUE D ARMOR","tipas":"namas","plotas_m2":131,"kambariai":4,"priklausiniai":0,"kaina_eur":346000,"eur_m2":2641,"atstumas_m":2578,"metai":2025,"sklypas":"44003000AZ0164"}},{"type":"Feature","geometry":{"type":"Point","coordinates":[-1.189984,47.36708]},"properties":{"data":"2025-03-24","adresas":"86 RUE BLAISE PASCAL - ST GEREON","tipas":"namas","plotas_m2":125,"kambariai":6,"priklausiniai":1,"kaina_eur":340000,"eur_m2":2720,"atstumas_m":927,"metai":2025,"sklypas":"44003160AN0212"}},{"type":"Feature","geometry":{"type":"Point","coordinates":[-1.190131,47.363948]},"properties":{"data":"2025-03-28","adresas":"101 COUR DE L HORLOGE","tipas":"butas","plotas_m2":72,"kambariai":3,"priklausiniai":1,"kaina_eur":195000,"eur_m2":2708,"atstumas_m":949,"metai":2025,"sklypas":"44003000BI0016"}},{"type":"Feature","geometry":{"type":"Point","coordinates":[-1.195561,47.367227]},"properties":{"data":"2025-03-29","adresas":"246 RUE DU PRE HAUSSE","tipas":"namas","plotas_m2":262,"kambariai":8,"priklausiniai":1,"kaina_eur":445000,"eur_m2":1698,"atstumas_m":1346,"metai":2025,"sklypas":"44003160AL0367"}},{"type":"Feature","geometry":{"type":"Point","coordinates":[-1.195717,47.383927]},"properties":{"data":"2025-03-29","adresas":"135 RUE DU BEARN","tipas":"namas","plotas_m2":90,"kambariai":4,"priklausiniai":1,"kaina_eur":315000,"eur_m2":3500,"atstumas_m":2428,"metai":2025,"sklypas":"44003000AY0043"}},{"type":"Feature","geometry":{"type":"Point","coordinates":[-1.181055,47.382517]},"properties":{"data":"2025-03-26","adresas":"631 BD JULES VERNE","tipas":"namas","plotas_m2":77,"kambariai":4,"priklausiniai":0,"kaina_eur":190000,"eur_m2":2468,"atstumas_m":1878,"metai":2025,"sklypas":"44003000AS0056"}},{"type":"Feature","geometry":{"type":"Point","coordinates":[-1.199055,47.364044]},"properties":{"data":"2025-03-14","adresas":"24 IMP ERIC TABARLY","tipas":"namas","plotas_m2":121,"kambariai":5,"priklausiniai":0,"kaina_eur":240000,"eur_m2":1983,"atstumas_m":1611,"metai":2025,"sklypas":"44003160AP0176"}},{"type":"Feature","geometry":{"type":"Point","coordinates":[-1.192797,47.370525]},"properties":{"data":"2025-03-28","adresas":"432 RUE DES MAITRES","tipas":"namas","plotas_m2":65,"kambariai":4,"priklausiniai":0,"kaina_eur":180000,"eur_m2":2769,"atstumas_m":1245,"metai":2025,"sklypas":"44003160AM0164"}},{"type":"Feature","geometry":{"type":"Point","coordinates":[-1.186361,47.370289]},"properties":{"data":"2025-03-26","adresas":"529 RUE RENE URIEN","tipas":"namas","plotas_m2":111,"kambariai":5,"priklausiniai":0,"kaina_eur":387500,"eur_m2":3491,"atstumas_m":815,"metai":2025,"sklypas":"44003000AK0005"}},{"type":"Feature","geometry":{"type":"Point","coordinates":[-1.191048,47.371899]},"properties":{"data":"2025-03-31","adresas":"236 RUE DES GASTINELLERIES","tipas":"namas","plotas_m2":125,"kambariai":4,"priklausiniai":0,"kaina_eur":360000,"eur_m2":2880,"atstumas_m":1206,"metai":2025,"sklypas":"44003160AM0250"}},{"type":"Feature","geometry":{"type":"Point","coordinates":[-1.197955,47.363483]},"properties":{"data":"2025-04-10","adresas":"124 RUE PAUL-EMILE VICTOR","tipas":"namas","plotas_m2":98,"kambariai":4,"priklausiniai":0,"kaina_eur":334900,"eur_m2":3417,"atstumas_m":1538,"metai":2025,"sklypas":"44003160AP0246"}},{"type":"Feature","geometry":{"type":"Point","coordinates":[-1.193326,47.366293]},"properties":{"data":"2025-03-25","adresas":"13 PL DU PETIT MOULIN","tipas":"namas","plotas_m2":58,"kambariai":2,"priklausiniai":1,"kaina_eur":102000,"eur_m2":1759,"atstumas_m":1169,"metai":2025,"sklypas":"44003160AN0013"}},{"type":"Feature","geometry":{"type":"Point","coordinates":[-1.177228,47.374787]},"properties":{"data":"2025-04-03","adresas":"192 RUE DES BOUVREUILS","tipas":"namas","plotas_m2":106,"kambariai":5,"priklausiniai":0,"kaina_eur":210000,"eur_m2":1981,"atstumas_m":1003,"metai":2025,"sklypas":"44003000AM0030"}},{"type":"Feature","geometry":{"type":"Point","coordinates":[-1.190131,47.363948]},"properties":{"data":"2025-04-25","adresas":"85 COUR DE L HORLOGE","tipas":"butas","plotas_m2":96,"kambariai":4,"priklausiniai":1,"kaina_eur":290000,"eur_m2":3021,"atstumas_m":949,"metai":2025,"sklypas":"44003000BI0016"}},{"type":"Feature","geometry":{"type":"Point","coordinates":[-1.181704,47.369512]},"properties":{"data":"2025-04-25","adresas":"316 RUE LAMORICIERE","tipas":"namas","plotas_m2":110,"kambariai":4,"priklausiniai":1,"kaina_eur":175000,"eur_m2":1591,"atstumas_m":507,"metai":2025,"sklypas":"44003000AK0111"}},{"type":"Feature","geometry":{"type":"Point","coordinates":[-1.185018,47.365106]},"properties":{"data":"2025-04-24","adresas":"160 RUE SAINT FIACRE","tipas":"butas","plotas_m2":108,"kambariai":4,"priklausiniai":3,"kaina_eur":323000,"eur_m2":2991,"atstumas_m":546,"metai":2025,"sklypas":"44003000AE0021"}},{"type":"Feature","geometry":{"type":"Point","coordinates":[-1.190651,47.364681]},"properties":{"data":"2025-05-20","adresas":"129 COUR DE L HORLOGE","tipas":"butas","plotas_m2":90,"kambariai":4,"priklausiniai":2,"kaina_eur":170000,"eur_m2":1889,"atstumas_m":974,"metai":2025,"sklypas":"44003000BI0007"}},{"type":"Feature","geometry":{"type":"Point","coordinates":[-1.176262,47.365262]},"properties":{"data":"2025-05-27","adresas":"75 RUE DES QUAIS","tipas":"namas","plotas_m2":110,"kambariai":4,"priklausiniai":0,"kaina_eur":275000,"eur_m2":2500,"atstumas_m":133,"metai":2025,"sklypas":"44003000BC0095"}},{"type":"Feature","geometry":{"type":"Point","coordinates":[-1.18147,47.380634]},"properties":{"data":"2025-05-21","adresas":"81 RUE ANDRE CHENIER","tipas":"namas","plotas_m2":76,"kambariai":3,"priklausiniai":0,"kaina_eur":210000,"eur_m2":2763,"atstumas_m":1675,"metai":2025,"sklypas":"44003000AS0105"}},{"type":"Feature","geometry":{"type":"Point","coordinates":[-1.181461,47.364021]},"properties":{"data":"2025-05-27","adresas":"258 RUE DES TONNELIERS","tipas":"namas","plotas_m2":180,"kambariai":5,"priklausiniai":0,"kaina_eur":360000,"eur_m2":2000,"atstumas_m":336,"metai":2025,"sklypas":"44003000BL0028"}},{"type":"Feature","geometry":{"type":"Point","coordinates":[-1.18783,47.375541]},"properties":{"data":"2025-06-03","adresas":"69 RUE DE LA GILARDERIE","tipas":"butas","plotas_m2":70,"kambariai":3,"priklausiniai":1,"kaina_eur":255000,"eur_m2":3643,"atstumas_m":1322,"metai":2025,"sklypas":"44003000AN0007"}},{"type":"Feature","geometry":{"type":"Point","coordinates":[-1.199858,47.365533]},"properties":{"data":"2025-05-19","adresas":"173 BD DES AIRENNES","tipas":"namas","plotas_m2":88,"kambariai":6,"priklausiniai":0,"kaina_eur":186000,"eur_m2":2114,"atstumas_m":1660,"metai":2025,"sklypas":"44003160AP0013"}},{"type":"Feature","geometry":{"type":"Point","coordinates":[-1.177875,47.374533]},"properties":{"data":"2025-05-28","adresas":"254 RUE DES BOUVREUILS","tipas":"namas","plotas_m2":72,"kambariai":5,"priklausiniai":0,"kaina_eur":190000,"eur_m2":2639,"atstumas_m":974,"metai":2025,"sklypas":"44003000AM0016"}},{"type":"Feature","geometry":{"type":"Point","coordinates":[-1.179998,47.363861]},"properties":{"data":"2025-06-16","adresas":"144 RUE DES TONNELIERS","tipas":"butas","plotas_m2":81,"kambariai":4,"priklausiniai":1,"kaina_eur":172000,"eur_m2":2123,"atstumas_m":269,"metai":2025,"sklypas":"44003000BL0064"}},{"type":"Feature","geometry":{"type":"Point","coordinates":[-1.179794,47.370575]},"properties":{"data":"2025-06-25","adresas":"2 RUE RENE URIEN","tipas":"namas","plotas_m2":75,"kambariai":4,"priklausiniai":1,"kaina_eur":130000,"eur_m2":1733,"atstumas_m":553,"metai":2025,"sklypas":"44003000BH0119"}},{"type":"Feature","geometry":{"type":"Point","coordinates":[-1.199249,47.368147]},"properties":{"data":"2025-06-26","adresas":"34 IMP DU STADE","tipas":"namas","plotas_m2":80,"kambariai":4,"priklausiniai":0,"kaina_eur":200000,"eur_m2":2500,"atstumas_m":1635,"metai":2025,"sklypas":"44003160AL0237"}},{"type":"Feature","geometry":{"type":"Point","coordinates":[-1.195594,47.385696]},"properties":{"data":"2025-06-24","adresas":"132 RUE DU VERCORS","tipas":"namas","plotas_m2":108,"kambariai":4,"priklausiniai":0,"kaina_eur":269000,"eur_m2":2491,"atstumas_m":2589,"metai":2025,"sklypas":"44003000AZ0108"}},{"type":"Feature","geometry":{"type":"Point","coordinates":[-1.196796,47.384875]},"properties":{"data":"2025-06-30","adresas":"390 AV DU ROUSSILLON","tipas":"namas","plotas_m2":82,"kambariai":4,"priklausiniai":0,"kaina_eur":267000,"eur_m2":3256,"atstumas_m":2561,"metai":2025,"sklypas":"44003000AZ0095"}},{"type":"Feature","geometry":{"type":"Point","coordinates":[-1.178144,47.367154]},"properties":{"data":"2025-06-27","adresas":"120 RUE GEORGES CLEMENCEAU","tipas":"namas","plotas_m2":280,"kambariai":6,"priklausiniai":1,"kaina_eur":458495,"eur_m2":1637,"atstumas_m":154,"metai":2025,"sklypas":"44003000BK0070"}},{"type":"Feature","geometry":{"type":"Point","coordinates":[-1.19022,47.369288]},"properties":{"data":"2025-06-27","adresas":"176 BD MONTAIGNE","tipas":"namas","plotas_m2":91,"kambariai":5,"priklausiniai":0,"kaina_eur":240000,"eur_m2":2637,"atstumas_m":1012,"metai":2025,"sklypas":"44003160AM0101"}},{"type":"Feature","geometry":{"type":"Point","coordinates":[-1.17642,47.366079]},"properties":{"data":"2025-07-17","adresas":"17 RUE DU ROI ALBERT 1ER","tipas":"butas","plotas_m2":94,"kambariai":4,"priklausiniai":0,"kaina_eur":198000,"eur_m2":2106,"atstumas_m":112,"metai":2025,"sklypas":"44003000BC0127"}},{"type":"Feature","geometry":{"type":"Point","coordinates":[-1.18783,47.375541]},"properties":{"data":"2025-07-15","adresas":"69 RUE DE LA GILARDERIE","tipas":"butas","plotas_m2":70,"kambariai":3,"priklausiniai":1,"kaina_eur":235000,"eur_m2":3357,"atstumas_m":1322,"metai":2025,"sklypas":"44003000AN0007"}},{"type":"Feature","geometry":{"type":"Point","coordinates":[-1.20756,47.366475]},"properties":{"data":"2025-07-11","adresas":"34 AV DE L ECOCHERE","tipas":"namas","plotas_m2":126,"kambariai":5,"priklausiniai":0,"kaina_eur":385000,"eur_m2":3056,"atstumas_m":2242,"metai":2025,"sklypas":"44003160AH0131"}},{"type":"Feature","geometry":{"type":"Point","coordinates":[-1.179395,47.365542]},"properties":{"data":"2025-07-23","adresas":"40 RUE DE CHAROST","tipas":"butas","plotas_m2":22,"kambariai":1,"priklausiniai":1,"kaina_eur":60000,"eur_m2":2727,"atstumas_m":120,"metai":2025,"sklypas":"44003000BE0065"}},{"type":"Feature","geometry":{"type":"Point","coordinates":[-1.174926,47.371375]},"properties":{"data":"2025-07-17","adresas":"292 BD DU DOCTEUR MOUTEL","tipas":"butas","plotas_m2":70,"kambariai":3,"priklausiniai":2,"kaina_eur":138500,"eur_m2":1979,"atstumas_m":660,"metai":2025,"sklypas":"44003000AL0139"}},{"type":"Feature","geometry":{"type":"Point","coordinates":[-1.174926,47.371375]},"properties":{"data":"2025-07-16","adresas":"292 BD DU DOCTEUR MOUTEL","tipas":"butas","plotas_m2":78,"kambariai":4,"priklausiniai":2,"kaina_eur":140000,"eur_m2":1795,"atstumas_m":660,"metai":2025,"sklypas":"44003000AL0139"}},{"type":"Feature","geometry":{"type":"Point","coordinates":[-1.179217,47.364228]},"properties":{"data":"2025-07-18","adresas":"15 RUE BASSE GRANDE RUE","tipas":"namas","plotas_m2":198,"kambariai":6,"priklausiniai":0,"kaina_eur":240000,"eur_m2":1212,"atstumas_m":202,"metai":2025,"sklypas":"44003000AD0139"}},{"type":"Feature","geometry":{"type":"Point","coordinates":[-1.191728,47.382897]},"properties":{"data":"2025-08-01","adresas":"70 IMP DU LIMOUSIN","tipas":"namas","plotas_m2":80,"kambariai":4,"priklausiniai":0,"kaina_eur":280000,"eur_m2":3500,"atstumas_m":2174,"metai":2025,"sklypas":"44003000AY0077"}},{"type":"Feature","geometry":{"type":"Point","coordinates":[-1.181656,47.371608]},"properties":{"data":"2025-08-01","adresas":"195 RUE DU GENERAL HAGRON","tipas":"namas","plotas_m2":300,"kambariai":7,"priklausiniai":0,"kaina_eur":814000,"eur_m2":2713,"atstumas_m":709,"metai":2025,"sklypas":"44003000BH0134"}},{"type":"Feature","geometry":{"type":"Point","coordinates":[-1.198222,47.368581]},"properties":{"data":"2025-07-25","adresas":"14 RUE DES VIGNES","tipas":"butas","plotas_m2":39,"kambariai":2,"priklausiniai":1,"kaina_eur":162000,"eur_m2":4154,"atstumas_m":1568,"metai":2025,"sklypas":"44003160AL0391"}},{"type":"Feature","geometry":{"type":"Point","coordinates":[-1.192595,47.386949]},"properties":{"data":"2025-07-31","adresas":"124 RUE DU DOUBS","tipas":"namas","plotas_m2":130,"kambariai":6,"priklausiniai":0,"kaina_eur":385420,"eur_m2":2965,"atstumas_m":2605,"metai":2025,"sklypas":"44003000AZ0162"}},{"type":"Feature","geometry":{"type":"Point","coordinates":[-1.175179,47.367039]},"properties":{"data":"2025-08-05","adresas":"77 RUE DES PECHEURS","tipas":"namas","plotas_m2":110,"kambariai":5,"priklausiniai":2,"kaina_eur":340000,"eur_m2":3091,"atstumas_m":244,"metai":2025,"sklypas":"44003000AI0049"}},{"type":"Feature","geometry":{"type":"Point","coordinates":[-1.201052,47.36696]},"properties":{"data":"2025-08-14","adresas":"79 RUE DE LA PETITE MONTAGNE","tipas":"namas","plotas_m2":67,"kambariai":4,"priklausiniai":0,"kaina_eur":182000,"eur_m2":2716,"atstumas_m":1755,"metai":2025,"sklypas":"44003160AI0127"}},{"type":"Feature","geometry":{"type":"Point","coordinates":[-1.192171,47.385762]},"properties":{"data":"2025-08-20","adresas":"20 AV DU ROUSSILLON","tipas":"namas","plotas_m2":137,"kambariai":5,"priklausiniai":0,"kaina_eur":190000,"eur_m2":1387,"atstumas_m":2472,"metai":2025,"sklypas":"44003000AZ0153"}},{"type":"Feature","geometry":{"type":"Point","coordinates":[-1.190047,47.380085]},"properties":{"data":"2025-08-18","adresas":"191 RUE MARIE NOEL","tipas":"namas","plotas_m2":118,"kambariai":5,"priklausiniai":0,"kaina_eur":300000,"eur_m2":2542,"atstumas_m":1839,"metai":2025,"sklypas":"44003000AP0123"}},{"type":"Feature","geometry":{"type":"Point","coordinates":[-1.181796,47.365087]},"properties":{"data":"2025-08-22","adresas":"86 RUE DU ROCHER","tipas":"namas","plotas_m2":139,"kambariai":4,"priklausiniai":0,"kaina_eur":236500,"eur_m2":1701,"atstumas_m":308,"metai":2025,"sklypas":"44003000AD0005"}},{"type":"Feature","geometry":{"type":"Point","coordinates":[-1.188857,47.385698]},"properties":{"data":"2025-08-04","adresas":"194 RUE DE TOURAINE","tipas":"namas","plotas_m2":140,"kambariai":6,"priklausiniai":0,"kaina_eur":430000,"eur_m2":3071,"atstumas_m":2367,"metai":2025,"sklypas":"44003000AX0138"}},{"type":"Feature","geometry":{"type":"Point","coordinates":[-1.204345,47.367676]},"properties":{"data":"2025-08-25","adresas":"207 RUE DE COLOGNE","tipas":"namas","plotas_m2":108,"kambariai":5,"priklausiniai":0,"kaina_eur":240000,"eur_m2":2222,"atstumas_m":2009,"metai":2025,"sklypas":"44003160AI0182"}},{"type":"Feature","geometry":{"type":"Point","coordinates":[-1.179603,47.378636]},"properties":{"data":"2025-08-18","adresas":"541 RUE DU TERTRE","tipas":"namas","plotas_m2":86,"kambariai":5,"priklausiniai":1,"kaina_eur":240000,"eur_m2":2791,"atstumas_m":1437,"metai":2025,"sklypas":"44003000AS0199"}},{"type":"Feature","geometry":{"type":"Point","coordinates":[-1.197455,47.370122]},"properties":{"data":"2025-08-25","adresas":"71 RUE DES MAITRES","tipas":"namas","plotas_m2":85,"kambariai":4,"priklausiniai":0,"kaina_eur":245000,"eur_m2":2882,"atstumas_m":1556,"metai":2025,"sklypas":"44003160AK0213"}},{"type":"Feature","geometry":{"type":"Point","coordinates":[-1.18276,47.377254]},"properties":{"data":"2025-08-22","adresas":"119 BD MADAME DE SEVIGNE","tipas":"namas","plotas_m2":92,"kambariai":5,"priklausiniai":0,"kaina_eur":204000,"eur_m2":2217,"atstumas_m":1329,"metai":2025,"sklypas":"44003000AN0206"}},{"type":"Feature","geometry":{"type":"Point","coordinates":[-1.197576,47.366589]},"properties":{"data":"2025-08-28","adresas":"267 RUE DES VIGNES","tipas":"namas","plotas_m2":93,"kambariai":3,"priklausiniai":0,"kaina_eur":220000,"eur_m2":2366,"atstumas_m":1491,"metai":2025,"sklypas":"44003160AL0281"}},{"type":"Feature","geometry":{"type":"Point","coordinates":[-1.202934,47.365976]},"properties":{"data":"2025-09-08","adresas":"411 BD DES AIRENNES","tipas":"namas","plotas_m2":145,"kambariai":6,"priklausiniai":1,"kaina_eur":250000,"eur_m2":1724,"atstumas_m":1892,"metai":2025,"sklypas":"44003160AH0195"}},{"type":"Feature","geometry":{"type":"Point","coordinates":[-1.210535,47.367464]},"properties":{"data":"2025-09-05","adresas":"1006 BD DES AIRENNES","tipas":"namas","plotas_m2":85,"kambariai":4,"priklausiniai":0,"kaina_eur":225000,"eur_m2":2647,"atstumas_m":2472,"metai":2025,"sklypas":"44003160AE0272"}},{"type":"Feature","geometry":{"type":"Point","coordinates":[-1.181653,47.364055]},"properties":{"data":"2025-08-11","adresas":"274 RUE DES TONNELIERS","tipas":"butas","plotas_m2":112,"kambariai":4,"priklausiniai":2,"kaina_eur":250000,"eur_m2":2232,"atstumas_m":346,"metai":2025,"sklypas":"44003000BL0020"}},{"type":"Feature","geometry":{"type":"Point","coordinates":[-1.200876,47.367176]},"properties":{"data":"2025-09-09","adresas":"223 BD DE BELLEVUE","tipas":"namas","plotas_m2":78,"kambariai":5,"priklausiniai":0,"kaina_eur":190100,"eur_m2":2437,"atstumas_m":1744,"metai":2025,"sklypas":"44003160AI0118"}},{"type":"Feature","geometry":{"type":"Point","coordinates":[-1.195956,47.36518]},"properties":{"data":"2025-09-10","adresas":"98 AV DU PONT DE BIAIS","tipas":"namas","plotas_m2":95,"kambariai":4,"priklausiniai":0,"kaina_eur":295000,"eur_m2":3105,"atstumas_m":1368,"metai":2025,"sklypas":"44003160AO0008"}},{"type":"Feature","geometry":{"type":"Point","coordinates":[-1.177804,47.368641]},"properties":{"data":"2025-09-08","adresas":"359 AV DE LA LIBERATION","tipas":"butas","plotas_m2":62,"kambariai":3,"priklausiniai":1,"kaina_eur":177000,"eur_m2":2855,"atstumas_m":318,"metai":2025,"sklypas":"44003000AI0014"}},{"type":"Feature","geometry":{"type":"Point","coordinates":[-1.188255,47.369786]},"properties":{"data":"2025-09-15","adresas":"101 RUE DES PEUPLIERS","tipas":"namas","plotas_m2":73,"kambariai":4,"priklausiniai":0,"kaina_eur":195000,"eur_m2":2671,"atstumas_m":903,"metai":2025,"sklypas":"44003160AM0059"}},{"type":"Feature","geometry":{"type":"Point","coordinates":[-1.180018,47.364886]},"properties":{"data":"2025-09-24","adresas":"48 RUE EMILIEN MAILLARD","tipas":"namas","plotas_m2":57,"kambariai":3,"priklausiniai":1,"kaina_eur":200000,"eur_m2":3509,"atstumas_m":192,"metai":2025,"sklypas":"44003000AD0098"}},{"type":"Feature","geometry":{"type":"Point","coordinates":[-1.19269,47.378483]},"properties":{"data":"2025-09-30","adresas":"230 PL DES VIGNERONS - ANCENIS","tipas":"namas","plotas_m2":73,"kambariai":4,"priklausiniai":0,"kaina_eur":252500,"eur_m2":3459,"atstumas_m":1803,"metai":2025,"sklypas":"44003000BD0080"}},{"type":"Feature","geometry":{"type":"Point","coordinates":[-1.183606,47.369527]},"properties":{"data":"2025-09-30","adresas":"119 RUE DU MARECHAL DE RIEUX","tipas":"namas","plotas_m2":188,"kambariai":9,"priklausiniai":0,"kaina_eur":476500,"eur_m2":2535,"atstumas_m":602,"metai":2025,"sklypas":"44003000AK0080"}},{"type":"Feature","geometry":{"type":"Point","coordinates":[-1.174836,47.366508]},"properties":{"data":"2025-10-02","adresas":"21 RUE DES PECHEURS","tipas":"namas","plotas_m2":84,"kambariai":3,"priklausiniai":0,"kaina_eur":124000,"eur_m2":1476,"atstumas_m":240,"metai":2025,"sklypas":"44003000AI0072"}},{"type":"Feature","geometry":{"type":"Point","coordinates":[-1.179476,47.381577]},"properties":{"data":"2025-10-09","adresas":"863 RUE DU TERTRE","tipas":"namas","plotas_m2":152,"kambariai":6,"priklausiniai":1,"kaina_eur":265000,"eur_m2":1743,"atstumas_m":1762,"metai":2025,"sklypas":"44003000AS0090"}},{"type":"Feature","geometry":{"type":"Point","coordinates":[-1.19536,47.364834]},"properties":{"data":"2025-09-30","adresas":"144 AV DU PONT DE BIAIS","tipas":"namas","plotas_m2":130,"kambariai":7,"priklausiniai":0,"kaina_eur":350000,"eur_m2":2692,"atstumas_m":1325,"metai":2025,"sklypas":"44003160AO0174"}},{"type":"Feature","geometry":{"type":"Point","coordinates":[-1.173458,47.372676]},"properties":{"data":"2025-09-29","adresas":"465 BD PASTEUR","tipas":"namas","plotas_m2":85,"kambariai":4,"priklausiniai":0,"kaina_eur":350000,"eur_m2":4118,"atstumas_m":835,"metai":2025,"sklypas":"44003000AL0099"}},{"type":"Feature","geometry":{"type":"Point","coordinates":[-1.191771,47.370333]},"properties":{"data":"2025-10-17","adresas":"97 RUE DES CHARMILLES","tipas":"namas","plotas_m2":65,"kambariai":4,"priklausiniai":1,"kaina_eur":222000,"eur_m2":3415,"atstumas_m":1166,"metai":2025,"sklypas":"44003160AM0146"}},{"type":"Feature","geometry":{"type":"Point","coordinates":[-1.198222,47.368581]},"properties":{"data":"2025-10-21","adresas":"24 RUE DES VIGNES","tipas":"butas","plotas_m2":28,"kambariai":1,"priklausiniai":1,"kaina_eur":125000,"eur_m2":4464,"atstumas_m":1568,"metai":2025,"sklypas":"44003160AL0391"}},{"type":"Feature","geometry":{"type":"Point","coordinates":[-1.174926,47.371375]},"properties":{"data":"2025-10-13","adresas":"292 BD DU DOCTEUR MOUTEL","tipas":"butas","plotas_m2":68,"kambariai":3,"priklausiniai":2,"kaina_eur":132600,"eur_m2":1950,"atstumas_m":660,"metai":2025,"sklypas":"44003000AL0139"}},{"type":"Feature","geometry":{"type":"Point","coordinates":[-1.18783,47.375541]},"properties":{"data":"2025-10-27","adresas":"69 RUE DE LA GILARDERIE","tipas":"butas","plotas_m2":70,"kambariai":3,"priklausiniai":2,"kaina_eur":259000,"eur_m2":3700,"atstumas_m":1322,"metai":2025,"sklypas":"44003000AN0007"}},{"type":"Feature","geometry":{"type":"Point","coordinates":[-1.174926,47.371375]},"properties":{"data":"2025-11-03","adresas":"292 BD DU DOCTEUR MOUTEL","tipas":"butas","plotas_m2":78,"kambariai":4,"priklausiniai":2,"kaina_eur":137000,"eur_m2":1756,"atstumas_m":660,"metai":2025,"sklypas":"44003000AL0139"}},{"type":"Feature","geometry":{"type":"Point","coordinates":[-1.190651,47.364681]},"properties":{"data":"2025-10-28","adresas":"147 COUR DE L HORLOGE","tipas":"butas","plotas_m2":90,"kambariai":4,"priklausiniai":2,"kaina_eur":185000,"eur_m2":2056,"atstumas_m":974,"metai":2025,"sklypas":"44003000BI0007"}},{"type":"Feature","geometry":{"type":"Point","coordinates":[-1.177914,47.369819]},"properties":{"data":"2025-11-05","adresas":"173 RUE DE LA CORDERIE","tipas":"butas","plotas_m2":57,"kambariai":2,"priklausiniai":1,"kaina_eur":137500,"eur_m2":2412,"atstumas_m":449,"metai":2025,"sklypas":"44003000AL0212"}},{"type":"Feature","geometry":{"type":"Point","coordinates":[-1.210072,47.367934]},"properties":{"data":"2025-11-03","adresas":"128 RUE DE LA CLAIRIERE","tipas":"namas","plotas_m2":102,"kambariai":3,"priklausiniai":0,"kaina_eur":275000,"eur_m2":2696,"atstumas_m":2442,"metai":2025,"sklypas":"44003160AE0140"}},{"type":"Feature","geometry":{"type":"Point","coordinates":[-1.180444,47.365528]},"properties":{"data":"2025-10-29","adresas":"124 RUE DE CHAROST","tipas":"namas","plotas_m2":77,"kambariai":4,"priklausiniai":0,"kaina_eur":188000,"eur_m2":2442,"atstumas_m":198,"metai":2025,"sklypas":"44003000BE0037"}},{"type":"Feature","geometry":{"type":"Point","coordinates":[-1.183356,47.369478]},"properties":{"data":"2025-11-06","adresas":"97 RUE DU MARECHAL DE RIEUX","tipas":"namas","plotas_m2":88,"kambariai":4,"priklausiniai":0,"kaina_eur":171000,"eur_m2":1943,"atstumas_m":585,"metai":2025,"sklypas":"44003000AK0079"}},{"type":"Feature","geometry":{"type":"Point","coordinates":[-1.178719,47.364629]},"properties":{"data":"2025-11-04","adresas":"22 PL IENA","tipas":"namas","plotas_m2":136,"kambariai":4,"priklausiniai":1,"kaina_eur":287000,"eur_m2":2110,"atstumas_m":145,"metai":2025,"sklypas":"44003000AD0159"}},{"type":"Feature","geometry":{"type":"Point","coordinates":[-1.190635,47.366751]},"properties":{"data":"2025-10-29","adresas":"59 IMP REMY BELLEAU","tipas":"namas","plotas_m2":87,"kambariai":5,"priklausiniai":0,"kaina_eur":250000,"eur_m2":2874,"atstumas_m":971,"metai":2025,"sklypas":"44003160AN0289"}},{"type":"Feature","geometry":{"type":"Point","coordinates":[-1.192943,47.37046]},"properties":{"data":"2025-10-31","adresas":"414 RUE DES MAITRES","tipas":"namas","plotas_m2":65,"kambariai":4,"priklausiniai":0,"kaina_eur":217000,"eur_m2":3338,"atstumas_m":1252,"metai":2025,"sklypas":"44003160AM0165"}},{"type":"Feature","geometry":{"type":"Point","coordinates":[-1.193152,47.379656]},"properties":{"data":"2025-11-21","adresas":"671 RUE DE LA GILARDERIE","tipas":"namas","plotas_m2":114,"kambariai":5,"priklausiniai":0,"kaina_eur":200000,"eur_m2":1754,"atstumas_m":1928,"metai":2025,"sklypas":"44003000BD0060"}},{"type":"Feature","geometry":{"type":"Point","coordinates":[-1.191368,47.369191]},"properties":{"data":"2025-11-28","adresas":"405 RUE DES SENSIVES","tipas":"namas","plotas_m2":120,"kambariai":6,"priklausiniai":0,"kaina_eur":348000,"eur_m2":2900,"atstumas_m":1088,"metai":2025,"sklypas":"44003160AM0095"}},{"type":"Feature","geometry":{"type":"Point","coordinates":[-1.178593,47.365203]},"properties":{"data":"2025-11-28","adresas":"64 RUE ARISTIDE BRIAND","tipas":"namas","plotas_m2":178,"kambariai":4,"priklausiniai":0,"kaina_eur":275000,"eur_m2":1545,"atstumas_m":86,"metai":2025,"sklypas":"44003000AD0169"}},{"type":"Feature","geometry":{"type":"Point","coordinates":[-1.179082,47.369583]},"properties":{"data":"2025-11-27","adresas":"31 AV FRANCIS ROBERT","tipas":"butas","plotas_m2":45,"kambariai":2,"priklausiniai":0,"kaina_eur":108000,"eur_m2":2400,"atstumas_m":433,"metai":2025,"sklypas":"44003000AK0144"}},{"type":"Feature","geometry":{"type":"Point","coordinates":[-1.177011,47.366017]},"properties":{"data":"2025-11-27","adresas":"65 RUE DU ROI ALBERT 1ER","tipas":"butas","plotas_m2":50,"kambariai":2,"priklausiniai":2,"kaina_eur":95000,"eur_m2":1900,"atstumas_m":68,"metai":2025,"sklypas":"44003000BC0129"}},{"type":"Feature","geometry":{"type":"Point","coordinates":[-1.192201,47.38639]},"properties":{"data":"2025-12-04","adresas":"38 RUE DU DOUBS","tipas":"namas","plotas_m2":121,"kambariai":5,"priklausiniai":0,"kaina_eur":280000,"eur_m2":2314,"atstumas_m":2536,"metai":2025,"sklypas":"44003000AZ0169"}},{"type":"Feature","geometry":{"type":"Point","coordinates":[-1.19445,47.370356]},"properties":{"data":"2025-12-10","adresas":"300 RUE DES MAITRES","tipas":"namas","plotas_m2":121,"kambariai":4,"priklausiniai":0,"kaina_eur":180000,"eur_m2":1488,"atstumas_m":1352,"metai":2025,"sklypas":"44003160AK0173"}},{"type":"Feature","geometry":{"type":"Point","coordinates":[-1.179389,47.371908]},"properties":{"data":"2025-12-11","adresas":"13 RUE DES GRANDS CHAMPS","tipas":"butas","plotas_m2":81,"kambariai":3,"priklausiniai":2,"kaina_eur":175660,"eur_m2":2169,"atstumas_m":691,"metai":2025,"sklypas":"44003000BH0166"}},{"type":"Feature","geometry":{"type":"Point","coordinates":[-1.199325,47.370765]},"properties":{"data":"2025-11-25","adresas":"117 RUE DE LA CHEVASNERIE","tipas":"namas","plotas_m2":52,"kambariai":2,"priklausiniai":1,"kaina_eur":648697,"eur_m2":12475,"atstumas_m":1712,"metai":2025,"sklypas":"44003160AK0033"}},{"type":"Feature","geometry":{"type":"Point","coordinates":[-1.18783,47.375541]},"properties":{"data":"2025-12-16","adresas":"69 RUE DE LA GILARDERIE","tipas":"butas","plotas_m2":70,"kambariai":3,"priklausiniai":1,"kaina_eur":240000,"eur_m2":3429,"atstumas_m":1322,"metai":2025,"sklypas":"44003000AN0007"}},{"type":"Feature","geometry":{"type":"Point","coordinates":[-1.185027,47.370348]},"properties":{"data":"2025-12-05","adresas":"415 RUE RENE URIEN","tipas":"namas","plotas_m2":120,"kambariai":6,"priklausiniai":0,"kaina_eur":232000,"eur_m2":1933,"atstumas_m":743,"metai":2025,"sklypas":"44003000AK0039"}},{"type":"Feature","geometry":{"type":"Point","coordinates":[-1.178673,47.402185]},"properties":{"data":"2025-12-23","adresas":"LA POUSSEMOTIERE","tipas":"namas","plotas_m2":120,"kambariai":4,"priklausiniai":0,"kaina_eur":157500,"eur_m2":1312,"atstumas_m":4052,"metai":2025,"sklypas":"44003000ZE0182"}},{"type":"Feature","geometry":{"type":"Point","coordinates":[-1.18505,47.371318]},"properties":{"data":"2025-12-19","adresas":"11 RUE DES FRESNES ANCENIS","tipas":"namas","plotas_m2":92,"kambariai":5,"priklausiniai":1,"kaina_eur":350000,"eur_m2":3804,"atstumas_m":821,"metai":2025,"sklypas":"44003000BH0020"}},{"type":"Feature","geometry":{"type":"Point","coordinates":[-1.190731,47.365813]},"properties":{"data":"2025-12-24","adresas":"43 RUE DU CLOS GEREON","tipas":"namas","plotas_m2":96,"kambariai":5,"priklausiniai":0,"kaina_eur":240000,"eur_m2":2500,"atstumas_m":972,"metai":2025,"sklypas":"44003160AN0115"}},{"type":"Feature","geometry":{"type":"Point","coordinates":[-1.196828,47.371392]},"properties":{"data":"2025-12-19","adresas":"169 RUE DU DRAPEAU","tipas":"namas","plotas_m2":107,"kambariai":4,"priklausiniai":0,"kaina_eur":250000,"eur_m2":2336,"atstumas_m":1562,"metai":2025,"sklypas":"44003160AK0137"}},{"type":"Feature","geometry":{"type":"Point","coordinates":[-1.178231,47.366242]},"properties":{"data":"2025-12-29","adresas":"14 RUE GEORGES CLEMENCEAU","tipas":"butas","plotas_m2":48,"kambariai":2,"priklausiniai":1,"kaina_eur":74000,"eur_m2":1542,"atstumas_m":59,"metai":2025,"sklypas":"44003000BC0167"}},{"type":"Feature","geometry":{"type":"Point","coordinates":[-1.191469,47.370649]},"properties":{"data":"2025-12-19","adresas":"530 RUE DES MAITRES","tipas":"namas","plotas_m2":104,"kambariai":6,"priklausiniai":0,"kaina_eur":180000,"eur_m2":1731,"atstumas_m":1161,"metai":2025,"sklypas":"44003160AM0322"}},{"type":"Feature","geometry":{"type":"Point","coordinates":[-1.180216,47.364637]},"properties":{"data":"2025-12-31","adresas":"31 RUE EMILIEN MAILLARD","tipas":"namas","plotas_m2":115,"kambariai":1,"priklausiniai":1,"kaina_eur":230000,"eur_m2":2000,"atstumas_m":220,"metai":2025,"sklypas":"44003000AD0060"}},{"type":"Feature","geometry":{"type":"Point","coordinates":[-1.17784,47.365786]},"properties":{"tipas":"objektas","adresas":"8 Rue Rayer, 44150 Ancenis-Saint-Géréon","vieta_nustatyta":"gatvės 'RUE RAYER' 1 sandorių centroidas"}}]}