{"type":"FeatureCollection","name":"vallet","meta":{"label":"6-10 Rue du Ribateau, 44330 Vallet","lat":47.161017,"lon":-1.26656,"mode":"commune","insee":"44212","radius_m":0,"rings":[],"years":[2021,2022,2023,2024,2025],"count":507,"source":"geo-DVF / DGFiP, Licence Ouverte 2.0","files":["15b640ab-44212_1.csv","5831f20e-44212_2.csv","7ef4be0f-44212_4.csv","88187c79-44212_3.csv","f2944a69-44212.csv"]},"features":[{"type":"Feature","geometry":{"type":"Point","coordinates":[-1.248408,47.208608]},"properties":{"data":"2021-01-27","adresas":"5353 LA MAISON NEUVE","tipas":"namas","plotas_m2":60,"kambariai":3,"priklausiniai":0,"kaina_eur":160000,"eur_m2":2667,"atstumas_m":5473,"metai":2021,"sklypas":"442120000A0989"}},{"type":"Feature","geometry":{"type":"Point","coordinates":[-1.304117,47.160195]},"properties":{"data":"2021-02-08","adresas":"7 BONNE FONTAINE","tipas":"namas","plotas_m2":70,"kambariai":3,"priklausiniai":0,"kaina_eur":169200,"eur_m2":2417,"atstumas_m":2844,"metai":2021,"sklypas":"44212000ZH0205"}},{"type":"Feature","geometry":{"type":"Point","coordinates":[-1.262575,47.160238]},"properties":{"data":"2021-01-25","adresas":"6 RUE DES ROIS","tipas":"namas","plotas_m2":36,"kambariai":1,"priklausiniai":0,"kaina_eur":149000,"eur_m2":4139,"atstumas_m":314,"metai":2021,"sklypas":"44212000AY1725"}},{"type":"Feature","geometry":{"type":"Point","coordinates":[-1.221248,47.160276]},"properties":{"data":"2021-02-11","adresas":"202 LA CHALOUSIERE","tipas":"namas","plotas_m2":69,"kambariai":2,"priklausiniai":0,"kaina_eur":150000,"eur_m2":2174,"atstumas_m":3431,"metai":2021,"sklypas":"44212000YD0047"}},{"type":"Feature","geometry":{"type":"Point","coordinates":[-1.261992,47.162016]},"properties":{"data":"2021-01-21","adresas":"72 RUE D ANJOU","tipas":"namas","plotas_m2":60,"kambariai":4,"priklausiniai":0,"kaina_eur":172000,"eur_m2":2867,"atstumas_m":363,"metai":2021,"sklypas":"44212000AY1762"}},{"type":"Feature","geometry":{"type":"Point","coordinates":[-1.244318,47.188261]},"properties":{"data":"2021-02-12","adresas":"17 LES GIRAUDIERES","tipas":"namas","plotas_m2":139,"kambariai":5,"priklausiniai":0,"kaina_eur":348000,"eur_m2":2504,"atstumas_m":3469,"metai":2021,"sklypas":"44212000AL0509"}},{"type":"Feature","geometry":{"type":"Point","coordinates":[-1.267296,47.159292]},"properties":{"data":"2021-02-18","adresas":"4 CHE DES BUTTES","tipas":"namas","plotas_m2":97,"kambariai":5,"priklausiniai":0,"kaina_eur":200000,"eur_m2":2062,"atstumas_m":200,"metai":2021,"sklypas":"44212000AY1468"}},{"type":"Feature","geometry":{"type":"Point","coordinates":[-1.264025,47.174198]},"properties":{"data":"2021-02-16","adresas":"29 RTE D ANCENIS","tipas":"namas","plotas_m2":166,"kambariai":5,"priklausiniai":0,"kaina_eur":565000,"eur_m2":3404,"atstumas_m":1480,"metai":2021,"sklypas":"44212000AS0219"}},{"type":"Feature","geometry":{"type":"Point","coordinates":[-1.294422,47.151126]},"properties":{"data":"2021-02-17","adresas":"204 BOURGUIGNON","tipas":"namas","plotas_m2":78,"kambariai":4,"priklausiniai":0,"kaina_eur":259990,"eur_m2":3333,"atstumas_m":2379,"metai":2021,"sklypas":"44212000WE0101"}},{"type":"Feature","geometry":{"type":"Point","coordinates":[-1.265867,47.141091]},"properties":{"data":"2021-02-12","adresas":"115 L ANERIE","tipas":"namas","plotas_m2":148,"kambariai":4,"priklausiniai":0,"kaina_eur":317000,"eur_m2":2142,"atstumas_m":2219,"metai":2021,"sklypas":"44212000XN0141"}},{"type":"Feature","geometry":{"type":"Point","coordinates":[-1.304071,47.154661]},"properties":{"data":"2021-02-17","adresas":"5001 LA GARCONNIERE","tipas":"namas","plotas_m2":133,"kambariai":7,"priklausiniai":0,"kaina_eur":327000,"eur_m2":2459,"atstumas_m":2926,"metai":2021,"sklypas":"44212000WH0060"}},{"type":"Feature","geometry":{"type":"Point","coordinates":[-1.236606,47.169062]},"properties":{"data":"2021-03-05","adresas":"5001 L ECHASSERIE","tipas":"namas","plotas_m2":168,"kambariai":4,"priklausiniai":0,"kaina_eur":305000,"eur_m2":1815,"atstumas_m":2438,"metai":2021,"sklypas":"44212000BE0094"}},{"type":"Feature","geometry":{"type":"Point","coordinates":[-1.222502,47.160928]},"properties":{"data":"2021-03-11","adresas":"406 LA CHALOUSIERE","tipas":"namas","plotas_m2":60,"kambariai":3,"priklausiniai":0,"kaina_eur":120000,"eur_m2":2000,"atstumas_m":3335,"metai":2021,"sklypas":"44212000CD0126"}},{"type":"Feature","geometry":{"type":"Point","coordinates":[-1.258153,47.156195]},"properties":{"data":"2021-02-25","adresas":"6050 L EMERAUDERIE","tipas":"namas","plotas_m2":88,"kambariai":4,"priklausiniai":0,"kaina_eur":158000,"eur_m2":1795,"atstumas_m":833,"metai":2021,"sklypas":"44212000CW0260"}},{"type":"Feature","geometry":{"type":"Point","coordinates":[-1.257347,47.15123]},"properties":{"data":"2021-03-16","adresas":"124 LA FECUNIERE","tipas":"namas","plotas_m2":78,"kambariai":4,"priklausiniai":0,"kaina_eur":240900,"eur_m2":3088,"atstumas_m":1294,"metai":2021,"sklypas":"44212000ZT0083"}},{"type":"Feature","geometry":{"type":"Point","coordinates":[-1.32006,47.160417]},"properties":{"data":"2021-03-26","adresas":"2 LA MENARDIERE","tipas":"namas","plotas_m2":102,"kambariai":4,"priklausiniai":0,"kaina_eur":227100,"eur_m2":2226,"atstumas_m":4050,"metai":2021,"sklypas":"44212000WS0062"}},{"type":"Feature","geometry":{"type":"Point","coordinates":[-1.268623,47.180278]},"properties":{"data":"2021-03-30","adresas":"2 LA PETINIERE","tipas":"namas","plotas_m2":89,"kambariai":3,"priklausiniai":0,"kaina_eur":280800,"eur_m2":3155,"atstumas_m":2150,"metai":2021,"sklypas":"44212000AI0352"}},{"type":"Feature","geometry":{"type":"Point","coordinates":[-1.315489,47.163444]},"properties":{"data":"2021-03-26","adresas":"8581 LES PELLERINS","tipas":"namas","plotas_m2":115,"kambariai":4,"priklausiniai":0,"kaina_eur":100736,"eur_m2":876,"atstumas_m":3713,"metai":2021,"sklypas":"44212000WT0094"}},{"type":"Feature","geometry":{"type":"Point","coordinates":[-1.272504,47.165944]},"properties":{"data":"2021-04-07","adresas":"3 IMP DE LA MORINIERE","tipas":"namas","plotas_m2":105,"kambariai":5,"priklausiniai":0,"kaina_eur":320000,"eur_m2":3048,"atstumas_m":709,"metai":2021,"sklypas":"44212000AX0011"}},{"type":"Feature","geometry":{"type":"Point","coordinates":[-1.264274,47.161297]},"properties":{"data":"2021-03-15","adresas":"22 RUE D ANJOU","tipas":"namas","plotas_m2":58,"kambariai":3,"priklausiniai":0,"kaina_eur":120000,"eur_m2":2069,"atstumas_m":176,"metai":2021,"sklypas":"44212000AY0298"}},{"type":"Feature","geometry":{"type":"Point","coordinates":[-1.325624,47.183536]},"properties":{"data":"2021-04-01","adresas":"5462 LA MANDINIERE","tipas":"namas","plotas_m2":100,"kambariai":4,"priklausiniai":0,"kaina_eur":170000,"eur_m2":1700,"atstumas_m":5125,"metai":2021,"sklypas":"44212000HX0100"}},{"type":"Feature","geometry":{"type":"Point","coordinates":[-1.267173,47.159758]},"properties":{"data":"2021-04-07","adresas":"12 RUE DU PROGRES","tipas":"butas","plotas_m2":52,"kambariai":2,"priklausiniai":1,"kaina_eur":175000,"eur_m2":3365,"atstumas_m":148,"metai":2021,"sklypas":"44212000AY0440"}},{"type":"Feature","geometry":{"type":"Point","coordinates":[-1.243863,47.194416]},"properties":{"data":"2021-04-02","adresas":"316 LES COURRERES","tipas":"namas","plotas_m2":56,"kambariai":3,"priklausiniai":0,"kaina_eur":150000,"eur_m2":2679,"atstumas_m":4096,"metai":2021,"sklypas":"44212000AM0243"}},{"type":"Feature","geometry":{"type":"Point","coordinates":[-1.271723,47.16117]},"properties":{"data":"2021-03-30","adresas":"27 RUE SAINT VINCENT","tipas":"butas","plotas_m2":26,"kambariai":2,"priklausiniai":1,"kaina_eur":76000,"eur_m2":2923,"atstumas_m":391,"metai":2021,"sklypas":"44212000AY0716"}},{"type":"Feature","geometry":{"type":"Point","coordinates":[-1.208629,47.148942]},"properties":{"data":"2021-04-08","adresas":"5032 PONT DE SANGUEZE","tipas":"namas","plotas_m2":55,"kambariai":2,"priklausiniai":0,"kaina_eur":243000,"eur_m2":4418,"atstumas_m":4586,"metai":2021,"sklypas":"44212000YO0041"}},{"type":"Feature","geometry":{"type":"Point","coordinates":[-1.257727,47.163489]},"properties":{"data":"2021-04-27","adresas":"2 IMP DE LA CHAROUILLERE DU MOUL","tipas":"namas","plotas_m2":60,"kambariai":2,"priklausiniai":0,"kaina_eur":175000,"eur_m2":2917,"atstumas_m":723,"metai":2021,"sklypas":"44212000AZ0365"}},{"type":"Feature","geometry":{"type":"Point","coordinates":[-1.271723,47.16117]},"properties":{"data":"2021-04-06","adresas":"27 RUE SAINT VINCENT","tipas":"butas","plotas_m2":26,"kambariai":2,"priklausiniai":1,"kaina_eur":61400,"eur_m2":2362,"atstumas_m":391,"metai":2021,"sklypas":"44212000AY0716"}},{"type":"Feature","geometry":{"type":"Point","coordinates":[-1.27245,47.163685]},"properties":{"data":"2021-05-03","adresas":"1 AV DES ROSES","tipas":"namas","plotas_m2":99,"kambariai":5,"priklausiniai":0,"kaina_eur":249240,"eur_m2":2518,"atstumas_m":536,"metai":2021,"sklypas":"44212000AX0043"}},{"type":"Feature","geometry":{"type":"Point","coordinates":[-1.204114,47.159866]},"properties":{"data":"2021-04-29","adresas":"5009 LA POUINIERE","tipas":"namas","plotas_m2":163,"kambariai":6,"priklausiniai":0,"kaina_eur":240000,"eur_m2":1472,"atstumas_m":4728,"metai":2021,"sklypas":"44212000YI0053"}},{"type":"Feature","geometry":{"type":"Point","coordinates":[-1.270975,47.159084]},"properties":{"data":"2021-04-27","adresas":"16 RTE DE CLISSON","tipas":"namas","plotas_m2":125,"kambariai":4,"priklausiniai":0,"kaina_eur":260395,"eur_m2":2083,"atstumas_m":397,"metai":2021,"sklypas":"44212000ZS0148"}},{"type":"Feature","geometry":{"type":"Point","coordinates":[-1.267111,47.160925]},"properties":{"data":"2021-04-21","adresas":"18 RUE DES FORGES","tipas":"namas","plotas_m2":75,"kambariai":3,"priklausiniai":0,"kaina_eur":100000,"eur_m2":1333,"atstumas_m":43,"metai":2021,"sklypas":"44212000AY0600"}},{"type":"Feature","geometry":{"type":"Point","coordinates":[-1.243731,47.197476]},"properties":{"data":"2021-04-30","adresas":"118 LES COURRERES","tipas":"namas","plotas_m2":75,"kambariai":3,"priklausiniai":0,"kaina_eur":85000,"eur_m2":1133,"atstumas_m":4411,"metai":2021,"sklypas":"442120000A0660"}},{"type":"Feature","geometry":{"type":"Point","coordinates":[-1.269996,47.163938]},"properties":{"data":"2021-05-17","adresas":"5 RTE DE LA LOIRE","tipas":"namas","plotas_m2":70,"kambariai":4,"priklausiniai":0,"kaina_eur":210000,"eur_m2":3000,"atstumas_m":416,"metai":2021,"sklypas":"44212000AY1464"}},{"type":"Feature","geometry":{"type":"Point","coordinates":[-1.29105,47.184279]},"properties":{"data":"2021-05-14","adresas":"8584 LA GOULBAUDIERE","tipas":"namas","plotas_m2":246,"kambariai":5,"priklausiniai":0,"kaina_eur":580000,"eur_m2":2358,"atstumas_m":3185,"metai":2021,"sklypas":"44212000AC0296"}},{"type":"Feature","geometry":{"type":"Point","coordinates":[-1.274357,47.14281]},"properties":{"data":"2021-05-20","adresas":"9001 LA BARONNIERE","tipas":"namas","plotas_m2":128,"kambariai":4,"priklausiniai":0,"kaina_eur":230000,"eur_m2":1797,"atstumas_m":2111,"metai":2021,"sklypas":"44212000XP0088"}},{"type":"Feature","geometry":{"type":"Point","coordinates":[-1.266863,47.159682]},"properties":{"data":"2021-05-21","adresas":"14 RUE DU PROGRES","tipas":"butas","plotas_m2":29,"kambariai":2,"priklausiniai":1,"kaina_eur":97500,"eur_m2":3362,"atstumas_m":150,"metai":2021,"sklypas":"44212000AY1444"}},{"type":"Feature","geometry":{"type":"Point","coordinates":[-1.266237,47.174685]},"properties":{"data":"2021-05-31","adresas":"6 RUE DES ALBIZIAS","tipas":"namas","plotas_m2":156,"kambariai":5,"priklausiniai":0,"kaina_eur":350000,"eur_m2":2244,"atstumas_m":1522,"metai":2021,"sklypas":"44212000AS0582"}},{"type":"Feature","geometry":{"type":"Point","coordinates":[-1.26316,47.17568]},"properties":{"data":"2021-06-01","adresas":"2 ALL DES CHARMES","tipas":"namas","plotas_m2":115,"kambariai":5,"priklausiniai":0,"kaina_eur":271000,"eur_m2":2357,"atstumas_m":1652,"metai":2021,"sklypas":"44212000AS0311"}},{"type":"Feature","geometry":{"type":"Point","coordinates":[-1.309,47.182112]},"properties":{"data":"2021-05-28","adresas":"5501 LA BODINIERE","tipas":"namas","plotas_m2":140,"kambariai":4,"priklausiniai":0,"kaina_eur":235000,"eur_m2":1679,"atstumas_m":3979,"metai":2021,"sklypas":"44212000HO0092"}},{"type":"Feature","geometry":{"type":"Point","coordinates":[-1.272758,47.181554]},"properties":{"data":"2021-05-21","adresas":"40 LA PETINIERE","tipas":"namas","plotas_m2":90,"kambariai":4,"priklausiniai":0,"kaina_eur":230000,"eur_m2":2556,"atstumas_m":2334,"metai":2021,"sklypas":"44212000AI0170"}},{"type":"Feature","geometry":{"type":"Point","coordinates":[-1.27173,47.163131]},"properties":{"data":"2021-05-28","adresas":"2 BD PIERRE DURAND","tipas":"namas","plotas_m2":92,"kambariai":4,"priklausiniai":0,"kaina_eur":335200,"eur_m2":3643,"atstumas_m":457,"metai":2021,"sklypas":"44212000AY0744"}},{"type":"Feature","geometry":{"type":"Point","coordinates":[-1.270505,47.164141]},"properties":{"data":"2021-06-10","adresas":"11 RTE DE LA LOIRE","tipas":"namas","plotas_m2":90,"kambariai":5,"priklausiniai":1,"kaina_eur":165000,"eur_m2":1833,"atstumas_m":458,"metai":2021,"sklypas":"44212000AY0013"}},{"type":"Feature","geometry":{"type":"Point","coordinates":[-1.248442,47.186945]},"properties":{"data":"2021-06-10","adresas":"7 LES CREUSETTES","tipas":"namas","plotas_m2":119,"kambariai":4,"priklausiniai":0,"kaina_eur":239500,"eur_m2":2013,"atstumas_m":3195,"metai":2021,"sklypas":"44212000AL0531"}},{"type":"Feature","geometry":{"type":"Point","coordinates":[-1.206487,47.152866]},"properties":{"data":"2021-06-17","adresas":"102 LES SAUVIONNIERES","tipas":"namas","plotas_m2":79,"kambariai":3,"priklausiniai":0,"kaina_eur":195000,"eur_m2":2468,"atstumas_m":4637,"metai":2021,"sklypas":"44212000YN0117"}},{"type":"Feature","geometry":{"type":"Point","coordinates":[-1.221971,47.16131]},"properties":{"data":"2021-06-23","adresas":"422 LA CHALOUSIERE","tipas":"namas","plotas_m2":70,"kambariai":3,"priklausiniai":1,"kaina_eur":68120,"eur_m2":973,"atstumas_m":3375,"metai":2021,"sklypas":"44212000CD0122"}},{"type":"Feature","geometry":{"type":"Point","coordinates":[-1.294573,47.156966]},"properties":{"data":"2021-06-04","adresas":"5803 LES HAUTES OUCHES","tipas":"namas","plotas_m2":95,"kambariai":3,"priklausiniai":1,"kaina_eur":160000,"eur_m2":1684,"atstumas_m":2168,"metai":2021,"sklypas":"44212000ZI0028"}},{"type":"Feature","geometry":{"type":"Point","coordinates":[-1.273037,47.181675]},"properties":{"data":"2021-06-25","adresas":"44 LA PETINIERE","tipas":"namas","plotas_m2":60,"kambariai":3,"priklausiniai":0,"kaina_eur":162000,"eur_m2":2700,"atstumas_m":2351,"metai":2021,"sklypas":"44212000AI0368"}},{"type":"Feature","geometry":{"type":"Point","coordinates":[-1.264136,47.161319]},"properties":{"data":"2021-07-01","adresas":"26 RUE D ANJOU","tipas":"namas","plotas_m2":162,"kambariai":4,"priklausiniai":1,"kaina_eur":443050,"eur_m2":2735,"atstumas_m":187,"metai":2021,"sklypas":"44212000AY0296"}},{"type":"Feature","geometry":{"type":"Point","coordinates":[-1.267612,47.160543]},"properties":{"data":"2021-06-28","adresas":"3 RUE DU BON CONSEIL","tipas":"namas","plotas_m2":50,"kambariai":3,"priklausiniai":1,"kaina_eur":159000,"eur_m2":3180,"atstumas_m":96,"metai":2021,"sklypas":"44212000AY1552"}},{"type":"Feature","geometry":{"type":"Point","coordinates":[-1.251803,47.151436]},"properties":{"data":"2021-06-24","adresas":"1 LES ROSIERS","tipas":"namas","plotas_m2":61,"kambariai":3,"priklausiniai":0,"kaina_eur":162000,"eur_m2":2656,"atstumas_m":1544,"metai":2021,"sklypas":"44212000ZV0089"}},{"type":"Feature","geometry":{"type":"Point","coordinates":[-1.282721,47.164673]},"properties":{"data":"2021-06-17","adresas":"5836 FROMENTEAU","tipas":"namas","plotas_m2":183,"kambariai":9,"priklausiniai":0,"kaina_eur":380000,"eur_m2":2077,"atstumas_m":1289,"metai":2021,"sklypas":"44212000ZO0088"}},{"type":"Feature","geometry":{"type":"Point","coordinates":[-1.295133,47.157946]},"properties":{"data":"2021-06-30","adresas":"6726 LE CREVIS","tipas":"namas","plotas_m2":83,"kambariai":5,"priklausiniai":0,"kaina_eur":245000,"eur_m2":2952,"atstumas_m":2190,"metai":2021,"sklypas":"44212000ZI0108"}},{"type":"Feature","geometry":{"type":"Point","coordinates":[-1.318994,47.178753]},"properties":{"data":"2021-07-07","adresas":"9 LA MARCHINCHERE","tipas":"namas","plotas_m2":100,"kambariai":4,"priklausiniai":0,"kaina_eur":240000,"eur_m2":2400,"atstumas_m":4433,"metai":2021,"sklypas":"44212000HY0217"}},{"type":"Feature","geometry":{"type":"Point","coordinates":[-1.319341,47.178678]},"properties":{"data":"2021-07-13","adresas":"3 LA MARCHINCHERE","tipas":"namas","plotas_m2":105,"kambariai":3,"priklausiniai":0,"kaina_eur":245000,"eur_m2":2333,"atstumas_m":4453,"metai":2021,"sklypas":"44212000HY0104"}},{"type":"Feature","geometry":{"type":"Point","coordinates":[-1.311903,47.186257]},"properties":{"data":"2021-07-06","adresas":"53 LES RAILLERES","tipas":"namas","plotas_m2":27,"kambariai":1,"priklausiniai":1,"kaina_eur":173000,"eur_m2":6407,"atstumas_m":4435,"metai":2021,"sklypas":"44212000AB0145"}},{"type":"Feature","geometry":{"type":"Point","coordinates":[-1.271723,47.16117]},"properties":{"data":"2021-07-07","adresas":"27 RUE SAINT VINCENT","tipas":"butas","plotas_m2":59,"kambariai":3,"priklausiniai":2,"kaina_eur":140000,"eur_m2":2373,"atstumas_m":391,"metai":2021,"sklypas":"44212000AY0716"}},{"type":"Feature","geometry":{"type":"Point","coordinates":[-1.206774,47.15332]},"properties":{"data":"2021-07-08","adresas":"21 LES SAUVIONNIERES","tipas":"namas","plotas_m2":99,"kambariai":5,"priklausiniai":0,"kaina_eur":144010,"eur_m2":1455,"atstumas_m":4606,"metai":2021,"sklypas":"44212000YN0203"}},{"type":"Feature","geometry":{"type":"Point","coordinates":[-1.263405,47.175857]},"properties":{"data":"2021-07-09","adresas":"4 ALL DES CHARMES","tipas":"namas","plotas_m2":77,"kambariai":3,"priklausiniai":1,"kaina_eur":357000,"eur_m2":4636,"atstumas_m":1669,"metai":2021,"sklypas":"44212000AS0310"}},{"type":"Feature","geometry":{"type":"Point","coordinates":[-1.271783,47.164726]},"properties":{"data":"2021-07-19","adresas":"15 RUE JEAN DROUET","tipas":"namas","plotas_m2":99,"kambariai":5,"priklausiniai":0,"kaina_eur":225000,"eur_m2":2273,"atstumas_m":572,"metai":2021,"sklypas":"44212000AX0302"}},{"type":"Feature","geometry":{"type":"Point","coordinates":[-1.284012,47.164049]},"properties":{"data":"2021-07-20","adresas":"5835 FROMENTEAU","tipas":"namas","plotas_m2":210,"kambariai":6,"priklausiniai":1,"kaina_eur":590000,"eur_m2":2810,"atstumas_m":1363,"metai":2021,"sklypas":"44212000ZO0094"}},{"type":"Feature","geometry":{"type":"Point","coordinates":[-1.271618,47.162045]},"properties":{"data":"2021-07-23","adresas":"15 AV DU GENERAL HEURTAUX","tipas":"namas","plotas_m2":102,"kambariai":5,"priklausiniai":0,"kaina_eur":412000,"eur_m2":4039,"atstumas_m":400,"metai":2021,"sklypas":"44212000AX0249"}},{"type":"Feature","geometry":{"type":"Point","coordinates":[-1.256724,47.151449]},"properties":{"data":"2021-07-23","adresas":"107 LA FECUNIERE","tipas":"namas","plotas_m2":115,"kambariai":4,"priklausiniai":0,"kaina_eur":310000,"eur_m2":2696,"atstumas_m":1300,"metai":2021,"sklypas":"44212000ZT0061"}},{"type":"Feature","geometry":{"type":"Point","coordinates":[-1.271504,47.159445]},"properties":{"data":"2021-07-23","adresas":"19 RUE DES BOURGUIGNONS","tipas":"namas","plotas_m2":160,"kambariai":6,"priklausiniai":0,"kaina_eur":440000,"eur_m2":2750,"atstumas_m":413,"metai":2021,"sklypas":"44212000ZS0566"}},{"type":"Feature","geometry":{"type":"Point","coordinates":[-1.312435,47.151657]},"properties":{"data":"2021-07-05","adresas":"29 LA SALMONIERE","tipas":"namas","plotas_m2":105,"kambariai":2,"priklausiniai":1,"kaina_eur":205000,"eur_m2":1952,"atstumas_m":3625,"metai":2021,"sklypas":"44212000WN0047"}},{"type":"Feature","geometry":{"type":"Point","coordinates":[-1.298133,47.179018]},"properties":{"data":"2021-07-27","adresas":"430 LES LAURES","tipas":"namas","plotas_m2":63,"kambariai":3,"priklausiniai":1,"kaina_eur":170000,"eur_m2":2698,"atstumas_m":3119,"metai":2021,"sklypas":"44212000HM0084"}},{"type":"Feature","geometry":{"type":"Point","coordinates":[-1.272181,47.166022]},"properties":{"data":"2021-07-29","adresas":"15 RTE DE LA LOIRE","tipas":"namas","plotas_m2":85,"kambariai":4,"priklausiniai":1,"kaina_eur":210000,"eur_m2":2471,"atstumas_m":701,"metai":2021,"sklypas":"44212000AX0010"}},{"type":"Feature","geometry":{"type":"Point","coordinates":[-1.30622,47.163093]},"properties":{"data":"2021-07-29","adresas":"130 LE PROJET","tipas":"namas","plotas_m2":142,"kambariai":7,"priklausiniai":1,"kaina_eur":384895,"eur_m2":2711,"atstumas_m":3011,"metai":2021,"sklypas":"44212000ZH0115"}},{"type":"Feature","geometry":{"type":"Point","coordinates":[-1.25732,47.150974]},"properties":{"data":"2021-07-30","adresas":"128 LA FECUNIERE","tipas":"namas","plotas_m2":79,"kambariai":4,"priklausiniai":1,"kaina_eur":265000,"eur_m2":3354,"atstumas_m":1319,"metai":2021,"sklypas":"44212000ZT0082"}},{"type":"Feature","geometry":{"type":"Point","coordinates":[-1.311993,47.178015]},"properties":{"data":"2021-07-28","adresas":"8532 MOULIN DE LA VERRIE","tipas":"namas","plotas_m2":140,"kambariai":6,"priklausiniai":0,"kaina_eur":310000,"eur_m2":2214,"atstumas_m":3925,"metai":2021,"sklypas":"44212000HT0186"}},{"type":"Feature","geometry":{"type":"Point","coordinates":[-1.22392,47.160216]},"properties":{"data":"2021-07-30","adresas":"113 LA CHALOUSIERE","tipas":"namas","plotas_m2":65,"kambariai":2,"priklausiniai":0,"kaina_eur":160280,"eur_m2":2466,"atstumas_m":3229,"metai":2021,"sklypas":"44212000YC0076"}},{"type":"Feature","geometry":{"type":"Point","coordinates":[-1.298114,47.179795]},"properties":{"data":"2021-08-09","adresas":"413 LES LAURES","tipas":"namas","plotas_m2":148,"kambariai":6,"priklausiniai":0,"kaina_eur":355300,"eur_m2":2401,"atstumas_m":3174,"metai":2021,"sklypas":"44212000HN0065"}},{"type":"Feature","geometry":{"type":"Point","coordinates":[-1.319923,47.185828]},"properties":{"data":"2021-08-16","adresas":"67 LA BASSE TARAUDIERE","tipas":"namas","plotas_m2":159,"kambariai":4,"priklausiniai":1,"kaina_eur":320500,"eur_m2":2016,"atstumas_m":4893,"metai":2021,"sklypas":"44212000IK0244"}},{"type":"Feature","geometry":{"type":"Point","coordinates":[-1.271723,47.16117]},"properties":{"data":"2021-08-12","adresas":"27 RUE SAINT VINCENT","tipas":"butas","plotas_m2":23,"kambariai":1,"priklausiniai":1,"kaina_eur":62000,"eur_m2":2696,"atstumas_m":391,"metai":2021,"sklypas":"44212000AY0716"}},{"type":"Feature","geometry":{"type":"Point","coordinates":[-1.274392,47.180835]},"properties":{"data":"2021-07-30","adresas":"110 LA PETINIERE","tipas":"namas","plotas_m2":132,"kambariai":5,"priklausiniai":1,"kaina_eur":385000,"eur_m2":2917,"atstumas_m":2284,"metai":2021,"sklypas":"44212000AI0303"}},{"type":"Feature","geometry":{"type":"Point","coordinates":[-1.315589,47.185867]},"properties":{"data":"2021-08-23","adresas":"113 LA GOBINIERE","tipas":"namas","plotas_m2":117,"kambariai":5,"priklausiniai":1,"kaina_eur":350000,"eur_m2":2991,"atstumas_m":4629,"metai":2021,"sklypas":"44212000IK0173"}},{"type":"Feature","geometry":{"type":"Point","coordinates":[-1.240143,47.208426]},"properties":{"data":"2021-08-06","adresas":"8 LES ROSEAUX","tipas":"namas","plotas_m2":142,"kambariai":6,"priklausiniai":1,"kaina_eur":315000,"eur_m2":2218,"atstumas_m":5644,"metai":2021,"sklypas":"442120000A1332"}},{"type":"Feature","geometry":{"type":"Point","coordinates":[-1.20548,47.161797]},"properties":{"data":"2021-08-12","adresas":"10 LA POUINIERE","tipas":"namas","plotas_m2":160,"kambariai":5,"priklausiniai":1,"kaina_eur":336000,"eur_m2":2100,"atstumas_m":4624,"metai":2021,"sklypas":"44212000YH0100"}},{"type":"Feature","geometry":{"type":"Point","coordinates":[-1.26443,47.141596]},"properties":{"data":"2021-08-19","adresas":"131 CHAMPIONNET","tipas":"namas","plotas_m2":102,"kambariai":4,"priklausiniai":0,"kaina_eur":309750,"eur_m2":3037,"atstumas_m":2168,"metai":2021,"sklypas":"44212000XN0132"}},{"type":"Feature","geometry":{"type":"Point","coordinates":[-1.325704,47.182869]},"properties":{"data":"2021-08-25","adresas":"5463 LA MANDINIERE","tipas":"namas","plotas_m2":92,"kambariai":3,"priklausiniai":0,"kaina_eur":160000,"eur_m2":1739,"atstumas_m":5095,"metai":2021,"sklypas":"44212000HX0214"}},{"type":"Feature","geometry":{"type":"Point","coordinates":[-1.257953,47.155941]},"properties":{"data":"2021-09-07","adresas":"6050 L EMERAUDERIE","tipas":"namas","plotas_m2":136,"kambariai":5,"priklausiniai":1,"kaina_eur":230350,"eur_m2":1694,"atstumas_m":862,"metai":2021,"sklypas":"44212000CW0125"}},{"type":"Feature","geometry":{"type":"Point","coordinates":[-1.273105,47.165843]},"properties":{"data":"2021-08-30","adresas":"5 IMP DE LA MORINIERE","tipas":"namas","plotas_m2":125,"kambariai":6,"priklausiniai":1,"kaina_eur":445000,"eur_m2":3560,"atstumas_m":731,"metai":2021,"sklypas":"44212000AX0012"}},{"type":"Feature","geometry":{"type":"Point","coordinates":[-1.302529,47.161344]},"properties":{"data":"2021-09-06","adresas":"70 BONNE FONTAINE","tipas":"namas","plotas_m2":108,"kambariai":7,"priklausiniai":0,"kaina_eur":330000,"eur_m2":3056,"atstumas_m":2723,"metai":2021,"sklypas":"44212000ZH0157"}},{"type":"Feature","geometry":{"type":"Point","coordinates":[-1.282312,47.160998]},"properties":{"data":"2021-09-13","adresas":"25 LA NOUILLERE","tipas":"namas","plotas_m2":160,"kambariai":4,"priklausiniai":0,"kaina_eur":365000,"eur_m2":2281,"atstumas_m":1192,"metai":2021,"sklypas":"44212000ZR0308"}},{"type":"Feature","geometry":{"type":"Point","coordinates":[-1.268011,47.160886]},"properties":{"data":"2021-09-17","adresas":"46 RUE DES FORGES","tipas":"namas","plotas_m2":126,"kambariai":4,"priklausiniai":1,"kaina_eur":252900,"eur_m2":2007,"atstumas_m":111,"metai":2021,"sklypas":"44212000AY0563"}},{"type":"Feature","geometry":{"type":"Point","coordinates":[-1.284747,47.171907]},"properties":{"data":"2021-09-06","adresas":"10 LE HALDRAS","tipas":"namas","plotas_m2":77,"kambariai":4,"priklausiniai":0,"kaina_eur":215000,"eur_m2":2792,"atstumas_m":1834,"metai":2021,"sklypas":"44212000HI0034"}},{"type":"Feature","geometry":{"type":"Point","coordinates":[-1.266587,47.171086]},"properties":{"data":"2021-09-16","adresas":"12 RUE DES PEUPLIERS","tipas":"namas","plotas_m2":94,"kambariai":4,"priklausiniai":0,"kaina_eur":245000,"eur_m2":2606,"atstumas_m":1121,"metai":2021,"sklypas":"44212000AS0811"}},{"type":"Feature","geometry":{"type":"Point","coordinates":[-1.299517,47.179979]},"properties":{"data":"2021-09-15","adresas":"LES LAURES","tipas":"namas","plotas_m2":78,"kambariai":4,"priklausiniai":0,"kaina_eur":200000,"eur_m2":2564,"atstumas_m":3268,"metai":2021,"sklypas":"44212000HN0259"}},{"type":"Feature","geometry":{"type":"Point","coordinates":[-1.273326,47.169982]},"properties":{"data":"2021-09-09","adresas":"6 RUE DE LA HAUTE VILLE ARNOULT","tipas":"namas","plotas_m2":62,"kambariai":3,"priklausiniai":0,"kaina_eur":130000,"eur_m2":2097,"atstumas_m":1122,"metai":2021,"sklypas":"44212000AT0064"}},{"type":"Feature","geometry":{"type":"Point","coordinates":[-1.311482,47.186245]},"properties":{"data":"2021-09-20","adresas":"59 LES RAILLERES","tipas":"namas","plotas_m2":47,"kambariai":3,"priklausiniai":1,"kaina_eur":137000,"eur_m2":2915,"atstumas_m":4410,"metai":2021,"sklypas":"44212000AB0343"}},{"type":"Feature","geometry":{"type":"Point","coordinates":[-1.257347,47.16121]},"properties":{"data":"2021-09-29","adresas":"22 CHE DES MEUNIERS","tipas":"namas","plotas_m2":46,"kambariai":2,"priklausiniai":0,"kaina_eur":160000,"eur_m2":3478,"atstumas_m":698,"metai":2021,"sklypas":"44212000ZX0092"}},{"type":"Feature","geometry":{"type":"Point","coordinates":[-1.22205,47.171671]},"properties":{"data":"2021-10-01","adresas":"98 LES CHABOISSIERES","tipas":"namas","plotas_m2":74,"kambariai":3,"priklausiniai":0,"kaina_eur":260000,"eur_m2":3514,"atstumas_m":3572,"metai":2021,"sklypas":"44212000BK0657"}},{"type":"Feature","geometry":{"type":"Point","coordinates":[-1.271723,47.16117]},"properties":{"data":"2021-10-05","adresas":"27 RUE SAINT VINCENT","tipas":"butas","plotas_m2":59,"kambariai":3,"priklausiniai":1,"kaina_eur":139725,"eur_m2":2368,"atstumas_m":391,"metai":2021,"sklypas":"44212000AY0716"}},{"type":"Feature","geometry":{"type":"Point","coordinates":[-1.282527,47.160101]},"properties":{"data":"2021-09-29","adresas":"121 LA NOUILLERE","tipas":"namas","plotas_m2":81,"kambariai":5,"priklausiniai":0,"kaina_eur":242000,"eur_m2":2988,"atstumas_m":1213,"metai":2021,"sklypas":"44212000ZR0485"}},{"type":"Feature","geometry":{"type":"Point","coordinates":[-1.243302,47.196686]},"properties":{"data":"2021-09-13","adresas":"100 LES COURRERES","tipas":"namas","plotas_m2":98,"kambariai":4,"priklausiniai":0,"kaina_eur":247000,"eur_m2":2520,"atstumas_m":4343,"metai":2021,"sklypas":"442120000A0674"}},{"type":"Feature","geometry":{"type":"Point","coordinates":[-1.262207,47.173861]},"properties":{"data":"2021-10-13","adresas":"23 AV DU PARC","tipas":"namas","plotas_m2":87,"kambariai":5,"priklausiniai":0,"kaina_eur":295000,"eur_m2":3391,"atstumas_m":1467,"metai":2021,"sklypas":"44212000AR0157"}},{"type":"Feature","geometry":{"type":"Point","coordinates":[-1.228192,47.150029]},"properties":{"data":"2021-09-28","adresas":"6777 BOIS JAMBAS","tipas":"namas","plotas_m2":160,"kambariai":4,"priklausiniai":0,"kaina_eur":370800,"eur_m2":2318,"atstumas_m":3151,"metai":2021,"sklypas":"44212000YS0079"}},{"type":"Feature","geometry":{"type":"Point","coordinates":[-1.314727,47.154426]},"properties":{"data":"2021-09-27","adresas":"5629 LES GRANGES","tipas":"namas","plotas_m2":110,"kambariai":3,"priklausiniai":1,"kaina_eur":310000,"eur_m2":2818,"atstumas_m":3719,"metai":2021,"sklypas":"44212000WN0043"}},{"type":"Feature","geometry":{"type":"Point","coordinates":[-1.259951,47.162057]},"properties":{"data":"2021-09-30","adresas":"7 RUE DU VAL DE LOGNE","tipas":"namas","plotas_m2":86,"kambariai":5,"priklausiniai":0,"kaina_eur":250000,"eur_m2":2907,"atstumas_m":513,"metai":2021,"sklypas":"44212000AZ0186"}},{"type":"Feature","geometry":{"type":"Point","coordinates":[-1.222752,47.160518]},"properties":{"data":"2021-10-14","adresas":"401 LA CHALOUSIERE","tipas":"namas","plotas_m2":80,"kambariai":3,"priklausiniai":0,"kaina_eur":182000,"eur_m2":2275,"atstumas_m":3316,"metai":2021,"sklypas":"44212000CD0138"}},{"type":"Feature","geometry":{"type":"Point","coordinates":[-1.222324,47.173394]},"properties":{"data":"2021-10-08","adresas":"38 LES CHABOISSIERES","tipas":"namas","plotas_m2":122,"kambariai":4,"priklausiniai":0,"kaina_eur":290000,"eur_m2":2377,"atstumas_m":3621,"metai":2021,"sklypas":"44212000BK0109"}},{"type":"Feature","geometry":{"type":"Point","coordinates":[-1.269488,47.16153]},"properties":{"data":"2021-09-23","adresas":"18 AV DU GENERAL HEURTAUX","tipas":"namas","plotas_m2":70,"kambariai":3,"priklausiniai":0,"kaina_eur":150000,"eur_m2":2143,"atstumas_m":229,"metai":2021,"sklypas":"44212000AY0037"}},{"type":"Feature","geometry":{"type":"Point","coordinates":[-1.308364,47.163456]},"properties":{"data":"2021-10-19","adresas":"144 BONNE FONTAINE","tipas":"namas","plotas_m2":95,"kambariai":6,"priklausiniai":0,"kaina_eur":195000,"eur_m2":2053,"atstumas_m":3176,"metai":2021,"sklypas":"44212000ZH0605"}},{"type":"Feature","geometry":{"type":"Point","coordinates":[-1.274133,47.16506]},"properties":{"data":"2021-10-26","adresas":"19 AV BEETHOVEN","tipas":"namas","plotas_m2":89,"kambariai":4,"priklausiniai":0,"kaina_eur":310485,"eur_m2":3489,"atstumas_m":729,"metai":2021,"sklypas":"44212000AX0146"}},{"type":"Feature","geometry":{"type":"Point","coordinates":[-1.267173,47.159758]},"properties":{"data":"2021-10-20","adresas":"12 RUE DU PROGRES","tipas":"butas","plotas_m2":65,"kambariai":3,"priklausiniai":1,"kaina_eur":200000,"eur_m2":3077,"atstumas_m":148,"metai":2021,"sklypas":"44212000AY0440"}},{"type":"Feature","geometry":{"type":"Point","coordinates":[-1.299971,47.160728]},"properties":{"data":"2021-10-28","adresas":"16 BONNE FONTAINE","tipas":"namas","plotas_m2":120,"kambariai":6,"priklausiniai":0,"kaina_eur":250000,"eur_m2":2083,"atstumas_m":2529,"metai":2021,"sklypas":"44212000ZH0159"}},{"type":"Feature","geometry":{"type":"Point","coordinates":[-1.222489,47.160735]},"properties":{"data":"2021-10-27","adresas":"402 LA CHALOUSIERE","tipas":"namas","plotas_m2":70,"kambariai":2,"priklausiniai":0,"kaina_eur":100000,"eur_m2":1429,"atstumas_m":3336,"metai":2021,"sklypas":"44212000CD0128"}},{"type":"Feature","geometry":{"type":"Point","coordinates":[-1.266162,47.171912]},"properties":{"data":"2021-11-26","adresas":"1 RUE DES PEUPLIERS","tipas":"namas","plotas_m2":94,"kambariai":4,"priklausiniai":0,"kaina_eur":293297,"eur_m2":3120,"atstumas_m":1213,"metai":2021,"sklypas":"44212000AS0785"}},{"type":"Feature","geometry":{"type":"Point","coordinates":[-1.267785,47.156846]},"properties":{"data":"2021-11-22","adresas":"39 RUE SAINT CHRISTOPHE","tipas":"namas","plotas_m2":70,"kambariai":2,"priklausiniai":0,"kaina_eur":130000,"eur_m2":1857,"atstumas_m":474,"metai":2021,"sklypas":"44212000ZS0294"}},{"type":"Feature","geometry":{"type":"Point","coordinates":[-1.26715,47.16051]},"properties":{"data":"2021-11-22","adresas":"3 RLE DES TEINTURIERS","tipas":"namas","plotas_m2":22,"kambariai":1,"priklausiniai":0,"kaina_eur":39000,"eur_m2":1773,"atstumas_m":72,"metai":2021,"sklypas":"44212000AY0519"}},{"type":"Feature","geometry":{"type":"Point","coordinates":[-1.2286,47.145898]},"properties":{"data":"2021-11-08","adresas":"144 LES CORBEILLERES","tipas":"namas","plotas_m2":80,"kambariai":3,"priklausiniai":0,"kaina_eur":127500,"eur_m2":1594,"atstumas_m":3330,"metai":2021,"sklypas":"44212000YX0142"}},{"type":"Feature","geometry":{"type":"Point","coordinates":[-1.257934,47.162389]},"properties":{"data":"2021-12-13","adresas":"13 RUE DU CLOS JULIENNE","tipas":"namas","plotas_m2":142,"kambariai":5,"priklausiniai":0,"kaina_eur":400000,"eur_m2":2817,"atstumas_m":671,"metai":2021,"sklypas":"44212000AZ0424"}},{"type":"Feature","geometry":{"type":"Point","coordinates":[-1.206152,47.153061]},"properties":{"data":"2021-12-06","adresas":"31 LES SAUVIONNIERES","tipas":"namas","plotas_m2":80,"kambariai":5,"priklausiniai":0,"kaina_eur":190000,"eur_m2":2375,"atstumas_m":4657,"metai":2021,"sklypas":"44212000YN0055"}},{"type":"Feature","geometry":{"type":"Point","coordinates":[-1.195559,47.159024]},"properties":{"data":"2021-11-25","adresas":"7599 LA GRAVOIRE","tipas":"namas","plotas_m2":125,"kambariai":6,"priklausiniai":0,"kaina_eur":296200,"eur_m2":2370,"atstumas_m":5379,"metai":2021,"sklypas":"44212000YL0037"}},{"type":"Feature","geometry":{"type":"Point","coordinates":[-1.308332,47.145401]},"properties":{"data":"2021-12-16","adresas":"220 LA MASSONNIERE","tipas":"namas","plotas_m2":50,"kambariai":3,"priklausiniai":0,"kaina_eur":86000,"eur_m2":1720,"atstumas_m":3608,"metai":2021,"sklypas":"44212000WK0136"}},{"type":"Feature","geometry":{"type":"Point","coordinates":[-1.2669,47.159253]},"properties":{"data":"2021-12-16","adresas":"20 RUE SAINT CHRISTOPHE","tipas":"namas","plotas_m2":117,"kambariai":5,"priklausiniai":0,"kaina_eur":285000,"eur_m2":2436,"atstumas_m":198,"metai":2021,"sklypas":"44212000AY1472"}},{"type":"Feature","geometry":{"type":"Point","coordinates":[-1.274659,47.164609]},"properties":{"data":"2021-12-17","adresas":"38 AV DU GENERAL HEURTAUX","tipas":"namas","plotas_m2":127,"kambariai":5,"priklausiniai":0,"kaina_eur":366000,"eur_m2":2882,"atstumas_m":732,"metai":2021,"sklypas":"44212000AX0032"}},{"type":"Feature","geometry":{"type":"Point","coordinates":[-1.242275,47.196199]},"properties":{"data":"2021-12-21","adresas":"301 LES COURRERES","tipas":"namas","plotas_m2":95,"kambariai":4,"priklausiniai":1,"kaina_eur":313000,"eur_m2":3295,"atstumas_m":4326,"metai":2021,"sklypas":"44212000AM0547"}},{"type":"Feature","geometry":{"type":"Point","coordinates":[-1.221514,47.172046]},"properties":{"data":"2021-12-23","adresas":"106 LES CHABOISSIERES","tipas":"namas","plotas_m2":62,"kambariai":2,"priklausiniai":0,"kaina_eur":243480,"eur_m2":3927,"atstumas_m":3624,"metai":2021,"sklypas":"44212000BK0680"}},{"type":"Feature","geometry":{"type":"Point","coordinates":[-1.265285,47.160551]},"properties":{"data":"2022-01-10","adresas":"4 RUE DE BAZOGES","tipas":"butas","plotas_m2":64,"kambariai":3,"priklausiniai":0,"kaina_eur":180000,"eur_m2":2812,"atstumas_m":110,"metai":2022,"sklypas":"44212000AY0395"}},{"type":"Feature","geometry":{"type":"Point","coordinates":[-1.287129,47.171071]},"properties":{"data":"2022-01-11","adresas":"26 LA MOUCLETIERE","tipas":"namas","plotas_m2":126,"kambariai":5,"priklausiniai":0,"kaina_eur":395000,"eur_m2":3135,"atstumas_m":1917,"metai":2022,"sklypas":"44212000HI0049"}},{"type":"Feature","geometry":{"type":"Point","coordinates":[-1.267655,47.172031]},"properties":{"data":"2022-01-04","adresas":"4 RUE DE L AUBEPINE","tipas":"namas","plotas_m2":80,"kambariai":4,"priklausiniai":0,"kaina_eur":265000,"eur_m2":3312,"atstumas_m":1229,"metai":2022,"sklypas":"44212000AT0250"}},{"type":"Feature","geometry":{"type":"Point","coordinates":[-1.256628,47.1636]},"properties":{"data":"2022-01-19","adresas":"73 RUE D ANJOU","tipas":"namas","plotas_m2":80,"kambariai":3,"priklausiniai":0,"kaina_eur":299000,"eur_m2":3738,"atstumas_m":805,"metai":2022,"sklypas":"44212000AZ0123"}},{"type":"Feature","geometry":{"type":"Point","coordinates":[-1.266149,47.171426]},"properties":{"data":"2022-01-10","adresas":"2 RUE DES PEUPLIERS","tipas":"namas","plotas_m2":90,"kambariai":4,"priklausiniai":0,"kaina_eur":290000,"eur_m2":3222,"atstumas_m":1159,"metai":2022,"sklypas":"44212000AS0797"}},{"type":"Feature","geometry":{"type":"Point","coordinates":[-1.271723,47.16117]},"properties":{"data":"2022-02-01","adresas":"27 RUE SAINT VINCENT","tipas":"butas","plotas_m2":26,"kambariai":2,"priklausiniai":1,"kaina_eur":72000,"eur_m2":2769,"atstumas_m":391,"metai":2022,"sklypas":"44212000AY0716"}},{"type":"Feature","geometry":{"type":"Point","coordinates":[-1.298048,47.179976]},"properties":{"data":"2022-02-18","adresas":"508 LES LAURES","tipas":"namas","plotas_m2":60,"kambariai":3,"priklausiniai":0,"kaina_eur":140000,"eur_m2":2333,"atstumas_m":3183,"metai":2022,"sklypas":"44212000HN0063"}},{"type":"Feature","geometry":{"type":"Point","coordinates":[-1.27205,47.181241]},"properties":{"data":"2022-02-25","adresas":"30 LA PETINIERE","tipas":"namas","plotas_m2":65,"kambariai":3,"priklausiniai":1,"kaina_eur":160000,"eur_m2":2462,"atstumas_m":2289,"metai":2022,"sklypas":"44212000AI0157"}},{"type":"Feature","geometry":{"type":"Point","coordinates":[-1.272912,47.163484]},"properties":{"data":"2022-03-01","adresas":"34 AV DU GENERAL HEURTAUX","tipas":"namas","plotas_m2":76,"kambariai":4,"priklausiniai":1,"kaina_eur":271000,"eur_m2":3566,"atstumas_m":554,"metai":2022,"sklypas":"44212000AX0257"}},{"type":"Feature","geometry":{"type":"Point","coordinates":[-1.244333,47.18785]},"properties":{"data":"2022-03-02","adresas":"13 LES GIRAUDIERES","tipas":"namas","plotas_m2":157,"kambariai":6,"priklausiniai":0,"kaina_eur":405000,"eur_m2":2580,"atstumas_m":3428,"metai":2022,"sklypas":"44212000AL0528"}},{"type":"Feature","geometry":{"type":"Point","coordinates":[-1.248345,47.186859]},"properties":{"data":"2022-03-02","adresas":"9 LES CREUSETTES","tipas":"namas","plotas_m2":70,"kambariai":2,"priklausiniai":0,"kaina_eur":229000,"eur_m2":3271,"atstumas_m":3190,"metai":2022,"sklypas":"44212000AL0438"}},{"type":"Feature","geometry":{"type":"Point","coordinates":[-1.271723,47.16117]},"properties":{"data":"2022-02-25","adresas":"27 RUE SAINT VINCENT","tipas":"butas","plotas_m2":23,"kambariai":2,"priklausiniai":1,"kaina_eur":62000,"eur_m2":2696,"atstumas_m":391,"metai":2022,"sklypas":"44212000AY0716"}},{"type":"Feature","geometry":{"type":"Point","coordinates":[-1.266371,47.161083]},"properties":{"data":"2022-03-10","adresas":"12 RUE DU RIBATEAU","tipas":"namas","plotas_m2":80,"kambariai":3,"priklausiniai":0,"kaina_eur":190266,"eur_m2":2378,"atstumas_m":16,"metai":2022,"sklypas":"44212000AY1478"}},{"type":"Feature","geometry":{"type":"Point","coordinates":[-1.257153,47.162186]},"properties":{"data":"2022-03-15","adresas":"7 RUE DU SOLEIL LEVANT","tipas":"namas","plotas_m2":119,"kambariai":5,"priklausiniai":0,"kaina_eur":340000,"eur_m2":2857,"atstumas_m":724,"metai":2022,"sklypas":"44212000AZ0440"}},{"type":"Feature","geometry":{"type":"Point","coordinates":[-1.241237,47.210723]},"properties":{"data":"2022-03-03","adresas":"5256 LES ROSEAUX","tipas":"namas","plotas_m2":52,"kambariai":1,"priklausiniai":0,"kaina_eur":130000,"eur_m2":2500,"atstumas_m":5856,"metai":2022,"sklypas":"442120000A1269"}},{"type":"Feature","geometry":{"type":"Point","coordinates":[-1.264445,47.163765]},"properties":{"data":"2022-03-07","adresas":"12 RUE DU CHENE VERDET","tipas":"namas","plotas_m2":90,"kambariai":5,"priklausiniai":0,"kaina_eur":270000,"eur_m2":3000,"atstumas_m":345,"metai":2022,"sklypas":"44212000AY0755"}},{"type":"Feature","geometry":{"type":"Point","coordinates":[-1.230223,47.143509]},"properties":{"data":"2022-03-11","adresas":"36 LES CORBEILLERES","tipas":"namas","plotas_m2":105,"kambariai":5,"priklausiniai":0,"kaina_eur":320000,"eur_m2":3048,"atstumas_m":3371,"metai":2022,"sklypas":"44212000YW0041"}},{"type":"Feature","geometry":{"type":"Point","coordinates":[-1.205793,47.152534]},"properties":{"data":"2022-03-16","adresas":"208 LES SAUVIONNIERES","tipas":"namas","plotas_m2":145,"kambariai":6,"priklausiniai":1,"kaina_eur":174000,"eur_m2":1200,"atstumas_m":4695,"metai":2022,"sklypas":"44212000YN0076"}},{"type":"Feature","geometry":{"type":"Point","coordinates":[-1.298857,47.180203]},"properties":{"data":"2022-03-29","adresas":"405 LES LAURES","tipas":"namas","plotas_m2":124,"kambariai":4,"priklausiniai":0,"kaina_eur":195000,"eur_m2":1573,"atstumas_m":3246,"metai":2022,"sklypas":"44212000HN0119"}},{"type":"Feature","geometry":{"type":"Point","coordinates":[-1.229043,47.145531]},"properties":{"data":"2022-03-22","adresas":"130 LES CORBEILLERES","tipas":"namas","plotas_m2":236,"kambariai":4,"priklausiniai":0,"kaina_eur":350375,"eur_m2":1485,"atstumas_m":3322,"metai":2022,"sklypas":"44212000YX0236"}},{"type":"Feature","geometry":{"type":"Point","coordinates":[-1.229408,47.211087]},"properties":{"data":"2022-03-25","adresas":"10 MOULIN BONDU","tipas":"namas","plotas_m2":91,"kambariai":3,"priklausiniai":0,"kaina_eur":210000,"eur_m2":2308,"atstumas_m":6243,"metai":2022,"sklypas":"442120000A1282"}},{"type":"Feature","geometry":{"type":"Point","coordinates":[-1.271723,47.16117]},"properties":{"data":"2022-03-30","adresas":"27 RUE SAINT VINCENT","tipas":"butas","plotas_m2":59,"kambariai":3,"priklausiniai":2,"kaina_eur":140000,"eur_m2":2373,"atstumas_m":391,"metai":2022,"sklypas":"44212000AY0716"}},{"type":"Feature","geometry":{"type":"Point","coordinates":[-1.272881,47.161295]},"properties":{"data":"2022-04-07","adresas":"35 RUE SAINT VINCENT","tipas":"namas","plotas_m2":64,"kambariai":3,"priklausiniai":0,"kaina_eur":177000,"eur_m2":2766,"atstumas_m":479,"metai":2022,"sklypas":"44212000ZR0205"}},{"type":"Feature","geometry":{"type":"Point","coordinates":[-1.261595,47.163959]},"properties":{"data":"2022-04-22","adresas":"5010 IMP DE LA CROIX TOURNEAU","tipas":"namas","plotas_m2":89,"kambariai":4,"priklausiniai":0,"kaina_eur":319000,"eur_m2":3584,"atstumas_m":498,"metai":2022,"sklypas":"44212000AY1744"}},{"type":"Feature","geometry":{"type":"Point","coordinates":[-1.269404,47.172027]},"properties":{"data":"2022-04-21","adresas":"22 RUE DE L AUBEPINE","tipas":"namas","plotas_m2":153,"kambariai":8,"priklausiniai":0,"kaina_eur":390000,"eur_m2":2549,"atstumas_m":1244,"metai":2022,"sklypas":"44212000AT0259"}},{"type":"Feature","geometry":{"type":"Point","coordinates":[-1.262613,47.163247]},"properties":{"data":"2022-04-27","adresas":"12 RUE GUERIN PARIS","tipas":"namas","plotas_m2":80,"kambariai":4,"priklausiniai":1,"kaina_eur":290000,"eur_m2":3625,"atstumas_m":388,"metai":2022,"sklypas":"44212000AY0761"}},{"type":"Feature","geometry":{"type":"Point","coordinates":[-1.28928,47.163229]},"properties":{"data":"2022-04-25","adresas":"5736 LAUNAY DE FROMENTEAU","tipas":"namas","plotas_m2":81,"kambariai":2,"priklausiniai":0,"kaina_eur":145000,"eur_m2":1790,"atstumas_m":1737,"metai":2022,"sklypas":"44212000ZO0127"}},{"type":"Feature","geometry":{"type":"Point","coordinates":[-1.304316,47.172505]},"properties":{"data":"2022-05-06","adresas":"3 LA TOURNERIE","tipas":"namas","plotas_m2":71,"kambariai":4,"priklausiniai":0,"kaina_eur":150000,"eur_m2":2113,"atstumas_m":3131,"metai":2022,"sklypas":"44212000EX0112"}},{"type":"Feature","geometry":{"type":"Point","coordinates":[-1.289178,47.163394]},"properties":{"data":"2022-05-09","adresas":"7235 LAUNAY DE FROMENTEAU","tipas":"namas","plotas_m2":94,"kambariai":4,"priklausiniai":1,"kaina_eur":144515,"eur_m2":1537,"atstumas_m":1732,"metai":2022,"sklypas":"44212000ZO0041"}},{"type":"Feature","geometry":{"type":"Point","coordinates":[-1.282,47.159107]},"properties":{"data":"2022-05-13","adresas":"109 LA NOUILLERE","tipas":"namas","plotas_m2":131,"kambariai":5,"priklausiniai":0,"kaina_eur":360000,"eur_m2":2748,"atstumas_m":1188,"metai":2022,"sklypas":"44212000ZR0377"}},{"type":"Feature","geometry":{"type":"Point","coordinates":[-1.273216,47.161234]},"properties":{"data":"2022-05-23","adresas":"39 RUE SAINT VINCENT","tipas":"namas","plotas_m2":107,"kambariai":5,"priklausiniai":1,"kaina_eur":275000,"eur_m2":2570,"atstumas_m":504,"metai":2022,"sklypas":"44212000ZR0203"}},{"type":"Feature","geometry":{"type":"Point","coordinates":[-1.267907,47.160885]},"properties":{"data":"2022-05-17","adresas":"42 RUE DES FORGES","tipas":"namas","plotas_m2":60,"kambariai":3,"priklausiniai":1,"kaina_eur":175023,"eur_m2":2917,"atstumas_m":103,"metai":2022,"sklypas":"44212000AY0565"}},{"type":"Feature","geometry":{"type":"Point","coordinates":[-1.22669,47.161437]},"properties":{"data":"2022-06-09","adresas":"12 LA BREBIAUDIERE","tipas":"namas","plotas_m2":136,"kambariai":6,"priklausiniai":0,"kaina_eur":240800,"eur_m2":1771,"atstumas_m":3018,"metai":2022,"sklypas":"44212000CD0296"}},{"type":"Feature","geometry":{"type":"Point","coordinates":[-1.262373,47.163365]},"properties":{"data":"2022-06-21","adresas":"14 RUE GUERIN PARIS","tipas":"namas","plotas_m2":102,"kambariai":4,"priklausiniai":0,"kaina_eur":232500,"eur_m2":2279,"atstumas_m":411,"metai":2022,"sklypas":"44212000AY0762"}},{"type":"Feature","geometry":{"type":"Point","coordinates":[-1.320368,47.183802]},"properties":{"data":"2022-06-17","adresas":"15 LA GOBINIERE","tipas":"namas","plotas_m2":122,"kambariai":5,"priklausiniai":1,"kaina_eur":319000,"eur_m2":2615,"atstumas_m":4798,"metai":2022,"sklypas":"44212000IK0154"}},{"type":"Feature","geometry":{"type":"Point","coordinates":[-1.257812,47.16353]},"properties":{"data":"2022-06-29","adresas":"4 IMP DE LA CHAROUILLERE DU MOUL","tipas":"namas","plotas_m2":41,"kambariai":2,"priklausiniai":0,"kaina_eur":150000,"eur_m2":3659,"atstumas_m":719,"metai":2022,"sklypas":"44212000AZ0111"}},{"type":"Feature","geometry":{"type":"Point","coordinates":[-1.299374,47.161199]},"properties":{"data":"2022-06-14","adresas":"10 BONNE FONTAINE","tipas":"namas","plotas_m2":126,"kambariai":4,"priklausiniai":1,"kaina_eur":380000,"eur_m2":3016,"atstumas_m":2484,"metai":2022,"sklypas":"44212000ZI0056"}},{"type":"Feature","geometry":{"type":"Point","coordinates":[-1.271487,47.166105]},"properties":{"data":"2022-06-27","adresas":"16 RTE DE LA LOIRE","tipas":"namas","plotas_m2":115,"kambariai":5,"priklausiniai":1,"kaina_eur":278250,"eur_m2":2420,"atstumas_m":678,"metai":2022,"sklypas":"44212000AT0044"}},{"type":"Feature","geometry":{"type":"Point","coordinates":[-1.268545,47.1618]},"properties":{"data":"2022-06-30","adresas":"12 RUE EMILE GABORY","tipas":"namas","plotas_m2":104,"kambariai":4,"priklausiniai":0,"kaina_eur":283750,"eur_m2":2728,"atstumas_m":174,"metai":2022,"sklypas":"44212000AY0682"}},{"type":"Feature","geometry":{"type":"Point","coordinates":[-1.221514,47.172046]},"properties":{"data":"2022-06-28","adresas":"106 LES CHABOISSIERES","tipas":"namas","plotas_m2":62,"kambariai":2,"priklausiniai":0,"kaina_eur":269000,"eur_m2":4339,"atstumas_m":3624,"metai":2022,"sklypas":"44212000BK0680"}},{"type":"Feature","geometry":{"type":"Point","coordinates":[-1.243055,47.197459]},"properties":{"data":"2022-06-10","adresas":"110 LES COURRERES","tipas":"namas","plotas_m2":127,"kambariai":5,"priklausiniai":0,"kaina_eur":196400,"eur_m2":1546,"atstumas_m":4430,"metai":2022,"sklypas":"442120000A1305"}},{"type":"Feature","geometry":{"type":"Point","coordinates":[-1.265318,47.173245]},"properties":{"data":"2022-06-27","adresas":"2 RUE DES FRENES","tipas":"namas","plotas_m2":105,"kambariai":5,"priklausiniai":0,"kaina_eur":357000,"eur_m2":3400,"atstumas_m":1364,"metai":2022,"sklypas":"44212000AS0735"}},{"type":"Feature","geometry":{"type":"Point","coordinates":[-1.243051,47.195603]},"properties":{"data":"2022-07-06","adresas":"324 LES COURRERES","tipas":"namas","plotas_m2":112,"kambariai":5,"priklausiniai":1,"kaina_eur":347850,"eur_m2":3106,"atstumas_m":4241,"metai":2022,"sklypas":"44212000AM0408"}},{"type":"Feature","geometry":{"type":"Point","coordinates":[-1.266183,47.172062]},"properties":{"data":"2022-07-04","adresas":"2 RUE DES MARRONNIERS","tipas":"namas","plotas_m2":100,"kambariai":4,"priklausiniai":0,"kaina_eur":338000,"eur_m2":3380,"atstumas_m":1230,"metai":2022,"sklypas":"44212000AS0784"}},{"type":"Feature","geometry":{"type":"Point","coordinates":[-1.262321,47.173517]},"properties":{"data":"2022-07-07","adresas":"21 AV DU PARC","tipas":"namas","plotas_m2":95,"kambariai":5,"priklausiniai":0,"kaina_eur":283500,"eur_m2":2984,"atstumas_m":1428,"metai":2022,"sklypas":"44212000AR0156"}},{"type":"Feature","geometry":{"type":"Point","coordinates":[-1.240913,47.154543]},"properties":{"data":"2022-07-06","adresas":"124 LE CLERAY","tipas":"namas","plotas_m2":140,"kambariai":4,"priklausiniai":0,"kaina_eur":320000,"eur_m2":2286,"atstumas_m":2071,"metai":2022,"sklypas":"44212000YA0109"}},{"type":"Feature","geometry":{"type":"Point","coordinates":[-1.270847,47.159897]},"properties":{"data":"2022-07-11","adresas":"RUE DES BOURGUIGNONS","tipas":"namas","plotas_m2":85,"kambariai":3,"priklausiniai":1,"kaina_eur":280000,"eur_m2":3294,"atstumas_m":348,"metai":2022,"sklypas":"44212000ZS0138"}},{"type":"Feature","geometry":{"type":"Point","coordinates":[-1.261131,47.173542]},"properties":{"data":"2022-07-13","adresas":"29 AV DU PARC","tipas":"namas","plotas_m2":135,"kambariai":7,"priklausiniai":1,"kaina_eur":338000,"eur_m2":2504,"atstumas_m":1454,"metai":2022,"sklypas":"44212000AR0160"}},{"type":"Feature","geometry":{"type":"Point","coordinates":[-1.312812,47.177324]},"properties":{"data":"2022-07-20","adresas":"29 MOULIN DE LA VERRIE","tipas":"namas","plotas_m2":120,"kambariai":4,"priklausiniai":1,"kaina_eur":335320,"eur_m2":2794,"atstumas_m":3943,"metai":2022,"sklypas":"44212000HT0086"}},{"type":"Feature","geometry":{"type":"Point","coordinates":[-1.258402,47.16329]},"properties":{"data":"2022-08-04","adresas":"59 RUE D ANJOU","tipas":"namas","plotas_m2":43,"kambariai":3,"priklausiniai":1,"kaina_eur":153800,"eur_m2":3577,"atstumas_m":667,"metai":2022,"sklypas":"44212000AZ0103"}},{"type":"Feature","geometry":{"type":"Point","coordinates":[-1.270257,47.164625]},"properties":{"data":"2022-08-02","adresas":"6 RTE DE LA LOIRE","tipas":"namas","plotas_m2":180,"kambariai":4,"priklausiniai":1,"kaina_eur":433200,"eur_m2":2407,"atstumas_m":489,"metai":2022,"sklypas":"44212000AT0636"}},{"type":"Feature","geometry":{"type":"Point","coordinates":[-1.266168,47.160462]},"properties":{"data":"2022-08-22","adresas":"12 RUE DE L ACADEMIE","tipas":"namas","plotas_m2":19,"kambariai":1,"priklausiniai":0,"kaina_eur":136600,"eur_m2":7189,"atstumas_m":69,"metai":2022,"sklypas":"44212000AY0470"}},{"type":"Feature","geometry":{"type":"Point","coordinates":[-1.267801,47.161366]},"properties":{"data":"2022-07-12","adresas":"13 RUE TRAVERSIERE","tipas":"butas","plotas_m2":87,"kambariai":4,"priklausiniai":1,"kaina_eur":255000,"eur_m2":2931,"atstumas_m":102,"metai":2022,"sklypas":"44212000AY0582"}},{"type":"Feature","geometry":{"type":"Point","coordinates":[-1.256928,47.151275]},"properties":{"data":"2022-08-25","adresas":"109 LA FECUNIERE","tipas":"namas","plotas_m2":111,"kambariai":5,"priklausiniai":0,"kaina_eur":320000,"eur_m2":2883,"atstumas_m":1307,"metai":2022,"sklypas":"44212000ZT0063"}},{"type":"Feature","geometry":{"type":"Point","coordinates":[-1.248018,47.186817]},"properties":{"data":"2022-08-12","adresas":"15 LES CREUSETTES","tipas":"namas","plotas_m2":75,"kambariai":3,"priklausiniai":1,"kaina_eur":240000,"eur_m2":3200,"atstumas_m":3197,"metai":2022,"sklypas":"44212000AL0535"}},{"type":"Feature","geometry":{"type":"Point","coordinates":[-1.306477,47.162548]},"properties":{"data":"2022-08-31","adresas":"129 LE PROJET","tipas":"namas","plotas_m2":157,"kambariai":4,"priklausiniai":0,"kaina_eur":332000,"eur_m2":2115,"atstumas_m":3026,"metai":2022,"sklypas":"44212000ZH0381"}},{"type":"Feature","geometry":{"type":"Point","coordinates":[-1.267198,47.171179]},"properties":{"data":"2022-08-10","adresas":"7 VC DE LA POMMERAIE","tipas":"namas","plotas_m2":96,"kambariai":5,"priklausiniai":0,"kaina_eur":300000,"eur_m2":3125,"atstumas_m":1132,"metai":2022,"sklypas":"44212000AT0246"}},{"type":"Feature","geometry":{"type":"Point","coordinates":[-1.270475,47.160753]},"properties":{"data":"2022-09-12","adresas":"3 RUE DES BOURGUIGNONS","tipas":"namas","plotas_m2":76,"kambariai":3,"priklausiniai":0,"kaina_eur":353500,"eur_m2":4651,"atstumas_m":298,"metai":2022,"sklypas":"44212000AY0724"}},{"type":"Feature","geometry":{"type":"Point","coordinates":[-1.264183,47.200986]},"properties":{"data":"2022-09-02","adresas":"16 BRAUD","tipas":"namas","plotas_m2":122,"kambariai":5,"priklausiniai":0,"kaina_eur":370200,"eur_m2":3034,"atstumas_m":4453,"metai":2022,"sklypas":"44212000AD0284"}},{"type":"Feature","geometry":{"type":"Point","coordinates":[-1.274889,47.161497]},"properties":{"data":"2022-08-16","adresas":"51 RUE SAINT VINCENT","tipas":"namas","plotas_m2":120,"kambariai":5,"priklausiniai":1,"kaina_eur":425000,"eur_m2":3542,"atstumas_m":633,"metai":2022,"sklypas":"44212000ZR0289"}},{"type":"Feature","geometry":{"type":"Point","coordinates":[-1.250528,47.138927]},"properties":{"data":"2022-09-05","adresas":"314 LA DEBAUDIERE","tipas":"namas","plotas_m2":110,"kambariai":4,"priklausiniai":2,"kaina_eur":288750,"eur_m2":2625,"atstumas_m":2742,"metai":2022,"sklypas":"44212000XD0107"}},{"type":"Feature","geometry":{"type":"Point","coordinates":[-1.266234,47.1724]},"properties":{"data":"2022-09-13","adresas":"5 IMP DES BOULEAUX","tipas":"namas","plotas_m2":94,"kambariai":4,"priklausiniai":0,"kaina_eur":299000,"eur_m2":3181,"atstumas_m":1267,"metai":2022,"sklypas":"44212000AS0778"}},{"type":"Feature","geometry":{"type":"Point","coordinates":[-1.268013,47.159581]},"properties":{"data":"2022-08-29","adresas":"10 CHE DES BUTTES","tipas":"namas","plotas_m2":115,"kambariai":6,"priklausiniai":0,"kaina_eur":320000,"eur_m2":2783,"atstumas_m":194,"metai":2022,"sklypas":"44212000AY1541"}},{"type":"Feature","geometry":{"type":"Point","coordinates":[-1.204525,47.160279]},"properties":{"data":"2022-09-27","adresas":"220 LA POUINIERE","tipas":"namas","plotas_m2":165,"kambariai":5,"priklausiniai":0,"kaina_eur":430000,"eur_m2":2606,"atstumas_m":4696,"metai":2022,"sklypas":"44212000YI0058"}},{"type":"Feature","geometry":{"type":"Point","coordinates":[-1.265977,47.156323]},"properties":{"data":"2022-09-27","adresas":"6991 CHAMPS FOUGEROUX","tipas":"namas","plotas_m2":180,"kambariai":6,"priklausiniai":1,"kaina_eur":680000,"eur_m2":3778,"atstumas_m":524,"metai":2022,"sklypas":"44212000ZS0689"}},{"type":"Feature","geometry":{"type":"Point","coordinates":[-1.267801,47.161366]},"properties":{"data":"2022-09-08","adresas":"13 RUE TRAVERSIERE","tipas":"butas","plotas_m2":42,"kambariai":2,"priklausiniai":0,"kaina_eur":90000,"eur_m2":2143,"atstumas_m":102,"metai":2022,"sklypas":"44212000AY0582"}},{"type":"Feature","geometry":{"type":"Point","coordinates":[-1.257255,47.164324]},"properties":{"data":"2022-09-14","adresas":"15 IMP DE LA CHAROUILLERE DU MOUL","tipas":"namas","plotas_m2":258,"kambariai":9,"priklausiniai":0,"kaina_eur":460000,"eur_m2":1783,"atstumas_m":795,"metai":2022,"sklypas":"44212000AZ0536"}},{"type":"Feature","geometry":{"type":"Point","coordinates":[-1.262126,47.162322]},"properties":{"data":"2022-09-30","adresas":"31 RUE D ANJOU","tipas":"namas","plotas_m2":45,"kambariai":2,"priklausiniai":0,"kaina_eur":235560,"eur_m2":5235,"atstumas_m":366,"metai":2022,"sklypas":"44212000AY0189"}},{"type":"Feature","geometry":{"type":"Point","coordinates":[-1.205574,47.152758]},"properties":{"data":"2022-10-05","adresas":"14 LES SAUVIONNIERES","tipas":"namas","plotas_m2":122,"kambariai":5,"priklausiniai":1,"kaina_eur":340300,"eur_m2":2789,"atstumas_m":4707,"metai":2022,"sklypas":"44212000YN0126"}},{"type":"Feature","geometry":{"type":"Point","coordinates":[-1.261817,47.158779]},"properties":{"data":"2022-10-07","adresas":"8276 RUE DE BAZOGES","tipas":"namas","plotas_m2":70,"kambariai":1,"priklausiniai":0,"kaina_eur":129500,"eur_m2":1850,"atstumas_m":437,"metai":2022,"sklypas":"44212000ZX0106"}},{"type":"Feature","geometry":{"type":"Point","coordinates":[-1.2691,47.17006]},"properties":{"data":"2022-10-14","adresas":"10 RUE DE LA METAIRIE","tipas":"namas","plotas_m2":98,"kambariai":4,"priklausiniai":0,"kaina_eur":362500,"eur_m2":3699,"atstumas_m":1025,"metai":2022,"sklypas":"44212000AT0371"}},{"type":"Feature","geometry":{"type":"Point","coordinates":[-1.283944,47.16458]},"properties":{"data":"2022-09-20","adresas":"5831 FROMENTEAU","tipas":"namas","plotas_m2":230,"kambariai":8,"priklausiniai":0,"kaina_eur":380000,"eur_m2":1652,"atstumas_m":1374,"metai":2022,"sklypas":"44212000ZO0082"}},{"type":"Feature","geometry":{"type":"Point","coordinates":[-1.295678,47.151227]},"properties":{"data":"2022-10-26","adresas":"224 BOURGUIGNON","tipas":"namas","plotas_m2":169,"kambariai":5,"priklausiniai":1,"kaina_eur":410000,"eur_m2":2426,"atstumas_m":2459,"metai":2022,"sklypas":"44212000WE0125"}},{"type":"Feature","geometry":{"type":"Point","coordinates":[-1.229041,47.146358]},"properties":{"data":"2022-11-02","adresas":"5105 LES CORBEILLERES","tipas":"namas","plotas_m2":89,"kambariai":2,"priklausiniai":0,"kaina_eur":145000,"eur_m2":1629,"atstumas_m":3275,"metai":2022,"sklypas":"44212000YX0148"}},{"type":"Feature","geometry":{"type":"Point","coordinates":[-1.270621,47.160957]},"properties":{"data":"2022-11-09","adresas":"19 RUE SAINT VINCENT","tipas":"namas","plotas_m2":88,"kambariai":6,"priklausiniai":1,"kaina_eur":360000,"eur_m2":4091,"atstumas_m":307,"metai":2022,"sklypas":"44212000AY0727"}},{"type":"Feature","geometry":{"type":"Point","coordinates":[-1.241997,47.197141]},"properties":{"data":"2022-11-16","adresas":"215 LES COURRERES","tipas":"namas","plotas_m2":167,"kambariai":4,"priklausiniai":1,"kaina_eur":405000,"eur_m2":2425,"atstumas_m":4430,"metai":2022,"sklypas":"442120000A0640"}},{"type":"Feature","geometry":{"type":"Point","coordinates":[-1.266104,47.172927]},"properties":{"data":"2022-11-17","adresas":"16 RUE DES MARRONNIERS","tipas":"namas","plotas_m2":102,"kambariai":4,"priklausiniai":0,"kaina_eur":338000,"eur_m2":3314,"atstumas_m":1326,"metai":2022,"sklypas":"44212000AS0762"}},{"type":"Feature","geometry":{"type":"Point","coordinates":[-1.264514,47.20069]},"properties":{"data":"2022-11-17","adresas":"12 BRAUD","tipas":"namas","plotas_m2":28,"kambariai":1,"priklausiniai":1,"kaina_eur":88000,"eur_m2":3143,"atstumas_m":4419,"metai":2022,"sklypas":"44212000AD0303"}},{"type":"Feature","geometry":{"type":"Point","coordinates":[-1.270731,47.16992]},"properties":{"data":"2022-11-29","adresas":"13 RUE DE BEL AIR","tipas":"namas","plotas_m2":88,"kambariai":4,"priklausiniai":0,"kaina_eur":335000,"eur_m2":3807,"atstumas_m":1040,"metai":2022,"sklypas":"44212000AT0221"}},{"type":"Feature","geometry":{"type":"Point","coordinates":[-1.249527,47.164167]},"properties":{"data":"2022-11-24","adresas":"27 LE PUY JAHAIL","tipas":"namas","plotas_m2":55,"kambariai":2,"priklausiniai":0,"kaina_eur":200000,"eur_m2":3636,"atstumas_m":1336,"metai":2022,"sklypas":"44212000BC0284"}},{"type":"Feature","geometry":{"type":"Point","coordinates":[-1.272178,47.166134]},"properties":{"data":"2022-11-21","adresas":"17 RTE DE LA LOIRE","tipas":"namas","plotas_m2":100,"kambariai":2,"priklausiniai":0,"kaina_eur":195000,"eur_m2":1950,"atstumas_m":711,"metai":2022,"sklypas":"44212000AX0382"}},{"type":"Feature","geometry":{"type":"Point","coordinates":[-1.250899,47.141033]},"properties":{"data":"2022-11-17","adresas":"4 LA DEBAUDIERE","tipas":"namas","plotas_m2":135,"kambariai":5,"priklausiniai":0,"kaina_eur":329000,"eur_m2":2437,"atstumas_m":2521,"metai":2022,"sklypas":"44212000XD0158"}},{"type":"Feature","geometry":{"type":"Point","coordinates":[-1.275525,47.161284]},"properties":{"data":"2022-11-30","adresas":"1 CHE DU BROCHET","tipas":"namas","plotas_m2":69,"kambariai":3,"priklausiniai":0,"kaina_eur":107250,"eur_m2":1554,"atstumas_m":679,"metai":2022,"sklypas":"44212000ZR0487"}},{"type":"Feature","geometry":{"type":"Point","coordinates":[-1.223368,47.173727]},"properties":{"data":"2022-12-02","adresas":"44 LES CHABOISSIERES","tipas":"namas","plotas_m2":132,"kambariai":4,"priklausiniai":1,"kaina_eur":479000,"eur_m2":3629,"atstumas_m":3562,"metai":2022,"sklypas":"44212000BK0354"}},{"type":"Feature","geometry":{"type":"Point","coordinates":[-1.268513,47.161464]},"properties":{"data":"2022-12-02","adresas":"6 RUE EMILE GABORY","tipas":"butas","plotas_m2":95,"kambariai":3,"priklausiniai":1,"kaina_eur":233000,"eur_m2":2453,"atstumas_m":156,"metai":2022,"sklypas":"44212000AY1315"}},{"type":"Feature","geometry":{"type":"Point","coordinates":[-1.311757,47.187183]},"properties":{"data":"2022-11-14","adresas":"41 LES RAILLERES","tipas":"namas","plotas_m2":100,"kambariai":5,"priklausiniai":0,"kaina_eur":140000,"eur_m2":1400,"atstumas_m":4493,"metai":2022,"sklypas":"44212000AB0183"}},{"type":"Feature","geometry":{"type":"Point","coordinates":[-1.240724,47.194321]},"properties":{"data":"2022-12-05","adresas":"374 LES COURRERES","tipas":"namas","plotas_m2":117,"kambariai":6,"priklausiniai":0,"kaina_eur":407000,"eur_m2":3479,"atstumas_m":4191,"metai":2022,"sklypas":"44212000AM0525"}},{"type":"Feature","geometry":{"type":"Point","coordinates":[-1.27059,47.18602]},"properties":{"data":"2022-12-08","adresas":"16 LA POMMERAIE","tipas":"namas","plotas_m2":66,"kambariai":3,"priklausiniai":1,"kaina_eur":105000,"eur_m2":1591,"atstumas_m":2800,"metai":2022,"sklypas":"44212000AE0508"}},{"type":"Feature","geometry":{"type":"Point","coordinates":[-1.263918,47.164083]},"properties":{"data":"2022-12-12","adresas":"16 RUE DU CHENE VERDET","tipas":"namas","plotas_m2":76,"kambariai":5,"priklausiniai":1,"kaina_eur":300000,"eur_m2":3947,"atstumas_m":396,"metai":2022,"sklypas":"44212000AY1405"}},{"type":"Feature","geometry":{"type":"Point","coordinates":[-1.26573,47.15989]},"properties":{"data":"2022-11-29","adresas":"13 RUE SAINT CHRISTOPHE","tipas":"namas","plotas_m2":150,"kambariai":6,"priklausiniai":2,"kaina_eur":280000,"eur_m2":1867,"atstumas_m":140,"metai":2022,"sklypas":"44212000AY1766"}},{"type":"Feature","geometry":{"type":"Point","coordinates":[-1.25941,47.158064]},"properties":{"data":"2022-12-06","adresas":"3 LE GUE GAUTIER","tipas":"namas","plotas_m2":153,"kambariai":6,"priklausiniai":1,"kaina_eur":390000,"eur_m2":2549,"atstumas_m":633,"metai":2022,"sklypas":"44212000ZX0116"}},{"type":"Feature","geometry":{"type":"Point","coordinates":[-1.263427,47.174552]},"properties":{"data":"2022-12-15","adresas":"17 RUE DES TULIPIERS","tipas":"namas","plotas_m2":78,"kambariai":4,"priklausiniai":0,"kaina_eur":265405,"eur_m2":3403,"atstumas_m":1525,"metai":2022,"sklypas":"44212000AS0543"}},{"type":"Feature","geometry":{"type":"Point","coordinates":[-1.269296,47.163433]},"properties":{"data":"2022-12-16","adresas":"1 RTE DE LA LOIRE","tipas":"namas","plotas_m2":110,"kambariai":4,"priklausiniai":0,"kaina_eur":300000,"eur_m2":2727,"atstumas_m":339,"metai":2022,"sklypas":"44212000AY0786"}},{"type":"Feature","geometry":{"type":"Point","coordinates":[-1.308332,47.145401]},"properties":{"data":"2022-12-21","adresas":"220 LA MASSONNIERE","tipas":"namas","plotas_m2":102,"kambariai":4,"priklausiniai":0,"kaina_eur":318000,"eur_m2":3118,"atstumas_m":3608,"metai":2022,"sklypas":"44212000WK0136"}},{"type":"Feature","geometry":{"type":"Point","coordinates":[-1.312466,47.186272]},"properties":{"data":"2022-12-28","adresas":"5007 LES RAILLERES","tipas":"namas","plotas_m2":105,"kambariai":4,"priklausiniai":0,"kaina_eur":254000,"eur_m2":2419,"atstumas_m":4470,"metai":2022,"sklypas":"44212000AB0367"}},{"type":"Feature","geometry":{"type":"Point","coordinates":[-1.207282,47.15334]},"properties":{"data":"2023-01-20","adresas":"15 LES SAUVIONNIERES","tipas":"namas","plotas_m2":95,"kambariai":3,"priklausiniai":1,"kaina_eur":335000,"eur_m2":3526,"atstumas_m":4567,"metai":2023,"sklypas":"44212000YN0112"}},{"type":"Feature","geometry":{"type":"Point","coordinates":[-1.223207,47.173648]},"properties":{"data":"2023-01-09","adresas":"42 LES CHABOISSIERES","tipas":"namas","plotas_m2":94,"kambariai":5,"priklausiniai":1,"kaina_eur":307000,"eur_m2":3266,"atstumas_m":3570,"metai":2023,"sklypas":"44212000BK0620"}},{"type":"Feature","geometry":{"type":"Point","coordinates":[-1.26654,47.172695]},"properties":{"data":"2023-01-24","adresas":"8 RUE DES MARRONNIERS","tipas":"namas","plotas_m2":90,"kambariai":4,"priklausiniai":0,"kaina_eur":295000,"eur_m2":3278,"atstumas_m":1300,"metai":2023,"sklypas":"44212000AS0766"}},{"type":"Feature","geometry":{"type":"Point","coordinates":[-1.283371,47.1609]},"properties":{"data":"2023-01-25","adresas":"37 LA NOUILLERE","tipas":"namas","plotas_m2":118,"kambariai":5,"priklausiniai":0,"kaina_eur":275000,"eur_m2":2331,"atstumas_m":1273,"metai":2023,"sklypas":"44212000ZR0087"}},{"type":"Feature","geometry":{"type":"Point","coordinates":[-1.273303,47.167497]},"properties":{"data":"2023-01-17","adresas":"25 RTE DE LA LOIRE","tipas":"namas","plotas_m2":80,"kambariai":5,"priklausiniai":1,"kaina_eur":255000,"eur_m2":3188,"atstumas_m":884,"metai":2023,"sklypas":"44212000AV0151"}},{"type":"Feature","geometry":{"type":"Point","coordinates":[-1.268717,47.171879]},"properties":{"data":"2023-01-26","adresas":"4 RUE DES PRIMEVERES","tipas":"namas","plotas_m2":92,"kambariai":5,"priklausiniai":0,"kaina_eur":364000,"eur_m2":3957,"atstumas_m":1220,"metai":2023,"sklypas":"44212000AT0270"}},{"type":"Feature","geometry":{"type":"Point","coordinates":[-1.319417,47.184922]},"properties":{"data":"2023-01-13","adresas":"63 LA GOBINIERE","tipas":"namas","plotas_m2":107,"kambariai":6,"priklausiniai":1,"kaina_eur":368000,"eur_m2":3439,"atstumas_m":4805,"metai":2023,"sklypas":"44212000IK0177"}},{"type":"Feature","geometry":{"type":"Point","coordinates":[-1.266479,47.172282]},"properties":{"data":"2023-02-07","adresas":"1 IMP DES BOULEAUX","tipas":"namas","plotas_m2":87,"kambariai":4,"priklausiniai":0,"kaina_eur":310000,"eur_m2":3563,"atstumas_m":1254,"metai":2023,"sklypas":"44212000AS0776"}},{"type":"Feature","geometry":{"type":"Point","coordinates":[-1.274429,47.1671]},"properties":{"data":"2023-01-30","adresas":"7 RUE DE LA BASSE VILLE ARNOULT","tipas":"namas","plotas_m2":97,"kambariai":4,"priklausiniai":0,"kaina_eur":323000,"eur_m2":3330,"atstumas_m":902,"metai":2023,"sklypas":"44212000AV0138"}},{"type":"Feature","geometry":{"type":"Point","coordinates":[-1.272152,47.1699]},"properties":{"data":"2023-01-26","adresas":"27 RUE GEORGES BIZET","tipas":"namas","plotas_m2":120,"kambariai":4,"priklausiniai":0,"kaina_eur":357000,"eur_m2":2975,"atstumas_m":1076,"metai":2023,"sklypas":"44212000AT0561"}},{"type":"Feature","geometry":{"type":"Point","coordinates":[-1.287129,47.171071]},"properties":{"data":"2023-02-07","adresas":"26 LA MOUCLETIERE","tipas":"namas","plotas_m2":126,"kambariai":5,"priklausiniai":0,"kaina_eur":395000,"eur_m2":3135,"atstumas_m":1917,"metai":2023,"sklypas":"44212000HI0049"}},{"type":"Feature","geometry":{"type":"Point","coordinates":[-1.258141,47.160838]},"properties":{"data":"2023-02-17","adresas":"14 CHE DES MEUNIERS","tipas":"namas","plotas_m2":46,"kambariai":2,"priklausiniai":0,"kaina_eur":168000,"eur_m2":3652,"atstumas_m":638,"metai":2023,"sklypas":"44212000ZX0085"}},{"type":"Feature","geometry":{"type":"Point","coordinates":[-1.242384,47.195181]},"properties":{"data":"2023-02-08","adresas":"334 LES COURRERES","tipas":"namas","plotas_m2":64,"kambariai":3,"priklausiniai":0,"kaina_eur":170000,"eur_m2":2656,"atstumas_m":4220,"metai":2023,"sklypas":"44212000AM0579"}},{"type":"Feature","geometry":{"type":"Point","coordinates":[-1.223024,47.173618]},"properties":{"data":"2023-02-21","adresas":"42 LES CHABOISSIERES","tipas":"namas","plotas_m2":82,"kambariai":4,"priklausiniai":1,"kaina_eur":255000,"eur_m2":3110,"atstumas_m":3581,"metai":2023,"sklypas":"44212000BK0619"}},{"type":"Feature","geometry":{"type":"Point","coordinates":[-1.263287,47.160215]},"properties":{"data":"2023-02-28","adresas":"48 RUE DE BAZOGES","tipas":"namas","plotas_m2":123,"kambariai":4,"priklausiniai":1,"kaina_eur":296500,"eur_m2":2411,"atstumas_m":263,"metai":2023,"sklypas":"44212000AY1669"}},{"type":"Feature","geometry":{"type":"Point","coordinates":[-1.242282,47.196901]},"properties":{"data":"2023-03-02","adresas":"213 LES COURRERES","tipas":"namas","plotas_m2":80,"kambariai":2,"priklausiniai":0,"kaina_eur":190000,"eur_m2":2375,"atstumas_m":4397,"metai":2023,"sklypas":"442120000A0645"}},{"type":"Feature","geometry":{"type":"Point","coordinates":[-1.267173,47.159758]},"properties":{"data":"2023-03-10","adresas":"12 RUE DU PROGRES","tipas":"butas","plotas_m2":65,"kambariai":3,"priklausiniai":1,"kaina_eur":250000,"eur_m2":3846,"atstumas_m":148,"metai":2023,"sklypas":"44212000AY0440"}},{"type":"Feature","geometry":{"type":"Point","coordinates":[-1.266307,47.17686]},"properties":{"data":"2023-03-02","adresas":"14 ALL DES ERABLES","tipas":"namas","plotas_m2":72,"kambariai":3,"priklausiniai":0,"kaina_eur":250000,"eur_m2":3472,"atstumas_m":1764,"metai":2023,"sklypas":"44212000AS0475"}},{"type":"Feature","geometry":{"type":"Point","coordinates":[-1.240915,47.194144]},"properties":{"data":"2023-03-20","adresas":"376 LA ROBINIERE","tipas":"namas","plotas_m2":87,"kambariai":5,"priklausiniai":1,"kaina_eur":364000,"eur_m2":4184,"atstumas_m":4167,"metai":2023,"sklypas":"44212000AM0523"}},{"type":"Feature","geometry":{"type":"Point","coordinates":[-1.260276,47.161717]},"properties":{"data":"2023-03-23","adresas":"12 RUE DU VAL DE LOGNE","tipas":"namas","plotas_m2":82,"kambariai":4,"priklausiniai":0,"kaina_eur":240000,"eur_m2":2927,"atstumas_m":482,"metai":2023,"sklypas":"44212000AZ0210"}},{"type":"Feature","geometry":{"type":"Point","coordinates":[-1.261204,47.141115]},"properties":{"data":"2023-03-29","adresas":"160 LA PILOTIERE","tipas":"namas","plotas_m2":121,"kambariai":5,"priklausiniai":1,"kaina_eur":200000,"eur_m2":1653,"atstumas_m":2252,"metai":2023,"sklypas":"44212000XN0195"}},{"type":"Feature","geometry":{"type":"Point","coordinates":[-1.269024,47.158776]},"properties":{"data":"2023-03-17","adresas":"10 RUE DE BRETAGNE","tipas":"namas","plotas_m2":101,"kambariai":3,"priklausiniai":0,"kaina_eur":392000,"eur_m2":3881,"atstumas_m":312,"metai":2023,"sklypas":"44212000ZS0453"}},{"type":"Feature","geometry":{"type":"Point","coordinates":[-1.261286,47.17252]},"properties":{"data":"2023-04-04","adresas":"12 AV DE LA GRANDE PRAIRIE","tipas":"namas","plotas_m2":85,"kambariai":4,"priklausiniai":0,"kaina_eur":363000,"eur_m2":4271,"atstumas_m":1341,"metai":2023,"sklypas":"44212000AR0494"}},{"type":"Feature","geometry":{"type":"Point","coordinates":[-1.228915,47.146749]},"properties":{"data":"2023-04-13","adresas":"154 LES CORBEILLERES","tipas":"namas","plotas_m2":53,"kambariai":5,"priklausiniai":1,"kaina_eur":345000,"eur_m2":6509,"atstumas_m":3262,"metai":2023,"sklypas":"44212000YX0288"}},{"type":"Feature","geometry":{"type":"Point","coordinates":[-1.305352,47.151486]},"properties":{"data":"2023-04-07","adresas":"5626 LE BOIS GAUDIN","tipas":"namas","plotas_m2":90,"kambariai":4,"priklausiniai":0,"kaina_eur":227000,"eur_m2":2522,"atstumas_m":3122,"metai":2023,"sklypas":"44212000WI0069"}},{"type":"Feature","geometry":{"type":"Point","coordinates":[-1.26346,47.171975]},"properties":{"data":"2023-04-19","adresas":"11 AV DU PARC","tipas":"namas","plotas_m2":82,"kambariai":5,"priklausiniai":0,"kaina_eur":255000,"eur_m2":3110,"atstumas_m":1242,"metai":2023,"sklypas":"44212000AR0151"}},{"type":"Feature","geometry":{"type":"Point","coordinates":[-1.230098,47.144267]},"properties":{"data":"2023-04-20","adresas":"29 LES CORBEILLERES","tipas":"namas","plotas_m2":140,"kambariai":5,"priklausiniai":1,"kaina_eur":275000,"eur_m2":1964,"atstumas_m":3331,"metai":2023,"sklypas":"44212000YX0072"}},{"type":"Feature","geometry":{"type":"Point","coordinates":[-1.224397,47.161446]},"properties":{"data":"2023-04-28","adresas":"441 LA CHALOUSIERE","tipas":"namas","plotas_m2":120,"kambariai":4,"priklausiniai":1,"kaina_eur":407000,"eur_m2":3392,"atstumas_m":3192,"metai":2023,"sklypas":"44212000CD0400"}},{"type":"Feature","geometry":{"type":"Point","coordinates":[-1.265944,47.172448]},"properties":{"data":"2023-04-24","adresas":"9 IMP DES BOULEAUX","tipas":"namas","plotas_m2":81,"kambariai":4,"priklausiniai":0,"kaina_eur":314000,"eur_m2":3877,"atstumas_m":1273,"metai":2023,"sklypas":"44212000AS0780"}},{"type":"Feature","geometry":{"type":"Point","coordinates":[-1.220307,47.171658]},"properties":{"data":"2023-05-04","adresas":"79 LES CHABOISSIERES","tipas":"namas","plotas_m2":105,"kambariai":5,"priklausiniai":1,"kaina_eur":222010,"eur_m2":2114,"atstumas_m":3696,"metai":2023,"sklypas":"44212000BK0717"}},{"type":"Feature","geometry":{"type":"Point","coordinates":[-1.300387,47.180653]},"properties":{"data":"2023-05-10","adresas":"204 LES LAURES","tipas":"namas","plotas_m2":82,"kambariai":4,"priklausiniai":0,"kaina_eur":240000,"eur_m2":2927,"atstumas_m":3367,"metai":2023,"sklypas":"44212000HN0343"}},{"type":"Feature","geometry":{"type":"Point","coordinates":[-1.273491,47.169813]},"properties":{"data":"2023-05-10","adresas":"6 RUE DE LA HAUTE VILLE ARNOULT","tipas":"namas","plotas_m2":110,"kambariai":4,"priklausiniai":0,"kaina_eur":226000,"eur_m2":2055,"atstumas_m":1111,"metai":2023,"sklypas":"44212000AT0639"}},{"type":"Feature","geometry":{"type":"Point","coordinates":[-1.283004,47.165159]},"properties":{"data":"2023-05-22","adresas":"12 FROMENTEAU","tipas":"namas","plotas_m2":190,"kambariai":6,"priklausiniai":0,"kaina_eur":514000,"eur_m2":2705,"atstumas_m":1327,"metai":2023,"sklypas":"44212000ZO0086"}},{"type":"Feature","geometry":{"type":"Point","coordinates":[-1.312812,47.177324]},"properties":{"data":"2023-05-30","adresas":"29 MOULIN DE LA VERRIE","tipas":"namas","plotas_m2":120,"kambariai":4,"priklausiniai":1,"kaina_eur":360000,"eur_m2":3000,"atstumas_m":3943,"metai":2023,"sklypas":"44212000HT0086"}},{"type":"Feature","geometry":{"type":"Point","coordinates":[-1.240198,47.190577]},"properties":{"data":"2023-05-12","adresas":"8494 L ALLIER","tipas":"namas","plotas_m2":74,"kambariai":4,"priklausiniai":1,"kaina_eur":255000,"eur_m2":3446,"atstumas_m":3848,"metai":2023,"sklypas":"44212000AM0188"}},{"type":"Feature","geometry":{"type":"Point","coordinates":[-1.2671,47.170374]},"properties":{"data":"2023-05-09","adresas":"5 RUE DU BOIS BRULE","tipas":"namas","plotas_m2":90,"kambariai":5,"priklausiniai":0,"kaina_eur":375000,"eur_m2":4167,"atstumas_m":1042,"metai":2023,"sklypas":"44212000AT0813"}},{"type":"Feature","geometry":{"type":"Point","coordinates":[-1.284376,47.164373]},"properties":{"data":"2023-06-02","adresas":"4 FROMENTEAU","tipas":"namas","plotas_m2":228,"kambariai":6,"priklausiniai":1,"kaina_eur":380000,"eur_m2":1667,"atstumas_m":1399,"metai":2023,"sklypas":"44212000ZO0100"}},{"type":"Feature","geometry":{"type":"Point","coordinates":[-1.294801,47.151047]},"properties":{"data":"2023-06-05","adresas":"205 BOURGUIGNON","tipas":"namas","plotas_m2":96,"kambariai":4,"priklausiniai":0,"kaina_eur":271000,"eur_m2":2823,"atstumas_m":2409,"metai":2023,"sklypas":"44212000WE0110"}},{"type":"Feature","geometry":{"type":"Point","coordinates":[-1.265184,47.141265]},"properties":{"data":"2023-06-09","adresas":"123 L ANERIE","tipas":"namas","plotas_m2":70,"kambariai":3,"priklausiniai":1,"kaina_eur":230000,"eur_m2":3286,"atstumas_m":2201,"metai":2023,"sklypas":"44212000XN0231"}},{"type":"Feature","geometry":{"type":"Point","coordinates":[-1.277207,47.172674]},"properties":{"data":"2023-06-12","adresas":"5879 LA CHEVALERIE","tipas":"namas","plotas_m2":94,"kambariai":4,"priklausiniai":0,"kaina_eur":204750,"eur_m2":2178,"atstumas_m":1527,"metai":2023,"sklypas":"44212000HI0088"}},{"type":"Feature","geometry":{"type":"Point","coordinates":[-1.264392,47.163579]},"properties":{"data":"2023-05-30","adresas":"10 RUE DU CHENE VERDET","tipas":"namas","plotas_m2":71,"kambariai":5,"priklausiniai":1,"kaina_eur":390000,"eur_m2":5493,"atstumas_m":329,"metai":2023,"sklypas":"44212000AY0151"}},{"type":"Feature","geometry":{"type":"Point","coordinates":[-1.269431,47.160274]},"properties":{"data":"2023-05-31","adresas":"8 RTE DE CLISSON","tipas":"namas","plotas_m2":110,"kambariai":4,"priklausiniai":1,"kaina_eur":322500,"eur_m2":2932,"atstumas_m":233,"metai":2023,"sklypas":"44212000AY0693"}},{"type":"Feature","geometry":{"type":"Point","coordinates":[-1.26082,47.161552]},"properties":{"data":"2023-06-09","adresas":"8 RUE DU VAL DE LOGNE","tipas":"namas","plotas_m2":101,"kambariai":5,"priklausiniai":0,"kaina_eur":150000,"eur_m2":1485,"atstumas_m":439,"metai":2023,"sklypas":"44212000AZ0230"}},{"type":"Feature","geometry":{"type":"Point","coordinates":[-1.267449,47.160691]},"properties":{"data":"2023-06-15","adresas":"35 RUE DES FORGES","tipas":"butas","plotas_m2":55,"kambariai":3,"priklausiniai":0,"kaina_eur":130000,"eur_m2":2364,"atstumas_m":76,"metai":2023,"sklypas":"44212000AY1597"}},{"type":"Feature","geometry":{"type":"Point","coordinates":[-1.311977,47.152401]},"properties":{"data":"2023-06-30","adresas":"20 LA SALMONIERE","tipas":"namas","plotas_m2":58,"kambariai":3,"priklausiniai":0,"kaina_eur":180000,"eur_m2":3103,"atstumas_m":3569,"metai":2023,"sklypas":"44212000WN0071"}},{"type":"Feature","geometry":{"type":"Point","coordinates":[-1.222183,47.173594]},"properties":{"data":"2023-06-30","adresas":"30 LES CHABOISSIERES","tipas":"namas","plotas_m2":103,"kambariai":4,"priklausiniai":0,"kaina_eur":310000,"eur_m2":3010,"atstumas_m":3639,"metai":2023,"sklypas":"44212000BK0642"}},{"type":"Feature","geometry":{"type":"Point","coordinates":[-1.269987,47.171853]},"properties":{"data":"2023-06-27","adresas":"31 RUE DE LA HAUTE VILLE ARNOULT","tipas":"namas","plotas_m2":146,"kambariai":7,"priklausiniai":1,"kaina_eur":405000,"eur_m2":2774,"atstumas_m":1234,"metai":2023,"sklypas":"44212000AT0516"}},{"type":"Feature","geometry":{"type":"Point","coordinates":[-1.26338,47.17522]},"properties":{"data":"2023-06-26","adresas":"3 RUE DES TULIPIERS","tipas":"namas","plotas_m2":113,"kambariai":5,"priklausiniai":0,"kaina_eur":275000,"eur_m2":2434,"atstumas_m":1599,"metai":2023,"sklypas":"44212000AS0533"}},{"type":"Feature","geometry":{"type":"Point","coordinates":[-1.272919,47.164161]},"properties":{"data":"2023-06-14","adresas":"7 AV DES ROSES","tipas":"namas","plotas_m2":83,"kambariai":2,"priklausiniai":0,"kaina_eur":245000,"eur_m2":2952,"atstumas_m":595,"metai":2023,"sklypas":"44212000AX0040"}},{"type":"Feature","geometry":{"type":"Point","coordinates":[-1.312845,47.176538]},"properties":{"data":"2023-06-26","adresas":"5517 MOULIN DE LA VERRIE","tipas":"namas","plotas_m2":115,"kambariai":5,"priklausiniai":0,"kaina_eur":333000,"eur_m2":2896,"atstumas_m":3906,"metai":2023,"sklypas":"44212000HR0067"}},{"type":"Feature","geometry":{"type":"Point","coordinates":[-1.206219,47.152239]},"properties":{"data":"2023-07-05","adresas":"111 LES SAUVIONNIERES","tipas":"namas","plotas_m2":161,"kambariai":5,"priklausiniai":2,"kaina_eur":342900,"eur_m2":2130,"atstumas_m":4671,"metai":2023,"sklypas":"44212000YN0146"}},{"type":"Feature","geometry":{"type":"Point","coordinates":[-1.279424,47.17649]},"properties":{"data":"2023-07-17","adresas":"5852 LE LATAY","tipas":"namas","plotas_m2":110,"kambariai":5,"priklausiniai":1,"kaina_eur":160000,"eur_m2":1455,"atstumas_m":1979,"metai":2023,"sklypas":"44212000AS0167"}},{"type":"Feature","geometry":{"type":"Point","coordinates":[-1.327456,47.183177]},"properties":{"data":"2023-06-30","adresas":"6732 LA MANDINIERE","tipas":"namas","plotas_m2":100,"kambariai":4,"priklausiniai":1,"kaina_eur":155000,"eur_m2":1550,"atstumas_m":5228,"metai":2023,"sklypas":"44212000HX0161"}},{"type":"Feature","geometry":{"type":"Point","coordinates":[-1.262801,47.162241]},"properties":{"data":"2023-06-29","adresas":"23 RUE D ANJOU","tipas":"namas","plotas_m2":65,"kambariai":2,"priklausiniai":0,"kaina_eur":141210,"eur_m2":2172,"atstumas_m":315,"metai":2023,"sklypas":"44212000AY1433"}},{"type":"Feature","geometry":{"type":"Point","coordinates":[-1.267173,47.159758]},"properties":{"data":"2023-07-26","adresas":"12 RUE DU PROGRES","tipas":"butas","plotas_m2":69,"kambariai":3,"priklausiniai":1,"kaina_eur":267000,"eur_m2":3870,"atstumas_m":148,"metai":2023,"sklypas":"44212000AY0440"}},{"type":"Feature","geometry":{"type":"Point","coordinates":[-1.309599,47.145883]},"properties":{"data":"2023-07-24","adresas":"304 LA MASSONNIERE","tipas":"namas","plotas_m2":95,"kambariai":2,"priklausiniai":0,"kaina_eur":295000,"eur_m2":3105,"atstumas_m":3668,"metai":2023,"sklypas":"44212000WK0101"}},{"type":"Feature","geometry":{"type":"Point","coordinates":[-1.208413,47.152848]},"properties":{"data":"2023-07-31","adresas":"5 LES SAUVIONNIERES","tipas":"namas","plotas_m2":94,"kambariai":5,"priklausiniai":0,"kaina_eur":270000,"eur_m2":2872,"atstumas_m":4494,"metai":2023,"sklypas":"44212000YN0196"}},{"type":"Feature","geometry":{"type":"Point","coordinates":[-1.280815,47.160296]},"properties":{"data":"2023-07-17","adresas":"7 LA NOUILLERE","tipas":"namas","plotas_m2":77,"kambariai":3,"priklausiniai":0,"kaina_eur":260000,"eur_m2":3377,"atstumas_m":1082,"metai":2023,"sklypas":"44212000ZR0481"}},{"type":"Feature","geometry":{"type":"Point","coordinates":[-1.265648,47.16172]},"properties":{"data":"2023-07-21","adresas":"8 RUE FRANCOIS LUNEAU","tipas":"namas","plotas_m2":60,"kambariai":3,"priklausiniai":0,"kaina_eur":78000,"eur_m2":1300,"atstumas_m":104,"metai":2023,"sklypas":"44212000AY0110"}},{"type":"Feature","geometry":{"type":"Point","coordinates":[-1.233958,47.180614]},"properties":{"data":"2023-07-27","adresas":"5217 BETAIE","tipas":"namas","plotas_m2":254,"kambariai":8,"priklausiniai":0,"kaina_eur":410000,"eur_m2":1614,"atstumas_m":3294,"metai":2023,"sklypas":"44212000AO0249"}},{"type":"Feature","geometry":{"type":"Point","coordinates":[-1.27064,47.171599]},"properties":{"data":"2023-07-27","adresas":"2 RUE DE TOSCANE","tipas":"namas","plotas_m2":107,"kambariai":5,"priklausiniai":1,"kaina_eur":330000,"eur_m2":3084,"atstumas_m":1218,"metai":2023,"sklypas":"44212000AT0523"}},{"type":"Feature","geometry":{"type":"Point","coordinates":[-1.206317,47.162086]},"properties":{"data":"2023-07-21","adresas":"14 LA POUINIERE","tipas":"namas","plotas_m2":89,"kambariai":4,"priklausiniai":0,"kaina_eur":310000,"eur_m2":3483,"atstumas_m":4561,"metai":2023,"sklypas":"44212000YH0093"}},{"type":"Feature","geometry":{"type":"Point","coordinates":[-1.309581,47.145625]},"properties":{"data":"2023-07-24","adresas":"311 LA MASSONNIERE","tipas":"namas","plotas_m2":100,"kambariai":5,"priklausiniai":0,"kaina_eur":172000,"eur_m2":1720,"atstumas_m":3680,"metai":2023,"sklypas":"44212000WK0162"}},{"type":"Feature","geometry":{"type":"Point","coordinates":[-1.221496,47.16059]},"properties":{"data":"2023-08-24","adresas":"213 LA CHALOUSIERE","tipas":"namas","plotas_m2":150,"kambariai":5,"priklausiniai":0,"kaina_eur":335000,"eur_m2":2233,"atstumas_m":3411,"metai":2023,"sklypas":"44212000CD0486"}},{"type":"Feature","geometry":{"type":"Point","coordinates":[-1.246015,47.185504]},"properties":{"data":"2023-08-31","adresas":"33 LES CREUSETTES","tipas":"namas","plotas_m2":105,"kambariai":5,"priklausiniai":0,"kaina_eur":277000,"eur_m2":2638,"atstumas_m":3138,"metai":2023,"sklypas":"44212000AL0550"}},{"type":"Feature","geometry":{"type":"Point","coordinates":[-1.266274,47.175699]},"properties":{"data":"2023-08-28","adresas":"19 ALL DES ERABLES","tipas":"namas","plotas_m2":106,"kambariai":4,"priklausiniai":0,"kaina_eur":316500,"eur_m2":2986,"atstumas_m":1634,"metai":2023,"sklypas":"44212000AS0499"}},{"type":"Feature","geometry":{"type":"Point","coordinates":[-1.250724,47.138921]},"properties":{"data":"2023-09-13","adresas":"316 LA DEBAUDIERE","tipas":"namas","plotas_m2":77,"kambariai":4,"priklausiniai":0,"kaina_eur":265000,"eur_m2":3442,"atstumas_m":2736,"metai":2023,"sklypas":"44212000XD0161"}},{"type":"Feature","geometry":{"type":"Point","coordinates":[-1.260906,47.17303]},"properties":{"data":"2023-08-29","adresas":"16 AV DE LA GRANDE PRAIRIE","tipas":"namas","plotas_m2":87,"kambariai":5,"priklausiniai":1,"kaina_eur":248000,"eur_m2":2851,"atstumas_m":1404,"metai":2023,"sklypas":"44212000AR0530"}},{"type":"Feature","geometry":{"type":"Point","coordinates":[-1.26697,47.172706]},"properties":{"data":"2023-09-06","adresas":"11 RUE DES MARRONNIERS","tipas":"namas","plotas_m2":82,"kambariai":4,"priklausiniai":0,"kaina_eur":270000,"eur_m2":3293,"atstumas_m":1302,"metai":2023,"sklypas":"44212000AS0770"}},{"type":"Feature","geometry":{"type":"Point","coordinates":[-1.20646,47.162217]},"properties":{"data":"2023-08-28","adresas":"16 LA POUINIERE","tipas":"namas","plotas_m2":86,"kambariai":5,"priklausiniai":0,"kaina_eur":278850,"eur_m2":3242,"atstumas_m":4551,"metai":2023,"sklypas":"44212000YH0065"}},{"type":"Feature","geometry":{"type":"Point","coordinates":[-1.298486,47.163086]},"properties":{"data":"2023-09-15","adresas":"6930 LE PAS","tipas":"namas","plotas_m2":155,"kambariai":5,"priklausiniai":1,"kaina_eur":297500,"eur_m2":1919,"atstumas_m":2427,"metai":2023,"sklypas":"44212000ZL0070"}},{"type":"Feature","geometry":{"type":"Point","coordinates":[-1.266669,47.173552]},"properties":{"data":"2023-09-14","adresas":"30 RUE DES MARRONNIERS","tipas":"namas","plotas_m2":105,"kambariai":5,"priklausiniai":0,"kaina_eur":328000,"eur_m2":3124,"atstumas_m":1395,"metai":2023,"sklypas":"44212000AS0749"}},{"type":"Feature","geometry":{"type":"Point","coordinates":[-1.268873,47.159736]},"properties":{"data":"2023-10-02","adresas":"20 CHE DES BUTTES","tipas":"butas","plotas_m2":85,"kambariai":3,"priklausiniai":2,"kaina_eur":255000,"eur_m2":3000,"atstumas_m":226,"metai":2023,"sklypas":"44212000AY0425"}},{"type":"Feature","geometry":{"type":"Point","coordinates":[-1.249672,47.163551]},"properties":{"data":"2023-10-02","adresas":"6859 LE PUY JAHAIL","tipas":"namas","plotas_m2":107,"kambariai":5,"priklausiniai":1,"kaina_eur":275000,"eur_m2":2570,"atstumas_m":1309,"metai":2023,"sklypas":"44212000BC0096"}},{"type":"Feature","geometry":{"type":"Point","coordinates":[-1.266863,47.159682]},"properties":{"data":"2023-10-19","adresas":"14 RUE DU PROGRES","tipas":"butas","plotas_m2":29,"kambariai":2,"priklausiniai":1,"kaina_eur":99999,"eur_m2":3448,"atstumas_m":150,"metai":2023,"sklypas":"44212000AY1444"}},{"type":"Feature","geometry":{"type":"Point","coordinates":[-1.203649,47.160915]},"properties":{"data":"2023-10-20","adresas":"100 LA POUINIERE","tipas":"namas","plotas_m2":85,"kambariai":3,"priklausiniai":0,"kaina_eur":237500,"eur_m2":2794,"atstumas_m":4762,"metai":2023,"sklypas":"44212000YI0229"}},{"type":"Feature","geometry":{"type":"Point","coordinates":[-1.270797,47.161827]},"properties":{"data":"2023-10-31","adresas":"9 AV DU GENERAL HEURTAUX","tipas":"namas","plotas_m2":88,"kambariai":4,"priklausiniai":0,"kaina_eur":300000,"eur_m2":3409,"atstumas_m":333,"metai":2023,"sklypas":"44212000AY1643"}},{"type":"Feature","geometry":{"type":"Point","coordinates":[-1.284427,47.159972]},"properties":{"data":"2023-11-02","adresas":"8303 LA NOUILLERE","tipas":"namas","plotas_m2":123,"kambariai":4,"priklausiniai":0,"kaina_eur":355000,"eur_m2":2886,"atstumas_m":1357,"metai":2023,"sklypas":"44212000ZK0099"}},{"type":"Feature","geometry":{"type":"Point","coordinates":[-1.255899,47.183068]},"properties":{"data":"2023-10-19","adresas":"101 LE MOULIN GOHAUD","tipas":"namas","plotas_m2":74,"kambariai":4,"priklausiniai":1,"kaina_eur":210000,"eur_m2":2838,"atstumas_m":2584,"metai":2023,"sklypas":"44212000AP0348"}},{"type":"Feature","geometry":{"type":"Point","coordinates":[-1.257506,47.163007]},"properties":{"data":"2023-11-03","adresas":"90 RUE D ANJOU","tipas":"namas","plotas_m2":225,"kambariai":4,"priklausiniai":0,"kaina_eur":415400,"eur_m2":1846,"atstumas_m":720,"metai":2023,"sklypas":"44212000AZ0387"}},{"type":"Feature","geometry":{"type":"Point","coordinates":[-1.224708,47.161648]},"properties":{"data":"2023-10-19","adresas":"443 LA CHALOUSIERE","tipas":"namas","plotas_m2":87,"kambariai":5,"priklausiniai":0,"kaina_eur":210000,"eur_m2":2414,"atstumas_m":3169,"metai":2023,"sklypas":"44212000CD0404"}},{"type":"Feature","geometry":{"type":"Point","coordinates":[-1.320313,47.152521]},"properties":{"data":"2023-11-06","adresas":"6810 LA GUITONNIERE","tipas":"namas","plotas_m2":80,"kambariai":5,"priklausiniai":0,"kaina_eur":200000,"eur_m2":2500,"atstumas_m":4177,"metai":2023,"sklypas":"44212000WO0130"}},{"type":"Feature","geometry":{"type":"Point","coordinates":[-1.264766,47.200568]},"properties":{"data":"2023-11-15","adresas":"7126 BRAUD","tipas":"namas","plotas_m2":185,"kambariai":8,"priklausiniai":1,"kaina_eur":285000,"eur_m2":1541,"atstumas_m":4405,"metai":2023,"sklypas":"44212000AD0173"}},{"type":"Feature","geometry":{"type":"Point","coordinates":[-1.267801,47.161366]},"properties":{"data":"2023-11-20","adresas":"13 RUE TRAVERSIERE","tipas":"butas","plotas_m2":58,"kambariai":3,"priklausiniai":1,"kaina_eur":185164,"eur_m2":3192,"atstumas_m":102,"metai":2023,"sklypas":"44212000AY0582"}},{"type":"Feature","geometry":{"type":"Point","coordinates":[-1.227895,47.145058]},"properties":{"data":"2023-12-01","adresas":"113 LES CORBEILLERES","tipas":"namas","plotas_m2":91,"kambariai":4,"priklausiniai":0,"kaina_eur":193000,"eur_m2":2121,"atstumas_m":3424,"metai":2023,"sklypas":"44212000YX0262"}},{"type":"Feature","geometry":{"type":"Point","coordinates":[-1.222724,47.142484]},"properties":{"data":"2023-11-30","adresas":"6775 MOULIN PICHON","tipas":"namas","plotas_m2":50,"kambariai":1,"priklausiniai":0,"kaina_eur":127200,"eur_m2":2544,"atstumas_m":3907,"metai":2023,"sklypas":"44212000YV0031"}},{"type":"Feature","geometry":{"type":"Point","coordinates":[-1.275982,47.161048]},"properties":{"data":"2023-12-13","adresas":"3 CHE DU BROCHET","tipas":"namas","plotas_m2":128,"kambariai":7,"priklausiniai":0,"kaina_eur":267000,"eur_m2":2086,"atstumas_m":713,"metai":2023,"sklypas":"44212000ZR0442"}},{"type":"Feature","geometry":{"type":"Point","coordinates":[-1.266984,47.173252]},"properties":{"data":"2023-12-13","adresas":"36 RUE DES MARRONNIERS","tipas":"namas","plotas_m2":89,"kambariai":4,"priklausiniai":0,"kaina_eur":290000,"eur_m2":3258,"atstumas_m":1362,"metai":2023,"sklypas":"44212000AS0746"}},{"type":"Feature","geometry":{"type":"Point","coordinates":[-1.30713,47.166805]},"properties":{"data":"2023-12-21","adresas":"5755 LES LOGES","tipas":"namas","plotas_m2":40,"kambariai":1,"priklausiniai":0,"kaina_eur":90000,"eur_m2":2250,"atstumas_m":3138,"metai":2023,"sklypas":"44212000ZE0067"}},{"type":"Feature","geometry":{"type":"Point","coordinates":[-1.263129,47.174946]},"properties":{"data":"2023-12-21","adresas":"7 RUE DES TULIPIERS","tipas":"namas","plotas_m2":102,"kambariai":5,"priklausiniai":0,"kaina_eur":340000,"eur_m2":3333,"atstumas_m":1572,"metai":2023,"sklypas":"44212000AS0535"}},{"type":"Feature","geometry":{"type":"Point","coordinates":[-1.256521,47.183015]},"properties":{"data":"2023-12-22","adresas":"102 LE MOULIN GOHAUD","tipas":"namas","plotas_m2":115,"kambariai":4,"priklausiniai":1,"kaina_eur":201500,"eur_m2":1752,"atstumas_m":2564,"metai":2023,"sklypas":"44212000AP0436"}},{"type":"Feature","geometry":{"type":"Point","coordinates":[-1.32554,47.183006]},"properties":{"data":"2023-12-27","adresas":"5461 LA MANDINIERE","tipas":"namas","plotas_m2":70,"kambariai":2,"priklausiniai":1,"kaina_eur":105000,"eur_m2":1500,"atstumas_m":5091,"metai":2023,"sklypas":"44212000HX0183"}},{"type":"Feature","geometry":{"type":"Point","coordinates":[-1.271234,47.184877]},"properties":{"data":"2024-01-25","adresas":"106 LA POMMERAIE","tipas":"namas","plotas_m2":76,"kambariai":4,"priklausiniai":1,"kaina_eur":250000,"eur_m2":3289,"atstumas_m":2679,"metai":2024,"sklypas":"44212000AE0186"}},{"type":"Feature","geometry":{"type":"Point","coordinates":[-1.272371,47.168284]},"properties":{"data":"2024-01-17","adresas":"5857 VILLE ARNOULT","tipas":"namas","plotas_m2":69,"kambariai":3,"priklausiniai":0,"kaina_eur":193500,"eur_m2":2804,"atstumas_m":921,"metai":2024,"sklypas":"44212000AT0768"}},{"type":"Feature","geometry":{"type":"Point","coordinates":[-1.204188,47.161184]},"properties":{"data":"2024-01-17","adresas":"208 LA POUINIERE","tipas":"namas","plotas_m2":95,"kambariai":4,"priklausiniai":0,"kaina_eur":164500,"eur_m2":1732,"atstumas_m":4721,"metai":2024,"sklypas":"44212000YI0078"}},{"type":"Feature","geometry":{"type":"Point","coordinates":[-1.238347,47.147481]},"properties":{"data":"2024-01-26","adresas":"5930 LA HAUTE BOURDELIERE","tipas":"namas","plotas_m2":59,"kambariai":2,"priklausiniai":0,"kaina_eur":130000,"eur_m2":2203,"atstumas_m":2614,"metai":2024,"sklypas":"44212000XA0051"}},{"type":"Feature","geometry":{"type":"Point","coordinates":[-1.258178,47.160569]},"properties":{"data":"2024-01-18","adresas":"8 RUE MAITRE PIERRE","tipas":"namas","plotas_m2":62,"kambariai":2,"priklausiniai":1,"kaina_eur":184500,"eur_m2":2976,"atstumas_m":636,"metai":2024,"sklypas":"44212000ZX0082"}},{"type":"Feature","geometry":{"type":"Point","coordinates":[-1.237867,47.148112]},"properties":{"data":"2024-01-17","adresas":"5928 LA HAUTE BOURDELIERE","tipas":"namas","plotas_m2":188,"kambariai":7,"priklausiniai":1,"kaina_eur":380000,"eur_m2":2021,"atstumas_m":2604,"metai":2024,"sklypas":"44212000XA0071"}},{"type":"Feature","geometry":{"type":"Point","coordinates":[-1.304325,47.161623]},"properties":{"data":"2024-01-18","adresas":"114 BONNE FONTAINE","tipas":"namas","plotas_m2":74,"kambariai":3,"priklausiniai":0,"kaina_eur":249600,"eur_m2":3373,"atstumas_m":2859,"metai":2024,"sklypas":"44212000ZH0131"}},{"type":"Feature","geometry":{"type":"Point","coordinates":[-1.22369,47.161699]},"properties":{"data":"2024-01-19","adresas":"433 LA CHALOUSIERE","tipas":"namas","plotas_m2":86,"kambariai":3,"priklausiniai":0,"kaina_eur":226000,"eur_m2":2628,"atstumas_m":3246,"metai":2024,"sklypas":"44212000CD0200"}},{"type":"Feature","geometry":{"type":"Point","coordinates":[-1.260445,47.161088]},"properties":{"data":"2024-01-30","adresas":"20 RUE DU VAL DE LOGNE","tipas":"namas","plotas_m2":84,"kambariai":4,"priklausiniai":0,"kaina_eur":325000,"eur_m2":3869,"atstumas_m":463,"metai":2024,"sklypas":"44212000AZ0506"}},{"type":"Feature","geometry":{"type":"Point","coordinates":[-1.269454,47.163308]},"properties":{"data":"2024-01-31","adresas":"1 RUE DES JARDINS","tipas":"namas","plotas_m2":86,"kambariai":4,"priklausiniai":0,"kaina_eur":285000,"eur_m2":3314,"atstumas_m":336,"metai":2024,"sklypas":"44212000AY1876"}},{"type":"Feature","geometry":{"type":"Point","coordinates":[-1.314306,47.143744]},"properties":{"data":"2024-02-01","adresas":"5592 LES PIERRIERES","tipas":"namas","plotas_m2":82,"kambariai":5,"priklausiniai":0,"kaina_eur":180000,"eur_m2":2195,"atstumas_m":4094,"metai":2024,"sklypas":"44212000WL0085"}},{"type":"Feature","geometry":{"type":"Point","coordinates":[-1.271006,47.18584]},"properties":{"data":"2024-02-02","adresas":"9 LA POMMERAIE","tipas":"namas","plotas_m2":63,"kambariai":3,"priklausiniai":0,"kaina_eur":140000,"eur_m2":2222,"atstumas_m":2784,"metai":2024,"sklypas":"44212000AE0174"}},{"type":"Feature","geometry":{"type":"Point","coordinates":[-1.266911,47.15643]},"properties":{"data":"2024-02-05","adresas":"28 BD D ITALIE","tipas":"namas","plotas_m2":84,"kambariai":4,"priklausiniai":0,"kaina_eur":249900,"eur_m2":2975,"atstumas_m":511,"metai":2024,"sklypas":"44212000ZS0706"}},{"type":"Feature","geometry":{"type":"Point","coordinates":[-1.252109,47.152106]},"properties":{"data":"2024-02-12","adresas":"9 LES ROSIERS","tipas":"namas","plotas_m2":58,"kambariai":2,"priklausiniai":0,"kaina_eur":120495,"eur_m2":2078,"atstumas_m":1477,"metai":2024,"sklypas":"44212000ZV0097"}},{"type":"Feature","geometry":{"type":"Point","coordinates":[-1.220625,47.175341]},"properties":{"data":"2024-02-13","adresas":"19 LES CHABOISSIERES","tipas":"namas","plotas_m2":80,"kambariai":3,"priklausiniai":2,"kaina_eur":207695,"eur_m2":2596,"atstumas_m":3825,"metai":2024,"sklypas":"44212000BK0147"}},{"type":"Feature","geometry":{"type":"Point","coordinates":[-1.261938,47.162052]},"properties":{"data":"2024-03-07","adresas":"72 RUE D ANJOU","tipas":"namas","plotas_m2":60,"kambariai":4,"priklausiniai":0,"kaina_eur":225000,"eur_m2":3750,"atstumas_m":368,"metai":2024,"sklypas":"44212000AY1763"}},{"type":"Feature","geometry":{"type":"Point","coordinates":[-1.265417,47.16513]},"properties":{"data":"2024-02-21","adresas":"10 RTE DES DORICES","tipas":"namas","plotas_m2":89,"kambariai":3,"priklausiniai":1,"kaina_eur":320500,"eur_m2":3601,"atstumas_m":466,"metai":2024,"sklypas":"44212000AR0326"}},{"type":"Feature","geometry":{"type":"Point","coordinates":[-1.271869,47.180984]},"properties":{"data":"2024-02-15","adresas":"24 LA PETINIERE","tipas":"namas","plotas_m2":76,"kambariai":2,"priklausiniai":0,"kaina_eur":260000,"eur_m2":3421,"atstumas_m":2259,"metai":2024,"sklypas":"44212000AI0416"}},{"type":"Feature","geometry":{"type":"Point","coordinates":[-1.219618,47.175501]},"properties":{"data":"2024-02-28","adresas":"3 LES CHABOISSIERES","tipas":"namas","plotas_m2":60,"kambariai":1,"priklausiniai":0,"kaina_eur":90000,"eur_m2":1500,"atstumas_m":3902,"metai":2024,"sklypas":"44212000BK0734"}},{"type":"Feature","geometry":{"type":"Point","coordinates":[-1.267625,47.172498]},"properties":{"data":"2024-02-15","adresas":"8 RUE DE L AUBEPINE","tipas":"namas","plotas_m2":162,"kambariai":6,"priklausiniai":0,"kaina_eur":390000,"eur_m2":2407,"atstumas_m":1281,"metai":2024,"sklypas":"44212000AT0252"}},{"type":"Feature","geometry":{"type":"Point","coordinates":[-1.259667,47.16135]},"properties":{"data":"2024-02-27","adresas":"1 RUE DU CLOS JULIENNE","tipas":"namas","plotas_m2":96,"kambariai":5,"priklausiniai":0,"kaina_eur":220500,"eur_m2":2297,"atstumas_m":523,"metai":2024,"sklypas":"44212000AZ0189"}},{"type":"Feature","geometry":{"type":"Point","coordinates":[-1.27243,47.168048]},"properties":{"data":"2024-02-29","adresas":"1 RUE ERIK SATIE","tipas":"namas","plotas_m2":85,"kambariai":4,"priklausiniai":0,"kaina_eur":217000,"eur_m2":2553,"atstumas_m":900,"metai":2024,"sklypas":"44212000AT0737"}},{"type":"Feature","geometry":{"type":"Point","coordinates":[-1.311482,47.186245]},"properties":{"data":"2024-02-28","adresas":"59 LES RAILLERES","tipas":"namas","plotas_m2":47,"kambariai":3,"priklausiniai":1,"kaina_eur":155000,"eur_m2":3298,"atstumas_m":4410,"metai":2024,"sklypas":"44212000AB0343"}},{"type":"Feature","geometry":{"type":"Point","coordinates":[-1.26299,47.163218]},"properties":{"data":"2024-02-14","adresas":"10 RUE GUERIN PARIS","tipas":"namas","plotas_m2":110,"kambariai":5,"priklausiniai":0,"kaina_eur":125000,"eur_m2":1136,"atstumas_m":365,"metai":2024,"sklypas":"44212000AY0760"}},{"type":"Feature","geometry":{"type":"Point","coordinates":[-1.305965,47.171395]},"properties":{"data":"2024-03-26","adresas":"29 LA TOURNERIE","tipas":"namas","plotas_m2":114,"kambariai":4,"priklausiniai":1,"kaina_eur":353000,"eur_m2":3096,"atstumas_m":3199,"metai":2024,"sklypas":"44212000EX0098"}},{"type":"Feature","geometry":{"type":"Point","coordinates":[-1.25732,47.160706]},"properties":{"data":"2024-03-28","adresas":"9 RUE MAITRE PIERRE","tipas":"namas","plotas_m2":47,"kambariai":2,"priklausiniai":1,"kaina_eur":121160,"eur_m2":2578,"atstumas_m":700,"metai":2024,"sklypas":"44212000ZX0094"}},{"type":"Feature","geometry":{"type":"Point","coordinates":[-1.272314,47.181247]},"properties":{"data":"2024-04-05","adresas":"34 LA PETINIERE","tipas":"namas","plotas_m2":77,"kambariai":3,"priklausiniai":0,"kaina_eur":199000,"eur_m2":2584,"atstumas_m":2294,"metai":2024,"sklypas":"44212000AI0299"}},{"type":"Feature","geometry":{"type":"Point","coordinates":[-1.267029,47.140633]},"properties":{"data":"2024-04-12","adresas":"5 L ANERIE","tipas":"namas","plotas_m2":101,"kambariai":4,"priklausiniai":0,"kaina_eur":230000,"eur_m2":2277,"atstumas_m":2269,"metai":2024,"sklypas":"44212000XN0105"}},{"type":"Feature","geometry":{"type":"Point","coordinates":[-1.256267,47.152132]},"properties":{"data":"2024-04-08","adresas":"203 LA FECUNIERE","tipas":"namas","plotas_m2":99,"kambariai":4,"priklausiniai":1,"kaina_eur":271000,"eur_m2":2737,"atstumas_m":1259,"metai":2024,"sklypas":"44212000ZT0097"}},{"type":"Feature","geometry":{"type":"Point","coordinates":[-1.319978,47.160842]},"properties":{"data":"2024-04-17","adresas":"305 LA MENARDIERE","tipas":"namas","plotas_m2":79,"kambariai":6,"priklausiniai":1,"kaina_eur":187870,"eur_m2":2378,"atstumas_m":4043,"metai":2024,"sklypas":"44212000WS0200"}},{"type":"Feature","geometry":{"type":"Point","coordinates":[-1.270692,47.161789]},"properties":{"data":"2024-04-22","adresas":"7 AV DU GENERAL HEURTAUX","tipas":"namas","plotas_m2":68,"kambariai":3,"priklausiniai":0,"kaina_eur":225000,"eur_m2":3309,"atstumas_m":324,"metai":2024,"sklypas":"44212000AY1644"}},{"type":"Feature","geometry":{"type":"Point","coordinates":[-1.263675,47.160599]},"properties":{"data":"2024-04-30","adresas":"29 RUE DE BAZOGES","tipas":"namas","plotas_m2":36,"kambariai":3,"priklausiniai":0,"kaina_eur":110000,"eur_m2":3056,"atstumas_m":223,"metai":2024,"sklypas":"44212000AY0322"}},{"type":"Feature","geometry":{"type":"Point","coordinates":[-1.273352,47.164417]},"properties":{"data":"2024-04-22","adresas":"4 BD DU LUXEMBOURG","tipas":"namas","plotas_m2":150,"kambariai":5,"priklausiniai":0,"kaina_eur":300000,"eur_m2":2000,"atstumas_m":638,"metai":2024,"sklypas":"44212000AX0037"}},{"type":"Feature","geometry":{"type":"Point","coordinates":[-1.227771,47.150503]},"properties":{"data":"2024-05-21","adresas":"12 BOIS JAMBAS","tipas":"namas","plotas_m2":85,"kambariai":3,"priklausiniai":0,"kaina_eur":178790,"eur_m2":2103,"atstumas_m":3161,"metai":2024,"sklypas":"44212000YS0084"}},{"type":"Feature","geometry":{"type":"Point","coordinates":[-1.266058,47.160242]},"properties":{"data":"2024-06-06","adresas":"4 RUE DE L ACADEMIE","tipas":"namas","plotas_m2":38,"kambariai":2,"priklausiniai":0,"kaina_eur":120000,"eur_m2":3158,"atstumas_m":94,"metai":2024,"sklypas":"44212000AY0454"}},{"type":"Feature","geometry":{"type":"Point","coordinates":[-1.271723,47.16117]},"properties":{"data":"2024-05-22","adresas":"27 RUE SAINT VINCENT","tipas":"butas","plotas_m2":26,"kambariai":2,"priklausiniai":1,"kaina_eur":94000,"eur_m2":3615,"atstumas_m":391,"metai":2024,"sklypas":"44212000AY0716"}},{"type":"Feature","geometry":{"type":"Point","coordinates":[-1.262024,47.171363]},"properties":{"data":"2024-06-06","adresas":"7 AV DES PAPILLONS BLANCS","tipas":"namas","plotas_m2":99,"kambariai":3,"priklausiniai":0,"kaina_eur":430000,"eur_m2":4343,"atstumas_m":1202,"metai":2024,"sklypas":"44212000AR0206"}},{"type":"Feature","geometry":{"type":"Point","coordinates":[-1.265777,47.175689]},"properties":{"data":"2024-05-31","adresas":"1 ALL DES ERABLES","tipas":"namas","plotas_m2":127,"kambariai":6,"priklausiniai":1,"kaina_eur":373000,"eur_m2":2937,"atstumas_m":1634,"metai":2024,"sklypas":"44212000AS0490"}},{"type":"Feature","geometry":{"type":"Point","coordinates":[-1.22377,47.160173]},"properties":{"data":"2024-06-18","adresas":"111 LA CHALOUSIERE","tipas":"namas","plotas_m2":277,"kambariai":5,"priklausiniai":1,"kaina_eur":263600,"eur_m2":952,"atstumas_m":3240,"metai":2024,"sklypas":"44212000YC0107"}},{"type":"Feature","geometry":{"type":"Point","coordinates":[-1.242646,47.196117]},"properties":{"data":"2024-06-10","adresas":"301 LES COURRERES","tipas":"namas","plotas_m2":86,"kambariai":4,"priklausiniai":0,"kaina_eur":272000,"eur_m2":3163,"atstumas_m":4306,"metai":2024,"sklypas":"44212000AM0569"}},{"type":"Feature","geometry":{"type":"Point","coordinates":[-1.204278,47.160535]},"properties":{"data":"2024-06-26","adresas":"219 LA POUINIERE","tipas":"namas","plotas_m2":115,"kambariai":4,"priklausiniai":1,"kaina_eur":343000,"eur_m2":2983,"atstumas_m":4714,"metai":2024,"sklypas":"44212000YI0227"}},{"type":"Feature","geometry":{"type":"Point","coordinates":[-1.261983,47.172397]},"properties":{"data":"2024-06-27","adresas":"5 AV DE LA GRANDE PRAIRIE","tipas":"namas","plotas_m2":72,"kambariai":4,"priklausiniai":1,"kaina_eur":212000,"eur_m2":2944,"atstumas_m":1313,"metai":2024,"sklypas":"44212000AR0182"}},{"type":"Feature","geometry":{"type":"Point","coordinates":[-1.261803,47.171825]},"properties":{"data":"2024-06-24","adresas":"8 AV DE LA GRANDE PRAIRIE","tipas":"namas","plotas_m2":90,"kambariai":3,"priklausiniai":0,"kaina_eur":230000,"eur_m2":2556,"atstumas_m":1256,"metai":2024,"sklypas":"44212000AR0166"}},{"type":"Feature","geometry":{"type":"Point","coordinates":[-1.266272,47.175979]},"properties":{"data":"2024-07-02","adresas":"17 ALL DES ERABLES","tipas":"namas","plotas_m2":116,"kambariai":7,"priklausiniai":0,"kaina_eur":335000,"eur_m2":2888,"atstumas_m":1666,"metai":2024,"sklypas":"44212000AS0498"}},{"type":"Feature","geometry":{"type":"Point","coordinates":[-1.267181,47.160571]},"properties":{"data":"2024-07-02","adresas":"8344 IMP DES FORGES","tipas":"namas","plotas_m2":87,"kambariai":5,"priklausiniai":1,"kaina_eur":154000,"eur_m2":1770,"atstumas_m":68,"metai":2024,"sklypas":"44212000AY1378"}},{"type":"Feature","geometry":{"type":"Point","coordinates":[-1.221846,47.159377]},"properties":{"data":"2024-07-11","adresas":"305 LA CHALOUSIERE","tipas":"namas","plotas_m2":140,"kambariai":4,"priklausiniai":1,"kaina_eur":230000,"eur_m2":1643,"atstumas_m":3389,"metai":2024,"sklypas":"44212000YD0084"}},{"type":"Feature","geometry":{"type":"Point","coordinates":[-1.215394,47.145927]},"properties":{"data":"2024-07-12","adresas":"5106 GRONDIN","tipas":"namas","plotas_m2":75,"kambariai":3,"priklausiniai":0,"kaina_eur":171500,"eur_m2":2287,"atstumas_m":4221,"metai":2024,"sklypas":"44212000YP0039"}},{"type":"Feature","geometry":{"type":"Point","coordinates":[-1.270968,47.167222]},"properties":{"data":"2024-07-16","adresas":"2 RUE DE CHANTEMERLE","tipas":"namas","plotas_m2":90,"kambariai":5,"priklausiniai":0,"kaina_eur":234600,"eur_m2":2607,"atstumas_m":767,"metai":2024,"sklypas":"44212000AT0159"}},{"type":"Feature","geometry":{"type":"Point","coordinates":[-1.267691,47.159015]},"properties":{"data":"2024-07-18","adresas":"5 CHE DES BUTTES","tipas":"namas","plotas_m2":85,"kambariai":5,"priklausiniai":1,"kaina_eur":120000,"eur_m2":1412,"atstumas_m":239,"metai":2024,"sklypas":"44212000ZS0175"}},{"type":"Feature","geometry":{"type":"Point","coordinates":[-1.266435,47.159207]},"properties":{"data":"2024-07-19","adresas":"15 RUE SAINT CHRISTOPHE","tipas":"namas","plotas_m2":60,"kambariai":2,"priklausiniai":0,"kaina_eur":180000,"eur_m2":3000,"atstumas_m":202,"metai":2024,"sklypas":"44212000ZS0395"}},{"type":"Feature","geometry":{"type":"Point","coordinates":[-1.222822,47.161192]},"properties":{"data":"2024-07-26","adresas":"411 LA CHALOUSIERE","tipas":"namas","plotas_m2":127,"kambariai":3,"priklausiniai":0,"kaina_eur":160500,"eur_m2":1264,"atstumas_m":3311,"metai":2024,"sklypas":"44212000CD0158"}},{"type":"Feature","geometry":{"type":"Point","coordinates":[-1.272201,47.186027]},"properties":{"data":"2024-08-01","adresas":"130 LA POMMERAIE","tipas":"namas","plotas_m2":91,"kambariai":5,"priklausiniai":1,"kaina_eur":195000,"eur_m2":2143,"atstumas_m":2817,"metai":2024,"sklypas":"44212000AE0516"}},{"type":"Feature","geometry":{"type":"Point","coordinates":[-1.270505,47.164141]},"properties":{"data":"2024-08-05","adresas":"11 RTE DE LA LOIRE","tipas":"namas","plotas_m2":90,"kambariai":5,"priklausiniai":1,"kaina_eur":252000,"eur_m2":2800,"atstumas_m":458,"metai":2024,"sklypas":"44212000AY0013"}},{"type":"Feature","geometry":{"type":"Point","coordinates":[-1.307713,47.163582]},"properties":{"data":"2024-08-06","adresas":"140 BONNE FONTAINE","tipas":"namas","plotas_m2":158,"kambariai":6,"priklausiniai":1,"kaina_eur":430000,"eur_m2":2722,"atstumas_m":3128,"metai":2024,"sklypas":"44212000ZH0458"}},{"type":"Feature","geometry":{"type":"Point","coordinates":[-1.282133,47.1723]},"properties":{"data":"2024-08-08","adresas":"104 LE HALDRAS","tipas":"namas","plotas_m2":146,"kambariai":6,"priklausiniai":1,"kaina_eur":335000,"eur_m2":2295,"atstumas_m":1722,"metai":2024,"sklypas":"44212000HI0314"}},{"type":"Feature","geometry":{"type":"Point","coordinates":[-1.219715,47.172467]},"properties":{"data":"2024-08-26","adresas":"59 LES CHABOISSIERES","tipas":"namas","plotas_m2":128,"kambariai":5,"priklausiniai":1,"kaina_eur":405000,"eur_m2":3164,"atstumas_m":3768,"metai":2024,"sklypas":"44212000BK0684"}},{"type":"Feature","geometry":{"type":"Point","coordinates":[-1.323887,47.152996]},"properties":{"data":"2024-08-20","adresas":"5641 LA GUIBLOTERIE","tipas":"namas","plotas_m2":102,"kambariai":3,"priklausiniai":0,"kaina_eur":283500,"eur_m2":2779,"atstumas_m":4430,"metai":2024,"sklypas":"44212000WO0061"}},{"type":"Feature","geometry":{"type":"Point","coordinates":[-1.267214,47.160242]},"properties":{"data":"2024-08-05","adresas":"8 RLE DES TEINTURIERS","tipas":"namas","plotas_m2":102,"kambariai":6,"priklausiniai":1,"kaina_eur":380000,"eur_m2":3725,"atstumas_m":100,"metai":2024,"sklypas":"44212000AY0513"}},{"type":"Feature","geometry":{"type":"Point","coordinates":[-1.283163,47.158682]},"properties":{"data":"2024-08-30","adresas":"101 LA NOUILLERE","tipas":"namas","plotas_m2":88,"kambariai":5,"priklausiniai":0,"kaina_eur":254000,"eur_m2":2886,"atstumas_m":1283,"metai":2024,"sklypas":"44212000ZR0150"}},{"type":"Feature","geometry":{"type":"Point","coordinates":[-1.272872,47.167095]},"properties":{"data":"2024-08-30","adresas":"19 RTE DE LA LOIRE","tipas":"namas","plotas_m2":95,"kambariai":5,"priklausiniai":0,"kaina_eur":239000,"eur_m2":2516,"atstumas_m":828,"metai":2024,"sklypas":"44212000AV0153"}},{"type":"Feature","geometry":{"type":"Point","coordinates":[-1.249551,47.138796]},"properties":{"data":"2024-08-30","adresas":"234 LA DEBAUDIERE","tipas":"namas","plotas_m2":82,"kambariai":4,"priklausiniai":0,"kaina_eur":247000,"eur_m2":3012,"atstumas_m":2789,"metai":2024,"sklypas":"44212000XD0192"}},{"type":"Feature","geometry":{"type":"Point","coordinates":[-1.319939,47.160191]},"properties":{"data":"2024-08-27","adresas":"98 LA MENARDIERE","tipas":"namas","plotas_m2":138,"kambariai":3,"priklausiniai":0,"kaina_eur":252700,"eur_m2":1831,"atstumas_m":4041,"metai":2024,"sklypas":"44212000WS0198"}},{"type":"Feature","geometry":{"type":"Point","coordinates":[-1.24972,47.157112]},"properties":{"data":"2024-08-30","adresas":"6022 LE LOGIS NEUF","tipas":"namas","plotas_m2":90,"kambariai":4,"priklausiniai":0,"kaina_eur":253000,"eur_m2":2811,"atstumas_m":1347,"metai":2024,"sklypas":"44212000ZW0051"}},{"type":"Feature","geometry":{"type":"Point","coordinates":[-1.282527,47.160101]},"properties":{"data":"2024-09-05","adresas":"121 LA NOUILLERE","tipas":"namas","plotas_m2":81,"kambariai":5,"priklausiniai":0,"kaina_eur":262850,"eur_m2":3245,"atstumas_m":1213,"metai":2024,"sklypas":"44212000ZR0485"}},{"type":"Feature","geometry":{"type":"Point","coordinates":[-1.241347,47.194375]},"properties":{"data":"2024-08-28","adresas":"356 LES COURRERES","tipas":"namas","plotas_m2":156,"kambariai":5,"priklausiniai":0,"kaina_eur":182500,"eur_m2":1170,"atstumas_m":4175,"metai":2024,"sklypas":"44212000AM0541"}},{"type":"Feature","geometry":{"type":"Point","coordinates":[-1.220518,47.175911]},"properties":{"data":"2024-09-12","adresas":"11 LES CHABOISSIERES","tipas":"namas","plotas_m2":64,"kambariai":1,"priklausiniai":1,"kaina_eur":180220,"eur_m2":2816,"atstumas_m":3859,"metai":2024,"sklypas":"44212000BK0140"}},{"type":"Feature","geometry":{"type":"Point","coordinates":[-1.268574,47.185298]},"properties":{"data":"2024-09-17","adresas":"1 LA POMMERAIE","tipas":"namas","plotas_m2":91,"kambariai":5,"priklausiniai":1,"kaina_eur":120000,"eur_m2":1319,"atstumas_m":2707,"metai":2024,"sklypas":"44212000AE0055"}},{"type":"Feature","geometry":{"type":"Point","coordinates":[-1.246139,47.185582]},"properties":{"data":"2024-09-19","adresas":"31 LES CREUSETTES","tipas":"namas","plotas_m2":93,"kambariai":4,"priklausiniai":0,"kaina_eur":280000,"eur_m2":3011,"atstumas_m":3141,"metai":2024,"sklypas":"44212000AL0551"}},{"type":"Feature","geometry":{"type":"Point","coordinates":[-1.219742,47.15985]},"properties":{"data":"2024-09-27","adresas":"214 LA CHALOUSIERE","tipas":"namas","plotas_m2":99,"kambariai":4,"priklausiniai":1,"kaina_eur":325000,"eur_m2":3283,"atstumas_m":3546,"metai":2024,"sklypas":"44212000YD0064"}},{"type":"Feature","geometry":{"type":"Point","coordinates":[-1.271048,47.161946]},"properties":{"data":"2024-09-26","adresas":"11 AV DU GENERAL HEURTAUX","tipas":"namas","plotas_m2":85,"kambariai":4,"priklausiniai":1,"kaina_eur":280000,"eur_m2":3294,"atstumas_m":355,"metai":2024,"sklypas":"44212000AX0060"}},{"type":"Feature","geometry":{"type":"Point","coordinates":[-1.249182,47.153307]},"properties":{"data":"2024-09-19","adresas":"6019 CUL NOIR","tipas":"namas","plotas_m2":70,"kambariai":3,"priklausiniai":1,"kaina_eur":230000,"eur_m2":3286,"atstumas_m":1571,"metai":2024,"sklypas":"44212000ZV0049"}},{"type":"Feature","geometry":{"type":"Point","coordinates":[-1.221649,47.161835]},"properties":{"data":"2024-09-27","adresas":"461 LA CHALOUSIERE","tipas":"namas","plotas_m2":73,"kambariai":5,"priklausiniai":0,"kaina_eur":152000,"eur_m2":2082,"atstumas_m":3401,"metai":2024,"sklypas":"44212000CD0527"}},{"type":"Feature","geometry":{"type":"Point","coordinates":[-1.30918,47.163855]},"properties":{"data":"2024-10-10","adresas":"154 BONNE FONTAINE","tipas":"namas","plotas_m2":88,"kambariai":5,"priklausiniai":0,"kaina_eur":230000,"eur_m2":2614,"atstumas_m":3241,"metai":2024,"sklypas":"44212000ZH0736"}},{"type":"Feature","geometry":{"type":"Point","coordinates":[-1.26698,47.173155]},"properties":{"data":"2024-10-01","adresas":"38 RUE DES MARRONNIERS","tipas":"namas","plotas_m2":100,"kambariai":5,"priklausiniai":0,"kaina_eur":315800,"eur_m2":3158,"atstumas_m":1352,"metai":2024,"sklypas":"44212000AS0745"}},{"type":"Feature","geometry":{"type":"Point","coordinates":[-1.257902,47.161026]},"properties":{"data":"2024-10-10","adresas":"18 CHE DES MEUNIERS","tipas":"namas","plotas_m2":46,"kambariai":2,"priklausiniai":0,"kaina_eur":135000,"eur_m2":2935,"atstumas_m":655,"metai":2024,"sklypas":"44212000ZX0089"}},{"type":"Feature","geometry":{"type":"Point","coordinates":[-1.242763,47.163583]},"properties":{"data":"2024-10-16","adresas":"5151 LA BRETAUDIERE","tipas":"namas","plotas_m2":105,"kambariai":5,"priklausiniai":0,"kaina_eur":185000,"eur_m2":1762,"atstumas_m":1824,"metai":2024,"sklypas":"44212000YA0058"}},{"type":"Feature","geometry":{"type":"Point","coordinates":[-1.2286,47.145898]},"properties":{"data":"2024-10-02","adresas":"144 LES CORBEILLERES","tipas":"namas","plotas_m2":98,"kambariai":4,"priklausiniai":0,"kaina_eur":200000,"eur_m2":2041,"atstumas_m":3330,"metai":2024,"sklypas":"44212000YX0142"}},{"type":"Feature","geometry":{"type":"Point","coordinates":[-1.265263,47.16275]},"properties":{"data":"2024-10-02","adresas":"7 BD EVARISTE DEJOIE","tipas":"namas","plotas_m2":89,"kambariai":4,"priklausiniai":1,"kaina_eur":160000,"eur_m2":1798,"atstumas_m":216,"metai":2024,"sklypas":"44212000AY0959"}},{"type":"Feature","geometry":{"type":"Point","coordinates":[-1.319573,47.184502]},"properties":{"data":"2024-10-24","adresas":"55 LA GOBINIERE","tipas":"namas","plotas_m2":102,"kambariai":5,"priklausiniai":0,"kaina_eur":235000,"eur_m2":2304,"atstumas_m":4789,"metai":2024,"sklypas":"44212000IK0193"}},{"type":"Feature","geometry":{"type":"Point","coordinates":[-1.240989,47.194969]},"properties":{"data":"2024-11-05","adresas":"366 LES COURRERES","tipas":"namas","plotas_m2":82,"kambariai":4,"priklausiniai":1,"kaina_eur":120000,"eur_m2":1463,"atstumas_m":4246,"metai":2024,"sklypas":"44212000AM0403"}},{"type":"Feature","geometry":{"type":"Point","coordinates":[-1.237999,47.147948]},"properties":{"data":"2024-11-12","adresas":"18 LA HAUTE BOURDELIERE","tipas":"namas","plotas_m2":84,"kambariai":2,"priklausiniai":0,"kaina_eur":232500,"eur_m2":2768,"atstumas_m":2606,"metai":2024,"sklypas":"44212000XA0069"}},{"type":"Feature","geometry":{"type":"Point","coordinates":[-1.238287,47.14781]},"properties":{"data":"2024-11-15","adresas":"5931 LA BASSE BOURDELIERE","tipas":"namas","plotas_m2":142,"kambariai":5,"priklausiniai":1,"kaina_eur":295000,"eur_m2":2077,"atstumas_m":2596,"metai":2024,"sklypas":"44212000XA0070"}},{"type":"Feature","geometry":{"type":"Point","coordinates":[-1.2684,47.161619]},"properties":{"data":"2024-11-18","adresas":"10 RUE EMILE GABORY","tipas":"namas","plotas_m2":220,"kambariai":6,"priklausiniai":1,"kaina_eur":552000,"eur_m2":2509,"atstumas_m":155,"metai":2024,"sklypas":"44212000AY1506"}},{"type":"Feature","geometry":{"type":"Point","coordinates":[-1.330991,47.180308]},"properties":{"data":"2024-11-27","adresas":"5001 LA VICOMTIERE","tipas":"namas","plotas_m2":110,"kambariai":4,"priklausiniai":1,"kaina_eur":215000,"eur_m2":1955,"atstumas_m":5329,"metai":2024,"sklypas":"44212000HX0126"}},{"type":"Feature","geometry":{"type":"Point","coordinates":[-1.277752,47.1545]},"properties":{"data":"2024-11-26","adresas":"7114 LA ROUXIERE","tipas":"namas","plotas_m2":99,"kambariai":5,"priklausiniai":0,"kaina_eur":220000,"eur_m2":2222,"atstumas_m":1115,"metai":2024,"sklypas":"44212000WA0104"}},{"type":"Feature","geometry":{"type":"Point","coordinates":[-1.266485,47.172926]},"properties":{"data":"2024-11-29","adresas":"12 RUE DES MARRONNIERS","tipas":"namas","plotas_m2":91,"kambariai":5,"priklausiniai":0,"kaina_eur":290000,"eur_m2":3187,"atstumas_m":1326,"metai":2024,"sklypas":"44212000AS0764"}},{"type":"Feature","geometry":{"type":"Point","coordinates":[-1.267801,47.161366]},"properties":{"data":"2024-11-19","adresas":"13 RUE TRAVERSIERE","tipas":"butas","plotas_m2":42,"kambariai":2,"priklausiniai":0,"kaina_eur":123000,"eur_m2":2929,"atstumas_m":102,"metai":2024,"sklypas":"44212000AY0582"}},{"type":"Feature","geometry":{"type":"Point","coordinates":[-1.267707,47.172738]},"properties":{"data":"2024-12-02","adresas":"10 RUE DE L AUBEPINE","tipas":"namas","plotas_m2":127,"kambariai":6,"priklausiniai":0,"kaina_eur":340000,"eur_m2":2677,"atstumas_m":1308,"metai":2024,"sklypas":"44212000AT0253"}},{"type":"Feature","geometry":{"type":"Point","coordinates":[-1.332193,47.182655]},"properties":{"data":"2024-12-03","adresas":"5457 VERA CRUZ","tipas":"namas","plotas_m2":100,"kambariai":4,"priklausiniai":0,"kaina_eur":171000,"eur_m2":1710,"atstumas_m":5521,"metai":2024,"sklypas":"44212000HW0087"}},{"type":"Feature","geometry":{"type":"Point","coordinates":[-1.315706,47.16392]},"properties":{"data":"2024-12-09","adresas":"5717 LES PELLERINS","tipas":"namas","plotas_m2":110,"kambariai":5,"priklausiniai":0,"kaina_eur":120000,"eur_m2":1091,"atstumas_m":3734,"metai":2024,"sklypas":"44212000WT0092"}},{"type":"Feature","geometry":{"type":"Point","coordinates":[-1.269375,47.161305]},"properties":{"data":"2024-12-13","adresas":"8 AV DU GENERAL HEURTAUX","tipas":"namas","plotas_m2":42,"kambariai":4,"priklausiniai":1,"kaina_eur":156000,"eur_m2":3714,"atstumas_m":215,"metai":2024,"sklypas":"44212000AY0045"}},{"type":"Feature","geometry":{"type":"Point","coordinates":[-1.308396,47.163246]},"properties":{"data":"2024-12-19","adresas":"144 BONNE FONTAINE","tipas":"namas","plotas_m2":86,"kambariai":4,"priklausiniai":0,"kaina_eur":252500,"eur_m2":2936,"atstumas_m":3176,"metai":2024,"sklypas":"44212000ZH0606"}},{"type":"Feature","geometry":{"type":"Point","coordinates":[-1.311785,47.152174]},"properties":{"data":"2024-12-19","adresas":"14 LA SALMONIERE","tipas":"namas","plotas_m2":65,"kambariai":2,"priklausiniai":0,"kaina_eur":130000,"eur_m2":2000,"atstumas_m":3562,"metai":2024,"sklypas":"44212000WN0073"}},{"type":"Feature","geometry":{"type":"Point","coordinates":[-1.309044,47.182146]},"properties":{"data":"2024-12-19","adresas":"5502 LA BODINIERE","tipas":"namas","plotas_m2":89,"kambariai":6,"priklausiniai":0,"kaina_eur":182000,"eur_m2":2045,"atstumas_m":3984,"metai":2024,"sklypas":"44212000HO0093"}},{"type":"Feature","geometry":{"type":"Point","coordinates":[-1.261777,47.172889]},"properties":{"data":"2024-12-30","adresas":"9 AV DE LA GRANDE PRAIRIE","tipas":"namas","plotas_m2":88,"kambariai":5,"priklausiniai":1,"kaina_eur":168000,"eur_m2":1909,"atstumas_m":1370,"metai":2024,"sklypas":"44212000AR0180"}},{"type":"Feature","geometry":{"type":"Point","coordinates":[-1.308153,47.145855]},"properties":{"data":"2024-12-30","adresas":"211 LA MASSONNIERE","tipas":"namas","plotas_m2":77,"kambariai":3,"priklausiniai":1,"kaina_eur":97500,"eur_m2":1266,"atstumas_m":3572,"metai":2024,"sklypas":"44212000WK0117"}},{"type":"Feature","geometry":{"type":"Point","coordinates":[-1.269467,47.16134]},"properties":{"data":"2024-12-30","adresas":"12 AV DU GENERAL HEURTAUX","tipas":"namas","plotas_m2":38,"kambariai":3,"priklausiniai":0,"kaina_eur":60000,"eur_m2":1579,"atstumas_m":223,"metai":2024,"sklypas":"44212000AY1716"}},{"type":"Feature","geometry":{"type":"Point","coordinates":[-1.259463,47.162606]},"properties":{"data":"2025-01-30","adresas":"80 RUE D ANJOU","tipas":"namas","plotas_m2":200,"kambariai":7,"priklausiniai":1,"kaina_eur":445000,"eur_m2":2225,"atstumas_m":566,"metai":2025,"sklypas":"44212000AZ0540"}},{"type":"Feature","geometry":{"type":"Point","coordinates":[-1.258007,47.181985]},"properties":{"data":"2025-01-14","adresas":"1 LE MOULIN GOHAUD","tipas":"namas","plotas_m2":67,"kambariai":3,"priklausiniai":0,"kaina_eur":169600,"eur_m2":2531,"atstumas_m":2422,"metai":2025,"sklypas":"44212000AK0172"}},{"type":"Feature","geometry":{"type":"Point","coordinates":[-1.251044,47.163809]},"properties":{"data":"2025-02-03","adresas":"10 LE PUY JAHAIL","tipas":"namas","plotas_m2":73,"kambariai":2,"priklausiniai":0,"kaina_eur":135000,"eur_m2":1849,"atstumas_m":1215,"metai":2025,"sklypas":"44212000BC0242"}},{"type":"Feature","geometry":{"type":"Point","coordinates":[-1.302081,47.160705]},"properties":{"data":"2025-01-24","adresas":"26 BONNE FONTAINE","tipas":"namas","plotas_m2":90,"kambariai":5,"priklausiniai":0,"kaina_eur":252000,"eur_m2":2800,"atstumas_m":2689,"metai":2025,"sklypas":"44212000ZH0460"}},{"type":"Feature","geometry":{"type":"Point","coordinates":[-1.266845,47.159913]},"properties":{"data":"2025-01-27","adresas":"19 RUE DU PROGRES","tipas":"namas","plotas_m2":97,"kambariai":3,"priklausiniai":1,"kaina_eur":146000,"eur_m2":1505,"atstumas_m":125,"metai":2025,"sklypas":"44212000AY0500"}},{"type":"Feature","geometry":{"type":"Point","coordinates":[-1.290518,47.184053]},"properties":{"data":"2025-02-05","adresas":"5846 LA GOULBAUDIERE","tipas":"namas","plotas_m2":66,"kambariai":2,"priklausiniai":0,"kaina_eur":208500,"eur_m2":3159,"atstumas_m":3141,"metai":2025,"sklypas":"44212000AC0345"}},{"type":"Feature","geometry":{"type":"Point","coordinates":[-1.221347,47.161459]},"properties":{"data":"2025-02-07","adresas":"428 LA CHALOUSIERE","tipas":"namas","plotas_m2":92,"kambariai":4,"priklausiniai":0,"kaina_eur":224850,"eur_m2":2444,"atstumas_m":3423,"metai":2025,"sklypas":"44212000CD0613"}},{"type":"Feature","geometry":{"type":"Point","coordinates":[-1.268452,47.160541]},"properties":{"data":"2025-01-27","adresas":"3 RUE DU PROGRES","tipas":"namas","plotas_m2":125,"kambariai":3,"priklausiniai":0,"kaina_eur":274500,"eur_m2":2196,"atstumas_m":153,"metai":2025,"sklypas":"44212000AY0555"}},{"type":"Feature","geometry":{"type":"Point","coordinates":[-1.269378,47.180981]},"properties":{"data":"2025-02-07","adresas":"5797 LA PETINIERE","tipas":"namas","plotas_m2":90,"kambariai":4,"priklausiniai":1,"kaina_eur":245000,"eur_m2":2722,"atstumas_m":2233,"metai":2025,"sklypas":"44212000AI0393"}},{"type":"Feature","geometry":{"type":"Point","coordinates":[-1.268079,47.171685]},"properties":{"data":"2025-02-05","adresas":"1 RUE DE L AUBEPINE","tipas":"namas","plotas_m2":92,"kambariai":5,"priklausiniai":0,"kaina_eur":126000,"eur_m2":1370,"atstumas_m":1193,"metai":2025,"sklypas":"44212000AT0273"}},{"type":"Feature","geometry":{"type":"Point","coordinates":[-1.298048,47.179976]},"properties":{"data":"2025-02-28","adresas":"508 LES LAURES","tipas":"namas","plotas_m2":60,"kambariai":3,"priklausiniai":0,"kaina_eur":148000,"eur_m2":2467,"atstumas_m":3183,"metai":2025,"sklypas":"44212000HN0063"}},{"type":"Feature","geometry":{"type":"Point","coordinates":[-1.267755,47.163016]},"properties":{"data":"2025-02-20","adresas":"42 RUE FRANCOIS LUNEAU","tipas":"namas","plotas_m2":230,"kambariai":9,"priklausiniai":1,"kaina_eur":420000,"eur_m2":1826,"atstumas_m":240,"metai":2025,"sklypas":"44212000AY1395"}},{"type":"Feature","geometry":{"type":"Point","coordinates":[-1.278854,47.175585]},"properties":{"data":"2025-02-25","adresas":"5856 LE LATAY","tipas":"namas","plotas_m2":78,"kambariai":4,"priklausiniai":1,"kaina_eur":175000,"eur_m2":2244,"atstumas_m":1870,"metai":2025,"sklypas":"44212000AS0165"}},{"type":"Feature","geometry":{"type":"Point","coordinates":[-1.299957,47.181599]},"properties":{"data":"2025-02-17","adresas":"121 LES LAURES","tipas":"namas","plotas_m2":113,"kambariai":6,"priklausiniai":0,"kaina_eur":277500,"eur_m2":2456,"atstumas_m":3412,"metai":2025,"sklypas":"44212000HN0197"}},{"type":"Feature","geometry":{"type":"Point","coordinates":[-1.267173,47.159758]},"properties":{"data":"2025-02-28","adresas":"12 RUE DU PROGRES","tipas":"butas","plotas_m2":54,"kambariai":2,"priklausiniai":2,"kaina_eur":115000,"eur_m2":2130,"atstumas_m":148,"metai":2025,"sklypas":"44212000AY0440"}},{"type":"Feature","geometry":{"type":"Point","coordinates":[-1.262785,47.160507]},"properties":{"data":"2025-02-25","adresas":"1 RUE DES ROIS","tipas":"namas","plotas_m2":54,"kambariai":3,"priklausiniai":0,"kaina_eur":165000,"eur_m2":3056,"atstumas_m":291,"metai":2025,"sklypas":"44212000AY0981"}},{"type":"Feature","geometry":{"type":"Point","coordinates":[-1.267051,47.171976]},"properties":{"data":"2025-02-27","adresas":"1 RUE DES MARRONNIERS","tipas":"namas","plotas_m2":95,"kambariai":3,"priklausiniai":0,"kaina_eur":292000,"eur_m2":3074,"atstumas_m":1220,"metai":2025,"sklypas":"44212000AS0773"}},{"type":"Feature","geometry":{"type":"Point","coordinates":[-1.266749,47.160952]},"properties":{"data":"2025-03-12","adresas":"4 RUE DU RIBATEAU","tipas":"butas","plotas_m2":42,"kambariai":3,"priklausiniai":0,"kaina_eur":110000,"eur_m2":2619,"atstumas_m":16,"metai":2025,"sklypas":"44212000AY0608"}},{"type":"Feature","geometry":{"type":"Point","coordinates":[-1.25102,47.140471]},"properties":{"data":"2025-03-20","adresas":"3 LA DEBAUDIERE","tipas":"namas","plotas_m2":108,"kambariai":4,"priklausiniai":1,"kaina_eur":210000,"eur_m2":1944,"atstumas_m":2572,"metai":2025,"sklypas":"44212000XD0170"}},{"type":"Feature","geometry":{"type":"Point","coordinates":[-1.30648,47.170893]},"properties":{"data":"2025-03-26","adresas":"101 LA TOURNERIE","tipas":"namas","plotas_m2":106,"kambariai":5,"priklausiniai":0,"kaina_eur":304000,"eur_m2":2868,"atstumas_m":3215,"metai":2025,"sklypas":"44212000ZD0115"}},{"type":"Feature","geometry":{"type":"Point","coordinates":[-1.279941,47.16989]},"properties":{"data":"2025-03-27","adresas":"5896 LE CORMIER","tipas":"namas","plotas_m2":65,"kambariai":3,"priklausiniai":1,"kaina_eur":120000,"eur_m2":1846,"atstumas_m":1415,"metai":2025,"sklypas":"44212000HI0149"}},{"type":"Feature","geometry":{"type":"Point","coordinates":[-1.273685,47.180594]},"properties":{"data":"2025-03-21","adresas":"108 LA PETINIERE","tipas":"namas","plotas_m2":97,"kambariai":3,"priklausiniai":0,"kaina_eur":195000,"eur_m2":2010,"atstumas_m":2245,"metai":2025,"sklypas":"44212000AI0426"}},{"type":"Feature","geometry":{"type":"Point","coordinates":[-1.268675,47.160569]},"properties":{"data":"2025-03-25","adresas":"5 RTE DE CLISSON","tipas":"namas","plotas_m2":118,"kambariai":6,"priklausiniai":0,"kaina_eur":161600,"eur_m2":1369,"atstumas_m":168,"metai":2025,"sklypas":"44212000AY0556"}},{"type":"Feature","geometry":{"type":"Point","coordinates":[-1.229533,47.145372]},"properties":{"data":"2025-04-08","adresas":"122 LES CORBEILLERES","tipas":"namas","plotas_m2":137,"kambariai":4,"priklausiniai":0,"kaina_eur":185000,"eur_m2":1350,"atstumas_m":3300,"metai":2025,"sklypas":"44212000YX0120"}},{"type":"Feature","geometry":{"type":"Point","coordinates":[-1.269997,47.161089]},"properties":{"data":"2025-04-24","adresas":"2 RUE SAINT VINCENT","tipas":"namas","plotas_m2":49,"kambariai":2,"priklausiniai":0,"kaina_eur":100000,"eur_m2":2041,"atstumas_m":260,"metai":2025,"sklypas":"44212000AY0730"}},{"type":"Feature","geometry":{"type":"Point","coordinates":[-1.266393,47.164342]},"properties":{"data":"2025-04-22","adresas":"1 RTE DES DORICES","tipas":"namas","plotas_m2":87,"kambariai":4,"priklausiniai":1,"kaina_eur":257000,"eur_m2":2954,"atstumas_m":370,"metai":2025,"sklypas":"44212000AR0289"}},{"type":"Feature","geometry":{"type":"Point","coordinates":[-1.24426,47.14612]},"properties":{"data":"2025-04-23","adresas":"14 LE BEUGNON","tipas":"namas","plotas_m2":47,"kambariai":1,"priklausiniai":1,"kaina_eur":93000,"eur_m2":1979,"atstumas_m":2366,"metai":2025,"sklypas":"44212000XE0115"}},{"type":"Feature","geometry":{"type":"Point","coordinates":[-1.315137,47.176556]},"properties":{"data":"2025-05-06","adresas":"7 MOULIN DE LA VERRIE","tipas":"namas","plotas_m2":149,"kambariai":5,"priklausiniai":1,"kaina_eur":375000,"eur_m2":2517,"atstumas_m":4063,"metai":2025,"sklypas":"44212000HT0139"}},{"type":"Feature","geometry":{"type":"Point","coordinates":[-1.248584,47.141211]},"properties":{"data":"2025-05-07","adresas":"115 LA DEBAUDIERE","tipas":"namas","plotas_m2":123,"kambariai":6,"priklausiniai":0,"kaina_eur":349000,"eur_m2":2837,"atstumas_m":2591,"metai":2025,"sklypas":"44212000XD0055"}},{"type":"Feature","geometry":{"type":"Point","coordinates":[-1.267862,47.164714]},"properties":{"data":"2025-05-16","adresas":"15 BD EVARISTE DEJOIE","tipas":"butas","plotas_m2":95,"kambariai":4,"priklausiniai":1,"kaina_eur":321000,"eur_m2":3379,"atstumas_m":423,"metai":2025,"sklypas":"44212000AY0094"}},{"type":"Feature","geometry":{"type":"Point","coordinates":[-1.221347,47.161459]},"properties":{"data":"2025-05-20","adresas":"428 LA CHALOUSIERE","tipas":"namas","plotas_m2":92,"kambariai":4,"priklausiniai":0,"kaina_eur":236000,"eur_m2":2565,"atstumas_m":3423,"metai":2025,"sklypas":"44212000CD0613"}},{"type":"Feature","geometry":{"type":"Point","coordinates":[-1.279271,47.170874]},"properties":{"data":"2025-05-14","adresas":"6995 LE CORMIER","tipas":"namas","plotas_m2":107,"kambariai":6,"priklausiniai":0,"kaina_eur":310000,"eur_m2":2897,"atstumas_m":1459,"metai":2025,"sklypas":"44212000HI0243"}},{"type":"Feature","geometry":{"type":"Point","coordinates":[-1.282452,47.158829]},"properties":{"data":"2025-05-14","adresas":"105 LA NOUILLERE","tipas":"namas","plotas_m2":83,"kambariai":3,"priklausiniai":0,"kaina_eur":250000,"eur_m2":3012,"atstumas_m":1227,"metai":2025,"sklypas":"44212000ZR0431"}},{"type":"Feature","geometry":{"type":"Point","coordinates":[-1.26907,47.180067]},"properties":{"data":"2025-05-16","adresas":"7 LA PETINIERE","tipas":"namas","plotas_m2":88,"kambariai":4,"priklausiniai":0,"kaina_eur":273000,"eur_m2":3102,"atstumas_m":2129,"metai":2025,"sklypas":"44212000AI0403"}},{"type":"Feature","geometry":{"type":"Point","coordinates":[-1.27207,47.164232]},"properties":{"data":"2025-05-21","adresas":"6 AV DES ROSES","tipas":"namas","plotas_m2":92,"kambariai":5,"priklausiniai":1,"kaina_eur":262000,"eur_m2":2848,"atstumas_m":550,"metai":2025,"sklypas":"44212000AX0022"}},{"type":"Feature","geometry":{"type":"Point","coordinates":[-1.312564,47.176412]},"properties":{"data":"2025-06-06","adresas":"18 MOULIN DE LA VERRIE","tipas":"namas","plotas_m2":88,"kambariai":5,"priklausiniai":0,"kaina_eur":280000,"eur_m2":3182,"atstumas_m":3881,"metai":2025,"sklypas":"44212000HR0136"}},{"type":"Feature","geometry":{"type":"Point","coordinates":[-1.272371,47.168284]},"properties":{"data":"2025-06-07","adresas":"5857 VILLE ARNOULT","tipas":"namas","plotas_m2":69,"kambariai":3,"priklausiniai":0,"kaina_eur":203000,"eur_m2":2942,"atstumas_m":921,"metai":2025,"sklypas":"44212000AT0768"}},{"type":"Feature","geometry":{"type":"Point","coordinates":[-1.270786,47.160093]},"properties":{"data":"2025-06-11","adresas":"13 BOURGUIGNON","tipas":"namas","plotas_m2":50,"kambariai":2,"priklausiniai":0,"kaina_eur":65990,"eur_m2":1320,"atstumas_m":336,"metai":2025,"sklypas":"44212000ZS0134"}},{"type":"Feature","geometry":{"type":"Point","coordinates":[-1.270591,47.186404]},"properties":{"data":"2025-06-19","adresas":"22 LA POMMERAIE","tipas":"namas","plotas_m2":134,"kambariai":4,"priklausiniai":0,"kaina_eur":335000,"eur_m2":2500,"atstumas_m":2842,"metai":2025,"sklypas":"44212000AE0476"}},{"type":"Feature","geometry":{"type":"Point","coordinates":[-1.220443,47.16031]},"properties":{"data":"2025-06-25","adresas":"220 LA CHALOUSIERE","tipas":"namas","plotas_m2":135,"kambariai":5,"priklausiniai":1,"kaina_eur":300001,"eur_m2":2222,"atstumas_m":3492,"metai":2025,"sklypas":"44212000YD0058"}},{"type":"Feature","geometry":{"type":"Point","coordinates":[-1.282431,47.160226]},"properties":{"data":"2025-07-07","adresas":"123 LA NOUILLERE","tipas":"namas","plotas_m2":143,"kambariai":5,"priklausiniai":1,"kaina_eur":365000,"eur_m2":2552,"atstumas_m":1205,"metai":2025,"sklypas":"44212000ZR0355"}},{"type":"Feature","geometry":{"type":"Point","coordinates":[-1.306297,47.145437]},"properties":{"data":"2025-07-04","adresas":"112 LA PETITE MASSONNIERE","tipas":"namas","plotas_m2":118,"kambariai":5,"priklausiniai":1,"kaina_eur":275000,"eur_m2":2331,"atstumas_m":3472,"metai":2025,"sklypas":"44212000WK0121"}},{"type":"Feature","geometry":{"type":"Point","coordinates":[-1.312563,47.186842]},"properties":{"data":"2025-07-02","adresas":"27 LES RAILLERES","tipas":"namas","plotas_m2":83,"kambariai":2,"priklausiniai":0,"kaina_eur":127500,"eur_m2":1536,"atstumas_m":4515,"metai":2025,"sklypas":"44212000AB0342"}},{"type":"Feature","geometry":{"type":"Point","coordinates":[-1.258153,47.156195]},"properties":{"data":"2025-07-03","adresas":"6050 L EMERAUDERIE","tipas":"namas","plotas_m2":88,"kambariai":4,"priklausiniai":0,"kaina_eur":225000,"eur_m2":2557,"atstumas_m":833,"metai":2025,"sklypas":"44212000CW0260"}},{"type":"Feature","geometry":{"type":"Point","coordinates":[-1.265803,47.171553]},"properties":{"data":"2025-06-30","adresas":"36 RUE DES PEUPLIERS","tipas":"namas","plotas_m2":100,"kambariai":5,"priklausiniai":0,"kaina_eur":295500,"eur_m2":2955,"atstumas_m":1174,"metai":2025,"sklypas":"44212000AS0799"}},{"type":"Feature","geometry":{"type":"Point","coordinates":[-1.266981,47.173369]},"properties":{"data":"2025-06-30","adresas":"34 RUE DES MARRONNIERS","tipas":"namas","plotas_m2":100,"kambariai":6,"priklausiniai":0,"kaina_eur":296000,"eur_m2":2960,"atstumas_m":1375,"metai":2025,"sklypas":"44212000AS0747"}},{"type":"Feature","geometry":{"type":"Point","coordinates":[-1.228388,47.146224]},"properties":{"data":"2025-07-15","adresas":"129 LES CORBEILLERES","tipas":"namas","plotas_m2":74,"kambariai":3,"priklausiniai":1,"kaina_eur":235000,"eur_m2":3176,"atstumas_m":3326,"metai":2025,"sklypas":"44212000YX0281"}},{"type":"Feature","geometry":{"type":"Point","coordinates":[-1.262903,47.160243]},"properties":{"data":"2025-07-01","adresas":"37 RUE DE BAZOGES","tipas":"namas","plotas_m2":65,"kambariai":3,"priklausiniai":0,"kaina_eur":125800,"eur_m2":1935,"atstumas_m":290,"metai":2025,"sklypas":"44212000AY1238"}},{"type":"Feature","geometry":{"type":"Point","coordinates":[-1.266234,47.1724]},"properties":{"data":"2025-07-25","adresas":"5 IMP DES BOULEAUX","tipas":"namas","plotas_m2":94,"kambariai":4,"priklausiniai":0,"kaina_eur":309900,"eur_m2":3297,"atstumas_m":1267,"metai":2025,"sklypas":"44212000AS0778"}},{"type":"Feature","geometry":{"type":"Point","coordinates":[-1.272006,47.161459]},"properties":{"data":"2025-07-04","adresas":"10 RUE SAINT VINCENT","tipas":"namas","plotas_m2":77,"kambariai":3,"priklausiniai":0,"kaina_eur":275500,"eur_m2":3578,"atstumas_m":415,"metai":2025,"sklypas":"44212000AX0193"}},{"type":"Feature","geometry":{"type":"Point","coordinates":[-1.323672,47.15335]},"properties":{"data":"2025-07-21","adresas":"5639 LA GUIBLOTERIE","tipas":"namas","plotas_m2":300,"kambariai":8,"priklausiniai":2,"kaina_eur":790000,"eur_m2":2633,"atstumas_m":4406,"metai":2025,"sklypas":"44212000WO0058"}},{"type":"Feature","geometry":{"type":"Point","coordinates":[-1.206691,47.161895]},"properties":{"data":"2025-07-23","adresas":"15 LA POUINIERE","tipas":"namas","plotas_m2":97,"kambariai":5,"priklausiniai":1,"kaina_eur":245714,"eur_m2":2533,"atstumas_m":4533,"metai":2025,"sklypas":"44212000YH0091"}},{"type":"Feature","geometry":{"type":"Point","coordinates":[-1.269865,47.165344]},"properties":{"data":"2025-07-16","adresas":"3 RUE DE LA CROIX GRISE","tipas":"namas","plotas_m2":95,"kambariai":5,"priklausiniai":0,"kaina_eur":245000,"eur_m2":2579,"atstumas_m":543,"metai":2025,"sklypas":"44212000AT0087"}},{"type":"Feature","geometry":{"type":"Point","coordinates":[-1.270124,47.168507]},"properties":{"data":"2025-07-29","adresas":"1 RUE DE BEL AIR","tipas":"namas","plotas_m2":96,"kambariai":5,"priklausiniai":0,"kaina_eur":305000,"eur_m2":3177,"atstumas_m":876,"metai":2025,"sklypas":"44212000AT0833"}},{"type":"Feature","geometry":{"type":"Point","coordinates":[-1.220541,47.172464]},"properties":{"data":"2025-07-31","adresas":"61 LES CHABOISSIERES","tipas":"namas","plotas_m2":170,"kambariai":5,"priklausiniai":0,"kaina_eur":325000,"eur_m2":1912,"atstumas_m":3709,"metai":2025,"sklypas":"44212000BK0522"}},{"type":"Feature","geometry":{"type":"Point","coordinates":[-1.269014,47.16312]},"properties":{"data":"2025-07-29","adresas":"29 RUE EMILE GABORY","tipas":"butas","plotas_m2":63,"kambariai":3,"priklausiniai":2,"kaina_eur":245000,"eur_m2":3889,"atstumas_m":299,"metai":2025,"sklypas":"44212000AY1871"}},{"type":"Feature","geometry":{"type":"Point","coordinates":[-1.238082,47.145639]},"properties":{"data":"2025-07-22","adresas":"5925 LA HAUTE BOURDELIERE","tipas":"namas","plotas_m2":70,"kambariai":2,"priklausiniai":0,"kaina_eur":177000,"eur_m2":2529,"atstumas_m":2753,"metai":2025,"sklypas":"44212000XB0065"}},{"type":"Feature","geometry":{"type":"Point","coordinates":[-1.299517,47.179979]},"properties":{"data":"2025-07-31","adresas":"406 LES LAURES","tipas":"namas","plotas_m2":78,"kambariai":4,"priklausiniai":0,"kaina_eur":200000,"eur_m2":2564,"atstumas_m":3268,"metai":2025,"sklypas":"44212000HN0259"}},{"type":"Feature","geometry":{"type":"Point","coordinates":[-1.223237,47.174363]},"properties":{"data":"2025-08-07","adresas":"22 LES CHABOISSIERES","tipas":"namas","plotas_m2":115,"kambariai":4,"priklausiniai":1,"kaina_eur":225000,"eur_m2":1957,"atstumas_m":3600,"metai":2025,"sklypas":"44212000BK0118"}},{"type":"Feature","geometry":{"type":"Point","coordinates":[-1.314708,47.178861]},"properties":{"data":"2025-08-20","adresas":"5506 LE CHENE GARNIER","tipas":"namas","plotas_m2":107,"kambariai":5,"priklausiniai":0,"kaina_eur":370000,"eur_m2":3458,"atstumas_m":4151,"metai":2025,"sklypas":"44212000HT0060"}},{"type":"Feature","geometry":{"type":"Point","coordinates":[-1.256521,47.183015]},"properties":{"data":"2025-08-01","adresas":"102 LE MOULIN GOHAUD","tipas":"namas","plotas_m2":115,"kambariai":4,"priklausiniai":1,"kaina_eur":266000,"eur_m2":2313,"atstumas_m":2564,"metai":2025,"sklypas":"44212000AP0436"}},{"type":"Feature","geometry":{"type":"Point","coordinates":[-1.267173,47.159758]},"properties":{"data":"2025-08-01","adresas":"12 RUE DU PROGRES","tipas":"butas","plotas_m2":86,"kambariai":4,"priklausiniai":2,"kaina_eur":278218,"eur_m2":3235,"atstumas_m":148,"metai":2025,"sklypas":"44212000AY0440"}},{"type":"Feature","geometry":{"type":"Point","coordinates":[-1.266446,47.171308]},"properties":{"data":"2025-08-18","adresas":"6 RUE DES PEUPLIERS","tipas":"namas","plotas_m2":83,"kambariai":4,"priklausiniai":0,"kaina_eur":280000,"eur_m2":3373,"atstumas_m":1146,"metai":2025,"sklypas":"44212000AS0795"}},{"type":"Feature","geometry":{"type":"Point","coordinates":[-1.310565,47.170336]},"properties":{"data":"2025-08-26","adresas":"6846 LA GUIPIERE","tipas":"namas","plotas_m2":95,"kambariai":5,"priklausiniai":0,"kaina_eur":285000,"eur_m2":3000,"atstumas_m":3489,"metai":2025,"sklypas":"44212000ZC0061"}},{"type":"Feature","geometry":{"type":"Point","coordinates":[-1.267173,47.159758]},"properties":{"data":"2025-08-25","adresas":"12 RUE DU PROGRES","tipas":"butas","plotas_m2":45,"kambariai":2,"priklausiniai":1,"kaina_eur":140775,"eur_m2":3128,"atstumas_m":148,"metai":2025,"sklypas":"44212000AY0440"}},{"type":"Feature","geometry":{"type":"Point","coordinates":[-1.267173,47.159758]},"properties":{"data":"2025-09-01","adresas":"12 RUE DU PROGRES","tipas":"butas","plotas_m2":43,"kambariai":2,"priklausiniai":1,"kaina_eur":136000,"eur_m2":3163,"atstumas_m":148,"metai":2025,"sklypas":"44212000AY0440"}},{"type":"Feature","geometry":{"type":"Point","coordinates":[-1.263888,47.160468]},"properties":{"data":"2025-08-29","adresas":"32 RUE DE BAZOGES","tipas":"namas","plotas_m2":90,"kambariai":4,"priklausiniai":0,"kaina_eur":180000,"eur_m2":2000,"atstumas_m":211,"metai":2025,"sklypas":"44212000AY0371"}},{"type":"Feature","geometry":{"type":"Point","coordinates":[-1.266122,47.172419]},"properties":{"data":"2025-09-04","adresas":"7 IMP DES BOULEAUX","tipas":"namas","plotas_m2":96,"kambariai":4,"priklausiniai":0,"kaina_eur":305000,"eur_m2":3177,"atstumas_m":1270,"metai":2025,"sklypas":"44212000AS0779"}},{"type":"Feature","geometry":{"type":"Point","coordinates":[-1.26836,47.160534]},"properties":{"data":"2025-09-04","adresas":"5 RUE DU PROGRES","tipas":"butas","plotas_m2":50,"kambariai":2,"priklausiniai":0,"kaina_eur":135000,"eur_m2":2700,"atstumas_m":146,"metai":2025,"sklypas":"44212000AY1365"}},{"type":"Feature","geometry":{"type":"Point","coordinates":[-1.261279,47.146953]},"properties":{"data":"2025-09-10","adresas":"23 LA REBUNIERE","tipas":"namas","plotas_m2":78,"kambariai":3,"priklausiniai":1,"kaina_eur":110000,"eur_m2":1410,"atstumas_m":1616,"metai":2025,"sklypas":"44212000XK0069"}},{"type":"Feature","geometry":{"type":"Point","coordinates":[-1.257812,47.16353]},"properties":{"data":"2025-09-16","adresas":"4 IMP DE LA CHAROUILLERE DU MOUL","tipas":"namas","plotas_m2":41,"kambariai":2,"priklausiniai":0,"kaina_eur":147000,"eur_m2":3585,"atstumas_m":719,"metai":2025,"sklypas":"44212000AZ0111"}},{"type":"Feature","geometry":{"type":"Point","coordinates":[-1.273753,47.167101]},"properties":{"data":"2025-08-29","adresas":"6 IMP MAURICE RAVEL","tipas":"namas","plotas_m2":85,"kambariai":4,"priklausiniai":0,"kaina_eur":315000,"eur_m2":3706,"atstumas_m":869,"metai":2025,"sklypas":"44212000AV0149"}},{"type":"Feature","geometry":{"type":"Point","coordinates":[-1.257264,47.151168]},"properties":{"data":"2025-09-12","adresas":"126 LA FECUNIERE","tipas":"namas","plotas_m2":83,"kambariai":3,"priklausiniai":0,"kaina_eur":229000,"eur_m2":2759,"atstumas_m":1303,"metai":2025,"sklypas":"44212000ZT0084"}},{"type":"Feature","geometry":{"type":"Point","coordinates":[-1.272939,47.165184]},"properties":{"data":"2025-09-11","adresas":"9 BD DU LUXEMBOURG","tipas":"namas","plotas_m2":83,"kambariai":4,"priklausiniai":1,"kaina_eur":290000,"eur_m2":3494,"atstumas_m":670,"metai":2025,"sklypas":"44212000AX0028"}},{"type":"Feature","geometry":{"type":"Point","coordinates":[-1.266154,47.14055]},"properties":{"data":"2025-09-12","adresas":"114 L ANERIE","tipas":"namas","plotas_m2":106,"kambariai":4,"priklausiniai":0,"kaina_eur":252000,"eur_m2":2377,"atstumas_m":2279,"metai":2025,"sklypas":"44212000XN0279"}},{"type":"Feature","geometry":{"type":"Point","coordinates":[-1.258033,47.163364]},"properties":{"data":"2025-09-15","adresas":"63 RUE D ANJOU","tipas":"namas","plotas_m2":74,"kambariai":3,"priklausiniai":0,"kaina_eur":194000,"eur_m2":2622,"atstumas_m":696,"metai":2025,"sklypas":"44212000AZ0105"}},{"type":"Feature","geometry":{"type":"Point","coordinates":[-1.264692,47.160977]},"properties":{"data":"2025-09-25","adresas":"3 RUE DU PETIT FOUR","tipas":"namas","plotas_m2":65,"kambariai":3,"priklausiniai":0,"kaina_eur":137000,"eur_m2":2108,"atstumas_m":141,"metai":2025,"sklypas":"44212000AY1911"}},{"type":"Feature","geometry":{"type":"Point","coordinates":[-1.204114,47.159866]},"properties":{"data":"2025-10-01","adresas":"5009 LA POUINIERE","tipas":"namas","plotas_m2":163,"kambariai":6,"priklausiniai":0,"kaina_eur":260000,"eur_m2":1595,"atstumas_m":4728,"metai":2025,"sklypas":"44212000YI0053"}},{"type":"Feature","geometry":{"type":"Point","coordinates":[-1.240989,47.194969]},"properties":{"data":"2025-10-01","adresas":"366 LES COURRERES","tipas":"namas","plotas_m2":82,"kambariai":4,"priklausiniai":1,"kaina_eur":298000,"eur_m2":3634,"atstumas_m":4246,"metai":2025,"sklypas":"44212000AM0403"}},{"type":"Feature","geometry":{"type":"Point","coordinates":[-1.262163,47.172189]},"properties":{"data":"2025-09-24","adresas":"3 AV DE LA GRANDE PRAIRIE","tipas":"namas","plotas_m2":84,"kambariai":4,"priklausiniai":0,"kaina_eur":260000,"eur_m2":3095,"atstumas_m":1287,"metai":2025,"sklypas":"44212000AR0535"}},{"type":"Feature","geometry":{"type":"Point","coordinates":[-1.247796,47.187495]},"properties":{"data":"2025-10-02","adresas":"104 LES CREUSETTES","tipas":"namas","plotas_m2":87,"kambariai":4,"priklausiniai":1,"kaina_eur":235000,"eur_m2":2701,"atstumas_m":3272,"metai":2025,"sklypas":"44212000AL0600"}},{"type":"Feature","geometry":{"type":"Point","coordinates":[-1.293172,47.15142]},"properties":{"data":"2025-09-18","adresas":"106 BOURGUIGNON","tipas":"namas","plotas_m2":130,"kambariai":5,"priklausiniai":0,"kaina_eur":315000,"eur_m2":2423,"atstumas_m":2280,"metai":2025,"sklypas":"44212000WB0105"}},{"type":"Feature","geometry":{"type":"Point","coordinates":[-1.270417,47.171405]},"properties":{"data":"2025-10-06","adresas":"4 RUE DE TOSCANE","tipas":"namas","plotas_m2":128,"kambariai":6,"priklausiniai":0,"kaina_eur":369000,"eur_m2":2883,"atstumas_m":1193,"metai":2025,"sklypas":"44212000AT0522"}},{"type":"Feature","geometry":{"type":"Point","coordinates":[-1.249474,47.157148]},"properties":{"data":"2025-10-16","adresas":"6021 LE LOGIS NEUF","tipas":"namas","plotas_m2":120,"kambariai":6,"priklausiniai":1,"kaina_eur":219840,"eur_m2":1832,"atstumas_m":1363,"metai":2025,"sklypas":"44212000ZW0049"}},{"type":"Feature","geometry":{"type":"Point","coordinates":[-1.257273,47.160615]},"properties":{"data":"2025-10-14","adresas":"11 RUE MAITRE PIERRE","tipas":"namas","plotas_m2":47,"kambariai":2,"priklausiniai":0,"kaina_eur":110000,"eur_m2":2340,"atstumas_m":704,"metai":2025,"sklypas":"44212000ZX0095"}},{"type":"Feature","geometry":{"type":"Point","coordinates":[-1.309354,47.145959]},"properties":{"data":"2025-10-15","adresas":"302 LA MASSONNIERE","tipas":"namas","plotas_m2":82,"kambariai":3,"priklausiniai":0,"kaina_eur":218000,"eur_m2":2659,"atstumas_m":3647,"metai":2025,"sklypas":"44212000WK0234"}},{"type":"Feature","geometry":{"type":"Point","coordinates":[-1.26902,47.166401]},"properties":{"data":"2025-10-28","adresas":"16 BD D ALCESTER","tipas":"namas","plotas_m2":87,"kambariai":3,"priklausiniai":1,"kaina_eur":320000,"eur_m2":3678,"atstumas_m":628,"metai":2025,"sklypas":"44212000AT0776"}},{"type":"Feature","geometry":{"type":"Point","coordinates":[-1.305623,47.161654]},"properties":{"data":"2025-10-28","adresas":"211 BONNE FONTAINE","tipas":"namas","plotas_m2":87,"kambariai":4,"priklausiniai":1,"kaina_eur":236000,"eur_m2":2713,"atstumas_m":2958,"metai":2025,"sklypas":"44212000ZH0582"}},{"type":"Feature","geometry":{"type":"Point","coordinates":[-1.269014,47.16312]},"properties":{"data":"2025-11-05","adresas":"29 RUE EMILE GABORY","tipas":"butas","plotas_m2":62,"kambariai":3,"priklausiniai":1,"kaina_eur":235000,"eur_m2":3790,"atstumas_m":299,"metai":2025,"sklypas":"44212000AY1871"}},{"type":"Feature","geometry":{"type":"Point","coordinates":[-1.20999,47.163911]},"properties":{"data":"2025-10-31","adresas":"5027 LA BRONNIERE","tipas":"namas","plotas_m2":106,"kambariai":5,"priklausiniai":0,"kaina_eur":271230,"eur_m2":2559,"atstumas_m":4294,"metai":2025,"sklypas":"44212000BM0104"}},{"type":"Feature","geometry":{"type":"Point","coordinates":[-1.316625,47.185312]},"properties":{"data":"2025-11-07","adresas":"105 LA GOBINIERE","tipas":"namas","plotas_m2":159,"kambariai":8,"priklausiniai":0,"kaina_eur":390000,"eur_m2":2453,"atstumas_m":4656,"metai":2025,"sklypas":"44212000IK0242"}},{"type":"Feature","geometry":{"type":"Point","coordinates":[-1.258107,47.160655]},"properties":{"data":"2025-11-07","adresas":"6 RUE MAITRE PIERRE","tipas":"namas","plotas_m2":47,"kambariai":2,"priklausiniai":0,"kaina_eur":130000,"eur_m2":2766,"atstumas_m":641,"metai":2025,"sklypas":"44212000ZX0083"}},{"type":"Feature","geometry":{"type":"Point","coordinates":[-1.25716,47.16349]},"properties":{"data":"2025-11-07","adresas":"71 RUE D ANJOU","tipas":"namas","plotas_m2":108,"kambariai":4,"priklausiniai":0,"kaina_eur":243500,"eur_m2":2255,"atstumas_m":763,"metai":2025,"sklypas":"44212000AZ0175"}},{"type":"Feature","geometry":{"type":"Point","coordinates":[-1.258645,47.16063]},"properties":{"data":"2025-11-13","adresas":"10 CHE DES MEUNIERS","tipas":"namas","plotas_m2":123,"kambariai":5,"priklausiniai":1,"kaina_eur":550000,"eur_m2":4472,"atstumas_m":601,"metai":2025,"sklypas":"44212000AZ0347"}},{"type":"Feature","geometry":{"type":"Point","coordinates":[-1.305677,47.16043]},"properties":{"data":"2025-11-05","adresas":"204 BONNE FONTAINE","tipas":"namas","plotas_m2":88,"kambariai":3,"priklausiniai":0,"kaina_eur":137800,"eur_m2":1566,"atstumas_m":2962,"metai":2025,"sklypas":"44212000ZH0233"}},{"type":"Feature","geometry":{"type":"Point","coordinates":[-1.31975,47.160951]},"properties":{"data":"2025-12-01","adresas":"308 LA MENARDIERE","tipas":"namas","plotas_m2":178,"kambariai":5,"priklausiniai":0,"kaina_eur":435000,"eur_m2":2444,"atstumas_m":4026,"metai":2025,"sklypas":"44212000WS0193"}},{"type":"Feature","geometry":{"type":"Point","coordinates":[-1.27066,47.160056]},"properties":{"data":"2025-12-10","adresas":"13 RUE DES BOURGUIGNONS","tipas":"namas","plotas_m2":77,"kambariai":3,"priklausiniai":0,"kaina_eur":155000,"eur_m2":2013,"atstumas_m":328,"metai":2025,"sklypas":"44212000ZS0709"}},{"type":"Feature","geometry":{"type":"Point","coordinates":[-1.249527,47.164167]},"properties":{"data":"2025-12-11","adresas":"27 LE PUY JAHAIL","tipas":"namas","plotas_m2":55,"kambariai":2,"priklausiniai":0,"kaina_eur":200000,"eur_m2":3636,"atstumas_m":1336,"metai":2025,"sklypas":"44212000BC0284"}},{"type":"Feature","geometry":{"type":"Point","coordinates":[-1.261085,47.146485]},"properties":{"data":"2025-12-09","adresas":"29 LA REBUNIERE","tipas":"namas","plotas_m2":63,"kambariai":1,"priklausiniai":0,"kaina_eur":155000,"eur_m2":2460,"atstumas_m":1670,"metai":2025,"sklypas":"44212000XK0066"}},{"type":"Feature","geometry":{"type":"Point","coordinates":[-1.269845,47.179904]},"properties":{"data":"2025-12-18","adresas":"13 LA PETINIERE","tipas":"namas","plotas_m2":89,"kambariai":5,"priklausiniai":0,"kaina_eur":271013,"eur_m2":3045,"atstumas_m":2117,"metai":2025,"sklypas":"44212000AI0240"}},{"type":"Feature","geometry":{"type":"Point","coordinates":[-1.262598,47.160926]},"properties":{"data":"2025-12-12","adresas":"6 RUE CHENEAU","tipas":"namas","plotas_m2":78,"kambariai":4,"priklausiniai":0,"kaina_eur":125000,"eur_m2":1603,"atstumas_m":300,"metai":2025,"sklypas":"44212000AY1868"}},{"type":"Feature","geometry":{"type":"Point","coordinates":[-1.251996,47.144532]},"properties":{"data":"2025-11-26","adresas":"6976 LE CHATELIER","tipas":"namas","plotas_m2":200,"kambariai":10,"priklausiniai":0,"kaina_eur":226415,"eur_m2":1132,"atstumas_m":2141,"metai":2025,"sklypas":"44212000XI0057"}},{"type":"Feature","geometry":{"type":"Point","coordinates":[-1.321071,47.160546]},"properties":{"data":"2025-12-22","adresas":"10 LA MENARDIERE","tipas":"namas","plotas_m2":92,"kambariai":3,"priklausiniai":0,"kaina_eur":350000,"eur_m2":3804,"atstumas_m":4126,"metai":2025,"sklypas":"44212000WS0070"}},{"type":"Feature","geometry":{"type":"Point","coordinates":[-1.267775,47.161002]},"properties":{"data":"2025-12-19","adresas":"34 RUE DES FORGES","tipas":"namas","plotas_m2":62,"kambariai":3,"priklausiniai":0,"kaina_eur":157000,"eur_m2":2532,"atstumas_m":92,"metai":2025,"sklypas":"44212000AY0589"}},{"type":"Feature","geometry":{"type":"Point","coordinates":[-1.264335,47.200633]},"properties":{"data":"2025-12-12","adresas":"6783 BRAUD","tipas":"namas","plotas_m2":61,"kambariai":3,"priklausiniai":0,"kaina_eur":180000,"eur_m2":2951,"atstumas_m":4413,"metai":2025,"sklypas":"44212000AD0301"}},{"type":"Feature","geometry":{"type":"Point","coordinates":[-1.26656,47.161017]},"properties":{"tipas":"objektas","adresas":"6-10 Rue du Ribateau, 44330 Vallet","vieta_nustatyta":"gatvės 'RUE DU RIBATEAU' 2 sandorių centroidas"}}]}