data,adresse,pasto_kodas,tipas,plotas_m2,kambariai,priklausiniai,kaina_eur,eur_m2,atstumas_m,latitude,longitude,sklypas
2022-09-22,51 RUE DE LA VILLE EN PIERRE,44000.0,namas,314.0,9.0,1,574004.0,1828.0,0.0,47.224757,-1.528421,44109000CH0276
2021-06-03,53 RUE DE LA VILLE EN PIERRE,44000.0,namas,102.0,5.0,0,524553.0,5143.0,19.0,47.224807,-1.528662,44109000CH0275
2022-07-29,49 RUE DE LA VILLE EN PIERRE,44000.0,namas,163.0,8.0,1,531460.0,3260.0,20.0,47.22474,-1.528158,44109000CH0277
2021-08-18,53 RUE DE LA VILLE EN PIERRE,44000.0,namas,102.0,5.0,0,588403.0,5769.0,31.0,47.224848,-1.528814,44109000CH0274
2022-03-17,2 RUE STEPHENSON,44000.0,namas,109.0,5.0,1,583657.0,5355.0,32.0,47.224705,-1.528,44109000CH0925
2021-09-22,47 RUE DE LA VILLE EN PIERRE,44000.0,namas,116.0,7.0,0,602638.0,5195.0,42.0,47.224807,-1.527872,44109000CH0928
2021-01-11,10 RUE STEPHENSON,44000.0,namas,86.0,4.0,0,525000.0,6105.0,54.0,47.22428,-1.528321,44109000CH0272
2021-04-30,82 RUE DE LA VILLE EN PIERRE,44000.0,butas,246.0,7.0,0,720000.0,2927.0,59.0,47.225132,-1.528974,44109000BW0562
2023-05-09,3 RUE ETIENNE LARCHEY,44000.0,namas,100.0,6.0,0,509850.0,5098.0,64.0,47.225288,-1.528087,44109000BW0219
2021-10-29,41 BD ERNEST DALBY,44000.0,butas,39.0,1.0,2,100000.0,2564.0,67.0,47.224744,-1.529302,44109000CH0251
2021-03-08,6 RUE ETIENNE LARCHEY,44000.0,namas,220.0,4.0,0,815000.0,3705.0,67.0,47.225359,-1.528494,44109000BW0204
2021-11-05,41 BD ERNEST DALBY,44000.0,butas,39.0,1.0,1,139000.0,3564.0,67.0,47.224744,-1.529302,44109000CH0251
2021-10-27,41 BD ERNEST DALBY,44000.0,butas,27.0,1.0,2,100000.0,3704.0,67.0,47.224744,-1.529302,44109000CH0251
2024-06-10,12 RUE STEPHENSON,44000.0,namas,81.0,3.0,1,365000.0,4506.0,67.0,47.224158,-1.528433,44109000CH0271
2023-09-22,14 RUE STEPHENSON,44000.0,butas,29.0,1.0,1,100000.0,3448.0,76.0,47.224092,-1.528657,44109000CH0270
2021-06-25,13 RUE STEPHENSON,44000.0,namas,210.0,7.0,0,910000.0,4333.0,76.0,47.224168,-1.527906,44109000CH0305
2024-12-13,37 BD ERNEST DALBY,44000.0,butas,93.0,4.0,1,305000.0,3280.0,76.0,47.225224,-1.529157,44109000BW0199
2022-07-05,14 RUE STEPHENSON,44000.0,butas,35.0,1.0,1,96000.0,2743.0,76.0,47.224092,-1.528657,44109000CH0270
2022-07-06,47 BD ERNEST DALBY,44000.0,butas,18.0,1.0,0,140000.0,7778.0,78.0,47.22448,-1.529372,44109000CH0254
2023-02-02,47 BD ERNEST DALBY,44000.0,butas,71.0,3.0,0,176968.0,2493.0,78.0,47.22448,-1.529372,44109000CH0254
2023-11-28,47 BD ERNEST DALBY,44000.0,butas,22.0,1.0,1,72000.0,3273.0,78.0,47.22448,-1.529372,44109000CH0254
2025-11-17,47 BD ERNEST DALBY,44000.0,butas,71.0,3.0,0,228600.0,3220.0,78.0,47.22448,-1.529372,44109000CH0254
2021-06-09,47 BD ERNEST DALBY,44000.0,butas,71.0,3.0,1,215000.0,3028.0,78.0,47.22448,-1.529372,44109000CH0254
2021-04-22,62 RUE DE LA VILLE EN PIERRE,44000.0,butas,30.0,2.0,0,150000.0,5000.0,82.0,47.225004,-1.527406,44109000BW0532
2021-09-29,2 RUE CHAMPENOIS,44000.0,butas,25.0,1.0,0,117000.0,4680.0,82.0,47.225004,-1.527406,44109000BW0532
2024-05-22,62 RUE DE LA VILLE EN PIERRE,44000.0,butas,30.0,2.0,0,98000.0,3267.0,82.0,47.225004,-1.527406,44109000BW0532
2024-12-06,49 BD ERNEST DALBY,44000.0,butas,46.0,2.0,1,77500.0,1685.0,85.0,47.224234,-1.529237,44109000CH0911
2021-09-14,49 BD ERNEST DALBY,44000.0,butas,46.0,2.0,1,84100.0,1828.0,85.0,47.224234,-1.529237,44109000CH0911
2024-12-05,49 BD ERNEST DALBY,44000.0,butas,69.0,3.0,1,124400.0,1803.0,85.0,47.224234,-1.529237,44109000CH0911
2021-08-31,49 BD ERNEST DALBY,44000.0,butas,69.0,3.0,1,119700.0,1735.0,85.0,47.224234,-1.529237,44109000CH0911
2023-03-15,49 BD ERNEST DALBY,44000.0,butas,47.0,2.0,1,100000.0,2128.0,85.0,47.224234,-1.529237,44109000CH0911
2022-08-17,49 BD ERNEST DALBY,44000.0,butas,46.0,2.0,1,197000.0,4283.0,85.0,47.224234,-1.529237,44109000CH0911
2023-02-09,49 BD ERNEST DALBY,44000.0,butas,69.0,3.0,1,235000.0,3406.0,85.0,47.224234,-1.529237,44109000CH0911
2021-01-20,49 BD ERNEST DALBY,44000.0,butas,47.0,2.0,0,146261.0,3112.0,85.0,47.224234,-1.529237,44109000CH0911
2023-01-25,49 BD ERNEST DALBY,44000.0,butas,46.0,2.0,1,187000.0,4065.0,85.0,47.224234,-1.529237,44109000CH0911
2023-07-07,49 BD ERNEST DALBY,44000.0,butas,69.0,3.0,1,218500.0,3167.0,85.0,47.224234,-1.529237,44109000CH0911
2022-07-28,49 BD ERNEST DALBY,44000.0,butas,69.0,3.0,1,230000.0,3333.0,85.0,47.224234,-1.529237,44109000CH0911
2023-01-09,49 BD ERNEST DALBY,44000.0,butas,46.0,2.0,1,197000.0,4283.0,85.0,47.224234,-1.529237,44109000CH0911
2024-05-21,49 BD ERNEST DALBY,44000.0,butas,69.0,3.0,1,235000.0,3406.0,85.0,47.224234,-1.529237,44109000CH0911
2023-01-09,49 BD ERNEST DALBY,44000.0,butas,69.0,3.0,1,139300.0,2019.0,85.0,47.224234,-1.529237,44109000CH0911
2022-08-31,16 RUE STEPHENSON,44000.0,butas,69.0,3.0,1,236000.0,3420.0,87.0,47.223995,-1.528702,44109000CH0269
2023-09-15,16 RUE STEPHENSON,44000.0,butas,45.0,2.0,1,150000.0,3333.0,87.0,47.223995,-1.528702,44109000CH0269
2023-09-29,16 RUE STEPHENSON,44000.0,butas,62.0,3.0,1,190000.0,3065.0,87.0,47.223995,-1.528702,44109000CH0269
2025-11-26,33 BD ERNEST DALBY,44000.0,butas,39.0,2.0,1,118000.0,3026.0,99.0,47.225592,-1.528869,44109000BW0197
2022-01-27,61 RUE DE LA VILLE EN PIERRE,44000.0,butas,53.0,2.0,1,154800.0,2921.0,103.0,47.224902,-1.529769,44109000CH0245
2025-10-02,61 RUE DE LA VILLE EN PIERRE,44000.0,butas,43.0,2.0,1,104500.0,2430.0,103.0,47.224902,-1.529769,44109000CH0245
2025-08-12,61 RUE DE LA VILLE EN PIERRE,44000.0,butas,57.0,2.0,1,153000.0,2684.0,103.0,47.224902,-1.529769,44109000CH0245
2025-07-02,52 BD ERNEST DALBY,44000.0,butas,56.0,2.0,1,140000.0,2500.0,106.0,47.225226,-1.529637,44109000BW0027
2025-03-20,52 BD ERNEST DALBY,44000.0,butas,61.0,3.0,1,145000.0,2377.0,106.0,47.225226,-1.529637,44109000BW0027
2024-12-06,52 BD ERNEST DALBY,44000.0,butas,31.0,1.0,1,78000.0,2516.0,106.0,47.225226,-1.529637,44109000BW0027
2025-09-10,18 RUE STEPHENSON,44000.0,butas,73.0,3.0,0,335000.0,4589.0,106.0,47.223842,-1.528787,44109000CH0268
2025-01-30,52 BD ERNEST DALBY,44000.0,butas,71.0,3.0,1,145500.0,2049.0,106.0,47.225226,-1.529637,44109000BW0027
2024-07-22,52 BD ERNEST DALBY,44000.0,butas,59.0,3.0,0,145000.0,2458.0,106.0,47.225226,-1.529637,44109000BW0027
2024-08-05,52 BD ERNEST DALBY,44000.0,butas,48.0,2.0,0,135000.0,2812.0,106.0,47.225226,-1.529637,44109000BW0027
2024-04-25,9 RUE ETIENNE LARCHEY,44000.0,namas,82.0,5.0,1,374000.0,4561.0,110.0,47.225652,-1.527794,44109000BW0214
2021-05-03,48 BD ERNEST DALBY,44000.0,butas,20.0,1.0,1,137000.0,6850.0,115.0,47.225386,-1.52962,44109000BW0544
2021-06-01,48 BD ERNEST DALBY,44000.0,butas,25.0,2.0,1,120000.0,4800.0,115.0,47.225386,-1.52962,44109000BW0544
2023-02-10,48 BD ERNEST DALBY,44000.0,butas,30.0,1.0,1,123500.0,4117.0,115.0,47.225386,-1.52962,44109000BW0544
2023-04-25,48 BD ERNEST DALBY,44000.0,butas,21.0,1.0,1,108000.0,5143.0,115.0,47.225386,-1.52962,44109000BW0544
2025-02-25,48 BD ERNEST DALBY,44000.0,butas,20.0,1.0,0,78000.0,3900.0,115.0,47.225386,-1.52962,44109000BW0544
2025-10-10,48 BD ERNEST DALBY,44000.0,butas,21.0,1.0,1,95000.0,4524.0,115.0,47.225386,-1.52962,44109000BW0544
2021-09-01,46 BD ERNEST DALBY,44000.0,butas,49.0,3.0,1,155000.0,3163.0,120.0,47.225587,-1.52944,44109000BW0030
2021-04-09,3 IMP ANTOINE FRANCAIS,44000.0,butas,73.0,3.0,0,310000.0,4247.0,121.0,47.223871,-1.527486,44109000CH0889
2025-01-23,60 BD ERNEST DALBY,44000.0,butas,36.0,2.0,1,111500.0,3097.0,124.0,47.224697,-1.530061,44109000CH0240
2021-08-03,60 BD ERNEST DALBY,44000.0,butas,32.0,2.0,1,139000.0,4344.0,124.0,47.224697,-1.530061,44109000CH0240
2024-04-05,60 BD ERNEST DALBY,44000.0,butas,59.0,3.0,1,162100.0,2747.0,124.0,47.224697,-1.530061,44109000CH0240
2021-01-11,60 BD ERNEST DALBY,44000.0,butas,32.0,2.0,0,95000.0,2969.0,124.0,47.224697,-1.530061,44109000CH0240
2022-01-31,8 RUE ANTOINE FRANCAIS,44000.0,namas,43.0,2.0,0,162500.0,3779.0,125.0,47.223792,-1.527586,44109000CH0312
2022-05-02,56 RUE DE LA VILLE EN PIERRE,44000.0,namas,100.0,4.0,1,652000.0,6520.0,127.0,47.225052,-1.5268,44109000BW0330
2024-06-17,11 RUE ANTOINE FRANCAIS,44000.0,namas,154.0,5.0,1,628000.0,4078.0,129.0,47.223625,-1.528076,44109000CH0329
2021-04-12,27 BD ERNEST DALBY,44000.0,namas,58.0,4.0,0,300000.0,5172.0,132.0,47.225912,-1.528796,44109000BW0194
2023-10-11,96 RUE DE LA VILLE EN PIERRE,44000.0,namas,130.0,7.0,0,442337.0,3403.0,132.0,47.225321,-1.52995,44109000BW0024
2025-02-06,7 RUE HONORE BROUTELLE,44000.0,butas,92.0,4.0,1,335000.0,3641.0,133.0,47.225622,-1.529636,44109000BW0536
2021-03-24,9002 RUE ANTOINE FRANCAIS,44000.0,butas,28.0,1.0,0,90000.0,3214.0,133.0,47.223978,-1.527093,44109000CH0317
2025-03-11,8 IMP ANTOINE FRANCAIS,44000.0,butas,36.0,2.0,0,95000.0,2639.0,133.0,47.223978,-1.527093,44109000CH0317
2022-02-16,7 RUE HONORE BROUTELLE,44000.0,butas,28.0,1.0,0,116000.0,4143.0,133.0,47.225622,-1.529636,44109000BW0536
2021-09-01,8 RUE HONORE BROUTELLE,44000.0,butas,72.0,1.0,2,240000.0,3333.0,136.0,47.22577,-1.529415,44109000BW0031
2024-12-13,12 RUE HONORE BROUTELLE,44000.0,butas,61.0,4.0,1,121500.0,1992.0,136.0,47.22577,-1.529415,44109000BW0031
2024-01-30,6 RUE HONORE BROUTELLE,44000.0,butas,56.0,3.0,1,122500.0,2188.0,136.0,47.22577,-1.529415,44109000BW0031
2024-10-10,12 RUE HONORE BROUTELLE,44000.0,butas,50.0,3.0,1,121100.0,2422.0,136.0,47.22577,-1.529415,44109000BW0031
2021-01-26,12 RUE HONORE BROUTELLE,44000.0,butas,60.0,4.0,0,148500.0,2475.0,136.0,47.22577,-1.529415,44109000BW0031
2025-04-07,6 RUE HONORE BROUTELLE,44000.0,butas,61.0,4.0,1,190100.0,3116.0,136.0,47.22577,-1.529415,44109000BW0031
2022-02-25,8 RUE HONORE BROUTELLE,44000.0,butas,52.0,3.0,2,135000.0,2596.0,136.0,47.22577,-1.529415,44109000BW0031
2022-05-06,12 RUE HONORE BROUTELLE,44000.0,butas,61.0,4.0,1,220000.0,3607.0,136.0,47.22577,-1.529415,44109000BW0031
2021-03-24,12 RUE HONORE BROUTELLE,44000.0,butas,60.0,4.0,0,170000.0,2833.0,136.0,47.22577,-1.529415,44109000BW0031
2021-03-18,44 BD ERNEST DALBY,44000.0,butas,57.0,3.0,1,215000.0,3772.0,136.0,47.22577,-1.529415,44109000BW0031
2023-10-31,42 BD ERNEST DALBY,44000.0,butas,63.0,3.0,2,210000.0,3333.0,136.0,47.22577,-1.529415,44109000BW0031
2023-12-06,12 RUE HONORE BROUTELLE,44000.0,butas,51.0,3.0,2,170100.0,3335.0,136.0,47.22577,-1.529415,44109000BW0031
2022-07-26,12 RUE HONORE BROUTELLE,44000.0,butas,53.0,3.0,1,173000.0,3264.0,136.0,47.22577,-1.529415,44109000BW0031
2025-02-24,8 RUE HONORE BROUTELLE,44000.0,butas,41.0,2.0,0,129000.0,3146.0,136.0,47.22577,-1.529415,44109000BW0031
2025-04-17,12 RUE HONORE BROUTELLE,44000.0,butas,62.0,4.0,2,126000.0,2032.0,136.0,47.22577,-1.529415,44109000BW0031
2025-03-18,12 RUE HONORE BROUTELLE,44000.0,butas,54.0,3.0,2,126000.0,2333.0,136.0,47.22577,-1.529415,44109000BW0031
2024-12-26,12 RUE HONORE BROUTELLE,44000.0,butas,53.0,3.0,2,140000.0,2642.0,136.0,47.22577,-1.529415,44109000BW0031
2021-06-24,12 RUE HONORE BROUTELLE,44000.0,butas,51.0,3.0,1,165000.0,3235.0,136.0,47.22577,-1.529415,44109000BW0031
2023-08-21,12 RUE HONORE BROUTELLE,44000.0,butas,53.0,3.0,2,115000.0,2170.0,136.0,47.22577,-1.529415,44109000BW0031
2022-09-22,12 RUE HONORE BROUTELLE,44000.0,butas,53.0,3.0,2,145000.0,2736.0,136.0,47.22577,-1.529415,44109000BW0031
2023-11-10,12 RUE HONORE BROUTELLE,44000.0,butas,61.0,4.0,1,150000.0,2459.0,136.0,47.22577,-1.529415,44109000BW0031
2022-12-09,12 RUE HONORE BROUTELLE,44000.0,butas,54.0,3.0,2,150000.0,2778.0,136.0,47.22577,-1.529415,44109000BW0031
2022-11-09,12 RUE HONORE BROUTELLE,44000.0,butas,54.0,3.0,1,155000.0,2870.0,136.0,47.22577,-1.529415,44109000BW0031
2022-10-25,12 RUE HONORE BROUTELLE,44000.0,butas,61.0,4.0,1,125240.0,2053.0,136.0,47.22577,-1.529415,44109000BW0031
2022-01-19,12 RUE HONORE BROUTELLE,44000.0,butas,55.0,3.0,2,170000.0,3091.0,136.0,47.22577,-1.529415,44109000BW0031
2024-02-12,12 RUE HONORE BROUTELLE,44000.0,butas,51.0,3.0,2,151000.0,2961.0,136.0,47.22577,-1.529415,44109000BW0031
2025-06-16,12 RUE HONORE BROUTELLE,44000.0,butas,52.0,3.0,2,212000.0,4077.0,136.0,47.22577,-1.529415,44109000BW0031
2023-01-20,12 RUE HONORE BROUTELLE,44000.0,butas,53.0,3.0,2,171000.0,3226.0,136.0,47.22577,-1.529415,44109000BW0031
2021-10-19,6 RUE HONORE BROUTELLE,44000.0,butas,64.0,4.0,2,216000.0,3375.0,136.0,47.22577,-1.529415,44109000BW0031
2022-12-19,12 RUE HONORE BROUTELLE,44000.0,butas,61.0,4.0,1,177500.0,2910.0,136.0,47.22577,-1.529415,44109000BW0031
2023-01-10,12 RUE HONORE BROUTELLE,44000.0,butas,53.0,3.0,1,155000.0,2925.0,136.0,47.22577,-1.529415,44109000BW0031
2023-06-30,12 RUE HONORE BROUTELLE,44000.0,butas,61.0,4.0,2,135000.0,2213.0,136.0,47.22577,-1.529415,44109000BW0031
2024-03-26,12 RUE HONORE BROUTELLE,44000.0,butas,53.0,3.0,1,100000.0,1887.0,136.0,47.22577,-1.529415,44109000BW0031
2022-06-07,12 RUE HONORE BROUTELLE,44000.0,butas,62.0,4.0,2,175000.0,2823.0,136.0,47.22577,-1.529415,44109000BW0031
2022-01-07,12 RUE HONORE BROUTELLE,44000.0,butas,62.0,4.0,2,205001.0,3306.0,136.0,47.22577,-1.529415,44109000BW0031
2022-12-14,12 RUE HONORE BROUTELLE,44000.0,butas,52.0,3.0,2,200000.0,3846.0,136.0,47.22577,-1.529415,44109000BW0031
2021-02-12,6 RUE HONORE BROUTELLE,44000.0,butas,56.0,3.0,1,187480.0,3348.0,136.0,47.22577,-1.529415,44109000BW0031
2023-04-13,12 RUE HONORE BROUTELLE,44000.0,butas,55.0,3.0,2,170000.0,3091.0,136.0,47.22577,-1.529415,44109000BW0031
2021-06-02,12 RUE HONORE BROUTELLE,44000.0,butas,62.0,4.0,1,178000.0,2871.0,136.0,47.22577,-1.529415,44109000BW0031
2022-03-21,12 RUE HONORE BROUTELLE,44000.0,butas,50.0,3.0,2,165000.0,3300.0,136.0,47.22577,-1.529415,44109000BW0031
2025-07-11,12 RUE HONORE BROUTELLE,44000.0,butas,50.0,3.0,2,135000.0,2700.0,136.0,47.22577,-1.529415,44109000BW0031
2021-04-23,44 BD ERNEST DALBY,44000.0,butas,68.0,3.0,1,242000.0,3559.0,136.0,47.22577,-1.529415,44109000BW0031
2023-10-16,2 IMP ANTOINE FRANCAIS,44000.0,butas,28.0,1.0,0,60500.0,2161.0,137.0,47.223803,-1.527269,44109000CH0706
2024-03-18,2 IMP ANTOINE FRANCAIS,44000.0,butas,28.0,1.0,0,119524.0,4269.0,137.0,47.223803,-1.527269,44109000CH0706
2022-06-08,2 IMP ANTOINE FRANCAIS,44000.0,butas,52.0,2.0,0,123000.0,2365.0,137.0,47.223803,-1.527269,44109000CH0706
2021-07-26,4 RUE ANTOINE FRANCAIS,44000.0,butas,32.0,1.0,1,115000.0,3594.0,140.0,47.223847,-1.527136,44109000CH0315
2023-04-14,10 RUE CHAMPENOIS,44000.0,namas,90.0,4.0,1,420000.0,4667.0,141.0,47.225567,-1.526988,44109000BW0324
2023-05-26,2 RUE ANTOINE FRANCAIS,44000.0,butas,56.0,3.0,1,219000.0,3911.0,152.0,47.223781,-1.527008,44109000CH0316
2024-07-01,2 RUE ANTOINE FRANCAIS,44000.0,namas,32.0,1.0,0,84150.0,2630.0,152.0,47.223781,-1.527008,44109000CH0316
2022-09-09,69 RUE DE LA VILLE EN PIERRE,44000.0,butas,29.0,2.0,2,128000.0,4414.0,154.0,47.224923,-1.530441,44109000CH0242
2022-03-02,1 RUE D ALLONVILLE,44000.0,butas,42.0,2.0,1,155000.0,3690.0,154.0,47.224923,-1.530441,44109000CH0242
2021-06-01,69 RUE DE LA VILLE EN PIERRE,44000.0,butas,39.0,2.0,0,145000.0,3718.0,154.0,47.224923,-1.530441,44109000CH0242
2023-10-10,1 RUE ANTOINE FRANCAIS,44000.0,namas,64.0,3.0,0,285000.0,4453.0,154.0,47.223586,-1.52733,44109000CH0323
2025-08-26,67 RUE DE LA VILLE EN PIERRE,44000.0,butas,38.0,2.0,1,127000.0,3342.0,154.0,47.224923,-1.530441,44109000CH0242
2023-03-27,1 RUE D ALLONVILLE,44000.0,butas,21.0,1.0,2,75000.0,3571.0,154.0,47.224923,-1.530441,44109000CH0242
2023-08-28,1 RUE D ALLONVILLE,44000.0,butas,34.0,1.0,1,120000.0,3529.0,154.0,47.224923,-1.530441,44109000CH0242
2025-07-28,25 BD ERNEST DALBY,44000.0,butas,48.0,2.0,1,160000.0,3333.0,155.0,47.226147,-1.528623,44109000BW0191
2025-03-10,28 RUE STEPHENSON,44000.0,butas,45.0,3.0,1,150100.0,3336.0,157.0,47.22342,-1.529081,44109000CH0263
2022-07-20,74 RUE FRANCIS DE PRESSENSE,44000.0,butas,32.0,1.0,1,112750.0,3523.0,167.0,47.223893,-1.526619,44109000CH0320
2025-12-19,100 RUE FRANCIS DE PRESSENSE,44000.0,butas,47.0,3.0,1,148000.0,3149.0,168.0,47.223248,-1.528545,44109000CH0341
2022-06-30,100 RUE FRANCIS DE PRESSENSE,44000.0,butas,32.0,1.0,1,140000.0,4375.0,168.0,47.223248,-1.528545,44109000CH0341
2022-09-02,2 RUE GAL HAXO,44000.0,butas,30.0,1.0,1,88000.0,2933.0,170.0,47.225996,-1.527096,44109000BW0229
2021-05-20,6 RUE BERTHELOT,44000.0,butas,32.0,2.0,0,162000.0,5062.0,170.0,47.224729,-1.526168,44109000CI0487
2021-10-26,6 RUE BERTHELOT,44000.0,butas,36.0,1.0,1,99000.0,2750.0,170.0,47.224729,-1.526168,44109000CI0487
2022-07-04,4 RUE BERTHELOT,44000.0,namas,121.0,6.0,0,508000.0,4198.0,171.0,47.224503,-1.526185,44109000CI0535
2024-07-11,1 PL 11EME TRAIN DES EQUIPAGES,44000.0,namas,111.0,5.0,0,580000.0,5225.0,178.0,47.225418,-1.530569,44109000BW0565
2024-11-21,26 RUE HONORE BROUTELLE,44000.0,butas,35.0,1.0,1,99150.0,2833.0,179.0,47.225592,-1.530444,44109000BW0016
2022-05-30,104 RUE FRANCIS DE PRESSENSE,44000.0,butas,40.0,2.0,0,142056.0,3551.0,180.0,47.223157,-1.528807,44109000CH0342
2025-08-18,104 RUE FRANCIS DE PRESSENSE,44000.0,butas,35.0,1.0,1,113500.0,3243.0,180.0,47.223157,-1.528807,44109000CH0342
2023-12-14,102 RUE FRANCIS DE PRESSENSE,44000.0,butas,22.0,1.0,1,94000.0,4273.0,180.0,47.223157,-1.528807,44109000CH0342
2024-08-28,102 RUE FRANCIS DE PRESSENSE,44000.0,butas,47.0,2.0,1,179500.0,3819.0,180.0,47.223157,-1.528807,44109000CH0342
2025-01-27,104 RUE FRANCIS DE PRESSENSE,44000.0,butas,17.0,1.0,0,65000.0,3824.0,180.0,47.223157,-1.528807,44109000CH0342
2021-04-12,102 RUE FRANCIS DE PRESSENSE,44000.0,butas,38.0,2.0,0,129500.0,3408.0,180.0,47.223157,-1.528807,44109000CH0342
2023-01-20,102 RUE FRANCIS DE PRESSENSE,44000.0,butas,21.0,1.0,0,94000.0,4476.0,180.0,47.223157,-1.528807,44109000CH0342
2025-12-10,102 RUE FRANCIS DE PRESSENSE,44000.0,butas,38.0,2.0,1,128000.0,3368.0,180.0,47.223157,-1.528807,44109000CH0342
2024-06-24,104 RUE FRANCIS DE PRESSENSE,44000.0,butas,78.0,4.0,1,165000.0,2115.0,180.0,47.223157,-1.528807,44109000CH0342
2023-12-11,73 RUE FRANCIS DE PRESSENSE,44000.0,butas,28.0,1.0,0,73000.0,2607.0,188.0,47.223485,-1.52678,44109000CH0362
2022-07-06,73 RUE FRANCIS DE PRESSENSE,44000.0,butas,42.0,2.0,1,136000.0,3238.0,188.0,47.223485,-1.52678,44109000CH0362
2023-01-27,73 RUE FRANCIS DE PRESSENSE,44000.0,butas,30.0,1.0,1,90000.0,3000.0,188.0,47.223485,-1.52678,44109000CH0362
2025-01-03,68 BD ERNEST DALBY,44000.0,butas,94.0,4.0,1,342000.0,3638.0,189.0,47.223891,-1.53057,44109000CH0236
2023-07-20,68 BD ERNEST DALBY,44000.0,butas,28.0,1.0,1,100500.0,3589.0,189.0,47.223891,-1.53057,44109000CH0236
2025-03-24,68 BD ERNEST DALBY,44000.0,butas,33.0,1.0,1,90000.0,2727.0,189.0,47.223891,-1.53057,44109000CH0236
2022-07-28,72 BD ERNEST DALBY,44000.0,butas,70.0,3.0,1,297000.0,4243.0,189.0,47.223891,-1.53057,44109000CH0236
2022-11-29,72 BD ERNEST DALBY,44000.0,butas,21.0,1.0,1,78500.0,3738.0,189.0,47.223891,-1.53057,44109000CH0236
2022-12-30,72 BD ERNEST DALBY,44000.0,butas,35.0,1.0,1,112000.0,3200.0,189.0,47.223891,-1.53057,44109000CH0236
2022-12-21,68 BD ERNEST DALBY,44000.0,butas,33.0,2.0,0,130000.0,3939.0,189.0,47.223891,-1.53057,44109000CH0236
2022-06-30,68 BD ERNEST DALBY,44000.0,butas,33.0,2.0,0,90000.0,2727.0,189.0,47.223891,-1.53057,44109000CH0236
2021-11-12,72 BD ERNEST DALBY,44000.0,butas,28.0,1.0,0,141000.0,5036.0,189.0,47.223891,-1.53057,44109000CH0236
2022-05-04,68 BD ERNEST DALBY,44000.0,butas,46.0,2.0,1,145000.0,3152.0,189.0,47.223891,-1.53057,44109000CH0236
2022-01-07,89 RUE FRANCIS DE PRESSENSE,44000.0,namas,58.0,3.0,1,377023.0,6500.0,192.0,47.223055,-1.527992,44109000CH0352
2021-02-17,5 RUE JEAN BAPTISTE BARRE,44000.0,butas,43.0,2.0,1,170000.0,3953.0,197.0,47.223124,-1.527414,44109000CH0844
2021-11-22,19 BD ERNEST DALBY,44000.0,butas,36.0,2.0,1,155000.0,4306.0,199.0,47.226542,-1.528459,44109000BW0183
2023-04-07,19 RUE GEN DE CASTELNAU,44000.0,namas,114.0,5.0,0,534000.0,4684.0,204.0,47.223258,-1.526871,44109000CH0662
2025-01-10,33 RUE STEPHENSON,44000.0,butas,55.0,3.0,0,265000.0,4818.0,205.0,47.222973,-1.529083,44109000CH0575
2022-11-25,33 RUE STEPHENSON,44000.0,butas,55.0,3.0,0,260000.0,4727.0,205.0,47.222973,-1.529083,44109000CH0575
2025-07-07,74 BD ERNEST DALBY,44000.0,butas,30.0,1.0,0,78000.0,2600.0,206.0,47.223489,-1.530399,44109000CH0235
2023-02-23,66 RUE FRANCIS DE PRESSENSE,44000.0,butas,84.0,4.0,1,425000.0,5060.0,206.0,47.224281,-1.525793,44109000CI0681
2021-10-04,74 BD ERNEST DALBY,44000.0,butas,34.0,2.0,1,125000.0,3676.0,206.0,47.223489,-1.530399,44109000CH0235
2025-06-27,7 RUE JEAN BAPTISTE BARRE,44000.0,butas,67.0,3.0,2,252600.0,3770.0,206.0,47.222999,-1.527591,44109000CH0354
2024-06-05,7 RUE JEAN BAPTISTE BARRE,44000.0,butas,67.0,3.0,1,197160.0,2943.0,206.0,47.222999,-1.527591,44109000CH0354
2021-12-30,7 RUE JEAN BAPTISTE BARRE,44000.0,butas,66.0,3.0,2,186500.0,2826.0,206.0,47.222999,-1.527591,44109000CH0354
2023-03-28,2 RUE HONORE BROUTELLE,44000.0,butas,51.0,3.0,1,192000.0,3765.0,207.0,47.226559,-1.529116,44109000BW0048
2024-05-23,26 BD ERNEST DALBY,44000.0,namas,126.0,7.0,0,318000.0,2524.0,208.0,47.226584,-1.528973,44109000BW0049
2021-07-08,26 RUE ETIENNE LARCHEY,44000.0,namas,115.0,5.0,1,525000.0,4565.0,208.0,47.226584,-1.527829,44109000BW0386
2024-06-04,3 RUE LOUIS MEKARSKI,44000.0,namas,151.0,7.0,0,510000.0,3377.0,209.0,47.223016,-1.529461,44109000CH0430
2022-07-12,63 RUE FRANCIS DE PRESSENSE,44000.0,namas,177.0,9.0,1,1100000.0,6215.0,209.0,47.223615,-1.526221,44109000CI0454
2025-05-28,1 PL DU RALLIEMENT,44000.0,butas,45.0,1.0,0,143500.0,3189.0,209.0,47.222889,-1.528746,44109000CH0343
2022-05-25,22 RUE CHAMPENOIS,44000.0,namas,90.0,4.0,1,320000.0,3556.0,210.0,47.225848,-1.526154,44109000BW0417
2021-08-04,17 RUE GEN DE CASTELNAU,44000.0,namas,155.0,6.0,1,817474.0,5274.0,214.0,47.223102,-1.526986,44109000CH0629
2023-07-05,65 BD ERNEST DALBY,44000.0,butas,30.0,2.0,1,114000.0,3800.0,215.0,47.223207,-1.530124,44109000CH0434
2022-06-07,65 BD ERNEST DALBY,44000.0,butas,66.0,3.0,1,210000.0,3182.0,215.0,47.223207,-1.530124,44109000CH0434
2021-10-20,9 RUE LOUIS MEKARSKI,44000.0,namas,76.0,4.0,1,580000.0,7632.0,215.0,47.223098,-1.529875,44109000CH0432
2023-10-25,65 BD ERNEST DALBY,44000.0,butas,58.0,3.0,1,144500.0,2491.0,215.0,47.223207,-1.530124,44109000CH0434
2025-06-19,76 BD ERNEST DALBY,44000.0,butas,32.0,2.0,0,106000.0,3312.0,216.0,47.223393,-1.530449,44109000CH0234
2025-12-12,76 BD ERNEST DALBY,44000.0,butas,31.0,3.0,0,104000.0,3355.0,216.0,47.223393,-1.530449,44109000CH0234
2025-03-27,14 RUE DES CHALATRES,44000.0,namas,164.0,6.0,0,615000.0,3750.0,218.0,47.225826,-1.530832,44109000BW0515
2025-07-03,5 RUE MARYSE GUERLAIS,44200.0,butas,86.0,3.0,1,350000.0,4070.0,220.0,47.224953,-1.531315,44109000CE0173
2025-11-27,5 RUE MARYSE GUERLAIS,44200.0,butas,85.0,4.0,1,333725.0,3926.0,220.0,47.224953,-1.531315,44109000CE0173
2022-06-30,5 RUE MARYSE GUERLAIS,44200.0,butas,38.0,2.0,1,190000.0,5000.0,220.0,47.224953,-1.531315,44109000CE0173
2024-07-05,21 RUE DE LA VILLE EN PIERRE,44000.0,namas,102.0,4.0,1,540000.0,5294.0,222.0,47.224835,-1.525493,44109000CI0013
2025-06-11,11 RUE HENRI BRUNELLIERE,44000.0,namas,61.0,3.0,0,224900.0,3687.0,226.0,47.226069,-1.530707,44109000BW0037
2023-11-24,59 RUE FRANCIS DE PRESSENSE,44000.0,butas,80.0,3.0,1,243500.0,3044.0,226.0,47.223738,-1.525835,44109000CI0607
2023-07-13,59 RUE FRANCIS DE PRESSENSE,44000.0,butas,59.0,1.0,2,205480.0,3483.0,226.0,47.223738,-1.525835,44109000CI0607
2025-09-03,59 RUE FRANCIS DE PRESSENSE,44000.0,butas,89.0,3.0,2,303500.0,3410.0,226.0,47.223738,-1.525835,44109000CI0607
2022-02-07,25 RUE ETIENNE LARCHEY,44000.0,butas,60.0,3.0,0,290000.0,4833.0,228.0,47.226641,-1.52725,44109000BW0574
2023-05-10,30 RUE ETIENNE LARCHEY,44000.0,namas,90.0,3.0,1,525000.0,5833.0,230.0,47.22675,-1.527639,44109000BW0175
2024-11-05,24 RUE GEN DE CASTELNAU,44000.0,butas,44.0,2.0,2,148000.0,3364.0,231.0,47.22335,-1.526184,44109000CI0459
2022-02-03,24 RUE GEN DE CASTELNAU,44000.0,butas,44.0,2.0,2,175000.0,3977.0,231.0,47.22335,-1.526184,44109000CI0459
2023-04-07,24 RUE GEN DE CASTELNAU,44000.0,butas,44.0,2.0,2,165000.0,3750.0,231.0,47.22335,-1.526184,44109000CI0459
2023-03-01,24 RUE GEN DE CASTELNAU,44000.0,butas,42.0,2.0,2,172000.0,4095.0,231.0,47.22335,-1.526184,44109000CI0459
2023-02-16,24 RUE GEN DE CASTELNAU,44000.0,butas,56.0,3.0,2,190000.0,3393.0,231.0,47.22335,-1.526184,44109000CI0459
2023-01-19,24 RUE GEN DE CASTELNAU,44000.0,butas,44.0,2.0,2,129500.0,2943.0,231.0,47.22335,-1.526184,44109000CI0459
2021-09-10,7 PL DU RALLIEMENT,44000.0,butas,68.0,2.0,1,140000.0,2059.0,233.0,47.222838,-1.529642,44109000CH0427
2021-12-14,7 PL DU RALLIEMENT,44000.0,butas,64.0,2.0,1,267000.0,4172.0,233.0,47.222838,-1.529642,44109000CH0427
2025-10-07,13 BD ERNEST DALBY,44000.0,butas,50.0,3.0,1,61718.5,1234.0,233.0,47.226838,-1.528045,44109000BW0171
2022-04-06,13 BD ERNEST DALBY,44000.0,butas,32.0,2.0,1,105000.0,3281.0,233.0,47.226838,-1.528045,44109000BW0171
2021-04-14,7 PL DU RALLIEMENT,44000.0,butas,40.0,1.0,0,120000.0,3000.0,233.0,47.222838,-1.529642,44109000CH0427
2023-03-27,13 BD ERNEST DALBY,44000.0,butas,81.0,4.0,1,256500.0,3167.0,233.0,47.226838,-1.528045,44109000BW0171
2023-07-31,13 RUE HENRI BRUNELLIERE,44000.0,namas,33.0,1.0,1,375000.0,11364.0,234.0,47.226113,-1.530785,44109000BW0038
2025-07-04,80 BD ERNEST DALBY,44000.0,butas,130.0,3.0,1,333000.0,2562.0,235.0,47.223236,-1.530577,44109000CH0232
2022-04-29,4 RUE DE LA PETITE MITRIE,44000.0,butas,31.0,2.0,0,184000.0,5935.0,237.0,47.226851,-1.528981,44109000BW0070
2025-10-30,4 RUE DE LA PETITE MITRIE,44000.0,butas,30.0,2.0,0,106000.0,3533.0,237.0,47.226851,-1.528981,44109000BW0070
2022-08-25,71 BD ERNEST DALBY,44000.0,butas,122.0,4.0,0,441750.0,3621.0,238.0,47.222936,-1.530078,44109000CH0457
2021-08-20,18 RUE DES CHALATRES,44000.0,namas,153.0,6.0,1,600000.0,3922.0,238.0,47.226,-1.530975,44109000BW0007
2025-03-31,11 RUE DE LA PETITE MITRIE,44000.0,namas,118.0,3.0,1,240000.0,2034.0,240.0,47.226794,-1.52948,44109000BW0053
2022-07-13,30 RUE DE LA VILLE EN PIERRE,44000.0,namas,80.0,4.0,0,350000.0,4375.0,241.0,47.225163,-1.525291,44109000BW0340
2023-03-23,6 AV DES CERISIERS,44000.0,namas,58.0,2.0,1,285000.0,4914.0,243.0,47.225347,-1.525323,44109000BW0568
2022-03-08,15 RUE DE LA VILLE EN PIERRE,44000.0,namas,84.0,5.0,1,538200.0,6407.0,244.0,47.224982,-1.525212,44109000CI0491
2025-05-27,82 BD ERNEST DALBY,44000.0,butas,64.0,3.0,2,135000.0,2109.0,244.0,47.223153,-1.53063,44109000CH0765
2021-09-27,2 PL DU RALLIEMENT,44000.0,butas,47.0,1.0,1,96500.0,2053.0,246.0,47.222575,-1.528958,44109000CH0409
2022-01-27,33 RUE GAL LE FLO,44000.0,butas,30.0,1.0,1,98100.0,3270.0,251.0,47.222514,-1.528741,44109000CH0407
2023-03-03,33 RUE GAL LE FLO,44000.0,butas,26.0,2.0,1,115000.0,4423.0,251.0,47.222514,-1.528741,44109000CH0407
2022-02-03,31 RUE GAL LE FLO,44000.0,butas,45.0,2.0,1,175000.0,3889.0,251.0,47.222506,-1.528503,44109000CH0389
2025-12-23,33 RUE GAL LE FLO,44000.0,butas,29.0,1.0,1,93500.0,3224.0,251.0,47.222514,-1.528741,44109000CH0407
2023-08-31,33 RUE GAL LE FLO,44000.0,butas,30.0,2.0,1,125000.0,4167.0,251.0,47.222514,-1.528741,44109000CH0407
2022-04-04,31 RUE GAL LE FLO,44000.0,butas,44.0,2.0,1,185000.0,4205.0,251.0,47.222506,-1.528503,44109000CH0389
2024-05-23,33 RUE GAL LE FLO,44000.0,butas,29.0,1.0,1,103500.0,3569.0,251.0,47.222514,-1.528741,44109000CH0407
2021-09-10,31 RUE GAL LE FLO,44000.0,butas,42.0,2.0,1,163500.0,3893.0,251.0,47.222506,-1.528503,44109000CH0389
2024-08-23,3 RUE GEN DE CASTELNAU,44000.0,butas,59.0,2.0,1,193000.0,3271.0,260.0,47.222589,-1.527156,44109000CH0614
2022-02-15,3 RUE GEN DE CASTELNAU,44000.0,butas,59.0,2.0,2,95200.0,1614.0,260.0,47.222589,-1.527156,44109000CH0614
2024-10-24,3 RUE GEN DE CASTELNAU,44000.0,butas,58.0,2.0,2,113900.0,1964.0,260.0,47.222589,-1.527156,44109000CH0614
2023-01-10,3 RUE GEN DE CASTELNAU,44000.0,butas,67.0,3.0,2,111200.0,1660.0,260.0,47.222589,-1.527156,44109000CH0614
2023-11-21,1 RUE GEN DE CASTELNAU,44000.0,butas,69.0,3.0,2,212000.0,3072.0,260.0,47.222589,-1.527156,44109000CH0614
2024-04-02,4 PL DU RALLIEMENT,44000.0,butas,39.0,2.0,0,117000.0,3000.0,260.0,47.222504,-1.529316,44109000CH0787
2022-06-24,1 RUE GEN DE CASTELNAU,44000.0,butas,35.0,1.0,1,67600.0,1931.0,260.0,47.222589,-1.527156,44109000CH0614
2025-07-09,26 RUE DE LA VILLE EN PIERRE,44000.0,butas,24.0,1.0,1,69000.0,2875.0,261.0,47.225352,-1.525085,44109000BW0342
2022-03-28,26 RUE DE LA VILLE EN PIERRE,44000.0,butas,60.0,3.0,0,223400.0,3723.0,261.0,47.225352,-1.525085,44109000BW0342
2022-08-17,26 RUE DE LA VILLE EN PIERRE,44000.0,butas,26.0,1.0,0,130000.0,5000.0,261.0,47.225352,-1.525085,44109000BW0342
2022-08-17,26 RUE DE LA VILLE EN PIERRE,44000.0,butas,16.0,1.0,0,90000.0,5625.0,261.0,47.225352,-1.525085,44109000BW0342
2022-02-09,10 RUE DE LA PETITE MITRIE,44000.0,butas,36.0,2.0,1,200000.0,5556.0,265.0,47.227069,-1.529278,44109000BW0067
2022-10-07,10 RUE DE LA PETITE MITRIE,44000.0,butas,45.0,2.0,1,140000.0,3111.0,265.0,47.227069,-1.529278,44109000BW0067
2022-11-02,10 RUE DE LA PETITE MITRIE,44000.0,butas,41.0,2.0,1,130000.0,3171.0,265.0,47.227069,-1.529278,44109000BW0067
2025-06-25,108 RUE FRANCIS DE PRESSENSE,44000.0,butas,25.0,1.0,0,75000.0,3000.0,266.0,47.222572,-1.529859,44109000CH0424
2021-01-28,103 RUE FRANCIS DE PRESSENSE,44000.0,namas,137.0,4.0,0,720000.0,5255.0,266.0,47.222475,-1.529442,44109000CH0412
2025-07-18,21 RUE HENRI BRUNELLIERE,44000.0,namas,64.0,2.0,0,295000.0,4609.0,266.0,47.226332,-1.531068,44109000BW0042
2025-05-12,108 RUE FRANCIS DE PRESSENSE,44000.0,butas,25.0,1.0,0,72000.0,2880.0,266.0,47.222572,-1.529859,44109000CH0424
2025-01-31,10 RUE GEN DE CASTELNAU,44000.0,namas,86.0,3.0,1,357000.0,4151.0,269.0,47.222678,-1.5266,44109000CI0773
2022-09-28,24 RUE DE LA VILLE EN PIERRE,44000.0,namas,100.0,4.0,1,450000.0,4500.0,269.0,47.225369,-1.524981,44109000BW0343
2024-06-14,1 RUE CESAR FRANCK,44000.0,butas,100.0,3.0,1,360000.0,3600.0,271.0,47.224966,-1.524856,44109000CI0685
2025-09-16,1 RUE CESAR FRANCK,44000.0,butas,74.0,3.0,1,250000.0,3378.0,271.0,47.224966,-1.524856,44109000CI0685
2023-09-21,1 RUE CESAR FRANCK,44000.0,butas,107.0,5.0,2,463200.0,4329.0,271.0,47.224966,-1.524856,44109000CI0685
2022-11-25,88 BD ERNEST DALBY,44000.0,butas,36.0,2.0,0,132000.0,3667.0,277.0,47.222934,-1.530909,44109000CH0772
2023-03-17,13 RUE DE LA VILLE EN PIERRE,44000.0,butas,35.0,2.0,1,131500.0,3757.0,277.0,47.225063,-1.524787,44109000CI0017
2024-01-04,13 RUE DE LA VILLE EN PIERRE,44000.0,butas,20.0,1.0,1,72000.0,3600.0,277.0,47.225063,-1.524787,44109000CI0017
2021-03-05,75 BD ERNEST DALBY,44000.0,butas,34.0,2.0,0,107000.0,3147.0,277.0,47.222612,-1.53029,44109000CH0459
2024-07-11,13 RUE DE LA VILLE EN PIERRE,44000.0,butas,35.0,2.0,1,160000.0,4571.0,277.0,47.225063,-1.524787,44109000CI0017
2025-09-11,75 BD ERNEST DALBY,44000.0,butas,34.0,2.0,0,101000.0,2971.0,277.0,47.222612,-1.53029,44109000CH0459
2021-01-20,1 AV DU CLIPPER,44000.0,butas,83.0,4.0,1,240000.0,2892.0,282.0,47.223814,-1.531888,44109000CH0696
2023-08-23,1 AV DU CLIPPER,44000.0,butas,48.0,2.0,1,183000.0,3812.0,282.0,47.223814,-1.531888,44109000CH0696
2021-06-23,26 RUE DES CHALATRES,44000.0,butas,34.0,1.0,1,125000.0,3676.0,282.0,47.226346,-1.531325,44109000BW0003
2025-03-28,2 AV DU CLIPPER,44000.0,butas,49.0,2.0,1,190000.0,3878.0,282.0,47.223814,-1.531888,44109000CH0696
2021-05-19,1 AV DU CLIPPER,44000.0,butas,50.0,2.0,1,180000.0,3600.0,282.0,47.223814,-1.531888,44109000CH0696
2023-10-02,2 AV DU CLIPPER,44000.0,butas,49.0,2.0,1,150000.0,3061.0,282.0,47.223814,-1.531888,44109000CH0696
2021-05-21,3 AV DU CLIPPER,44000.0,butas,50.0,2.0,1,170000.0,3400.0,282.0,47.223814,-1.531888,44109000CH0696
2023-07-04,1 AV DU CLIPPER,44000.0,butas,83.0,4.0,1,322000.0,3880.0,282.0,47.223814,-1.531888,44109000CH0696
2021-12-06,3 AV DU CLIPPER,44000.0,butas,50.0,2.0,1,155000.0,3100.0,282.0,47.223814,-1.531888,44109000CH0696
2022-03-14,3 AV DU CLIPPER,44000.0,butas,50.0,2.0,1,177900.0,3558.0,282.0,47.223814,-1.531888,44109000CH0696
2023-10-17,1 AV DU CLIPPER,44000.0,butas,50.0,2.0,1,141500.0,2830.0,282.0,47.223814,-1.531888,44109000CH0696
2023-07-18,3 AV DU CLIPPER,44000.0,butas,83.0,4.0,1,317000.0,3819.0,282.0,47.223814,-1.531888,44109000CH0696
2022-10-20,9 RUE ROUGET DE LISLE,44000.0,butas,28.0,1.0,1,155000.0,5536.0,283.0,47.225849,-1.525044,44109000BW0280
2024-12-16,9 RUE ROUGET DE LISLE,44000.0,butas,60.0,3.0,2,220000.0,3667.0,283.0,47.225849,-1.525044,44109000BW0280
2023-06-01,29 RUE DU CASTERNEAU,44000.0,butas,60.0,3.0,2,179583.33,2993.0,290.0,47.226967,-1.530443,44109000BW0046
2022-11-14,29 RUE DU CASTERNEAU,44000.0,butas,61.0,4.0,2,210000.0,3443.0,290.0,47.226967,-1.530443,44109000BW0046
2023-07-24,25 RUE DU CASTERNEAU,44000.0,butas,60.0,4.0,1,189400.0,3157.0,290.0,47.226967,-1.530443,44109000BW0046
2022-11-28,27 RUE DU CASTERNEAU,44000.0,butas,60.0,3.0,2,220000.0,3667.0,290.0,47.226967,-1.530443,44109000BW0046
2021-10-28,25 RUE DU CASTERNEAU,44000.0,butas,50.0,3.0,2,192000.0,3840.0,290.0,47.226967,-1.530443,44109000BW0046
2024-07-31,27 RUE DU CASTERNEAU,44000.0,butas,60.0,4.0,2,150000.0,2500.0,290.0,47.226967,-1.530443,44109000BW0046
2023-10-05,29 RUE DU CASTERNEAU,44000.0,butas,78.0,4.0,1,143560.0,1841.0,290.0,47.226967,-1.530443,44109000BW0046
2022-08-30,29 RUE DU CASTERNEAU,44000.0,butas,63.0,4.0,2,147500.0,2341.0,290.0,47.226967,-1.530443,44109000BW0046
2022-12-05,25 RUE DU CASTERNEAU,44000.0,butas,60.0,4.0,2,180000.0,3000.0,290.0,47.226967,-1.530443,44109000BW0046
2022-09-12,27 RUE DU CASTERNEAU,44000.0,butas,63.0,4.0,1,204000.0,3238.0,290.0,47.226967,-1.530443,44109000BW0046
2021-10-04,29 RUE DU CASTERNEAU,44000.0,butas,52.0,3.0,1,163000.0,3135.0,290.0,47.226967,-1.530443,44109000BW0046
2024-04-04,25 RUE DU CASTERNEAU,44000.0,butas,64.0,4.0,1,195256.6,3051.0,290.0,47.226967,-1.530443,44109000BW0046
2024-09-26,29 RUE DU CASTERNEAU,44000.0,butas,61.0,4.0,1,128100.0,2100.0,290.0,47.226967,-1.530443,44109000BW0046
2022-05-20,23 RUE DE LA PETITE MITRIE,44000.0,namas,48.0,3.0,1,363330.0,7569.0,291.0,47.227131,-1.530032,44109000BW0059
2023-09-25,13 RUE ROUGET DE LISLE,44000.0,butas,40.0,2.0,1,110000.0,2750.0,292.0,47.226127,-1.525134,44109000BW0277
2021-01-11,6 RUE SGT BOBILLOT,44000.0,namas,69.0,3.0,0,580000.0,8406.0,293.0,47.224863,-1.524555,44109000CI0023
2021-06-30,2 RUE ROUGET DE LISLE,44000.0,butas,64.0,3.0,2,247000.0,3859.0,295.0,47.225443,-1.524655,44109000BW0553
2023-05-15,8 RUE DE LA MUSIQUE,44000.0,butas,28.0,1.0,0,240000.0,8571.0,296.0,47.2221,-1.528334,44109000CH0395
2021-05-28,8 RUE DE LA MUSIQUE,44000.0,namas,120.0,4.0,0,330000.0,2750.0,296.0,47.2221,-1.528334,44109000CH0395
2023-11-21,8 RUE DE LA MUSIQUE,44000.0,butas,28.0,1.0,0,130000.0,4643.0,296.0,47.2221,-1.528334,44109000CH0395
2024-08-19,9 RUE DE LA VILLE EN PIERRE,44000.0,butas,83.0,4.0,1,280000.0,3373.0,297.0,47.225208,-1.524548,44109000CI0019
2022-02-22,2 RUE GEN DE CASTELNAU,44000.0,namas,135.0,4.0,0,670000.0,4963.0,297.0,47.222358,-1.526705,44109000CI0716
2025-05-21,114 RUE FRANCIS DE PRESSENSE,44000.0,butas,80.0,4.0,1,245000.0,3062.0,300.0,47.222332,-1.530153,44109000CH0422
2025-04-11,114 RUE FRANCIS DE PRESSENSE,44000.0,butas,20.0,1.0,0,80000.0,4000.0,300.0,47.222332,-1.530153,44109000CH0422
2024-11-20,114 RUE FRANCIS DE PRESSENSE,44000.0,butas,54.0,2.0,1,170000.0,3148.0,300.0,47.222332,-1.530153,44109000CH0422
2023-09-08,19 RUE GAL LE FLO,44000.0,butas,27.0,2.0,1,90000.0,3333.0,305.0,47.222102,-1.52742,44109000CH0378
2023-09-27,2 RUE SGT BOBILLOT,44000.0,butas,18.0,2.0,0,113000.0,6278.0,305.0,47.225219,-1.52445,44109000CI0020
2022-12-05,2 RUE SGT BOBILLOT,44000.0,butas,33.0,2.0,0,110000.0,3333.0,305.0,47.225219,-1.52445,44109000CI0020
2025-12-08,45 RUE FRANCIS DE PRESSENSE,44000.0,butas,33.0,1.0,1,59000.0,1788.0,306.0,47.223674,-1.524704,44109000CI0406
2021-03-15,12 AV JACQUES LAMBERT,44000.0,namas,104.0,4.0,0,475000.0,4567.0,307.0,47.222978,-1.525322,44109000CI0397
2025-12-18,2 RUE SGT BOBILLOT,44000.0,namas,48.0,4.0,0,244000.0,5083.0,309.0,47.225136,-1.524375,44109000CI0021
2023-11-06,2 RUE SGT BOBILLOT,44000.0,namas,48.0,4.0,0,252010.0,5250.0,309.0,47.225136,-1.524375,44109000CI0021
2023-01-10,9 RUE DES CHALATRES,44000.0,butas,60.0,3.0,2,174000.0,2900.0,310.0,47.226083,-1.532031,44109000CE0120
2024-07-24,11 RUE DES CHALATRES,44000.0,butas,73.0,4.0,2,215000.0,2945.0,310.0,47.226083,-1.532031,44109000CE0120
2022-01-07,11 RUE DES CHALATRES,44000.0,butas,44.0,2.0,2,185000.0,4205.0,310.0,47.226083,-1.532031,44109000CE0120
2023-02-03,7 RUE DES CHALATRES,44000.0,butas,57.0,3.0,2,248000.0,4351.0,310.0,47.226083,-1.532031,44109000CE0120
2021-11-19,9 RUE DES CHALATRES,44000.0,butas,73.0,4.0,2,218000.0,2986.0,310.0,47.226083,-1.532031,44109000CE0120
2023-04-27,9 RUE DES CHALATRES,44000.0,butas,60.0,3.0,2,198650.0,3311.0,310.0,47.226083,-1.532031,44109000CE0120
2022-04-05,7 RUE DES CHALATRES,44000.0,butas,73.0,4.0,2,260000.0,3562.0,310.0,47.226083,-1.532031,44109000CE0120
2021-01-26,9 RUE DES CHALATRES,44000.0,butas,73.0,4.0,1,249000.0,3411.0,310.0,47.226083,-1.532031,44109000CE0120
2021-09-01,11 RUE DES CHALATRES,44000.0,butas,76.0,4.0,2,120000.0,1579.0,310.0,47.226083,-1.532031,44109000CE0120
2021-06-16,11 RUE DES CHALATRES,44000.0,butas,46.0,2.0,0,170000.0,3696.0,310.0,47.226083,-1.532031,44109000CE0120
2022-10-18,9 RUE DES CHALATRES,44000.0,butas,60.0,3.0,2,226133.0,3769.0,310.0,47.226083,-1.532031,44109000CE0120
2024-06-12,7 RUE DES CHALATRES,44000.0,butas,60.0,3.0,2,240000.0,4000.0,310.0,47.226083,-1.532031,44109000CE0120
2025-03-13,79 BD ERNEST DALBY,44000.0,butas,18.0,1.0,0,79000.0,4389.0,310.0,47.222332,-1.530431,44109000CH0461
2021-01-08,11 RUE DES CHALATRES,44000.0,butas,45.0,2.0,1,125000.0,2778.0,310.0,47.226083,-1.532031,44109000CE0120
2022-10-27,79 BD ERNEST DALBY,44000.0,butas,57.0,4.0,0,243000.0,4263.0,310.0,47.222332,-1.530431,44109000CH0461
2025-12-23,9 RUE DES CHALATRES,44000.0,butas,73.0,4.0,2,249850.0,3423.0,310.0,47.226083,-1.532031,44109000CE0120
2024-01-15,11 RUE DES CHALATRES,44000.0,butas,75.0,4.0,2,205000.0,2733.0,310.0,47.226083,-1.532031,44109000CE0120
2023-06-09,79 BD ERNEST DALBY,44000.0,butas,29.0,1.0,0,80000.0,2759.0,310.0,47.222332,-1.530431,44109000CH0461
2023-09-08,7 RUE DES CHALATRES,44000.0,butas,73.0,4.0,2,283000.0,3877.0,310.0,47.226083,-1.532031,44109000CE0120
2023-09-06,79 BD ERNEST DALBY,44000.0,butas,20.0,1.0,0,76000.0,3800.0,310.0,47.222332,-1.530431,44109000CH0461
2023-03-01,79 BD ERNEST DALBY,44000.0,butas,32.0,1.0,1,115000.0,3594.0,310.0,47.222332,-1.530431,44109000CH0461
2022-02-09,2 RUE BARILLER,44000.0,butas,38.0,2.0,1,400000.0,10526.0,311.0,47.226941,-1.525866,44109000BW0257
2024-12-06,3 AV DU PETIT PARC,44000.0,namas,32.0,1.0,0,240000.0,7500.0,313.0,47.22253,-1.525889,44109000CI0425
2024-11-29,7 RUE BARILLER,44000.0,namas,119.0,4.0,1,540000.0,4538.0,313.0,47.226724,-1.525458,44109000BW0262
2021-10-29,5 RUE BARILLER,44000.0,namas,141.0,4.0,1,630000.0,4468.0,317.0,47.226777,-1.525463,44109000BW0261
2022-06-10,96 BD ERNEST DALBY,44000.0,butas,52.0,3.0,1,210000.0,4038.0,319.0,47.222472,-1.530977,44109000CH0224
2021-02-18,96 BD ERNEST DALBY,44000.0,butas,53.0,3.0,0,190000.0,3585.0,319.0,47.222472,-1.530977,44109000CH0224
2023-02-09,9 RUE SGT BOBILLOT,44000.0,namas,107.0,5.0,0,580000.0,5421.0,322.0,47.224482,-1.524186,44109000CI0699
2023-06-21,33 RUE D ALLONVILLE,44000.0,butas,60.0,3.0,1,200000.0,3333.0,323.0,47.223628,-1.532354,44109000CH0205
2022-12-12,22 RUE BELLIER,44000.0,namas,72.0,4.0,1,285000.0,3958.0,323.0,47.221927,-1.527499,44109000CH0377
2022-12-27,33 RUE D ALLONVILLE,44000.0,butas,60.0,3.0,1,191000.0,3183.0,323.0,47.223628,-1.532354,44109000CH0205
2024-11-14,4 ALL RICHEMONT,44000.0,butas,36.0,2.0,1,155000.0,4306.0,324.0,47.223384,-1.532193,44109000CH0778
2023-10-16,2 ALL RICHEMONT,44000.0,butas,21.0,1.0,1,95000.0,4524.0,324.0,47.223384,-1.532193,44109000CH0778
2024-04-12,4 ALL RICHEMONT,44000.0,butas,63.0,2.0,2,223810.0,3553.0,324.0,47.223384,-1.532193,44109000CH0778
2022-10-20,4 ALL RICHEMONT,44000.0,butas,54.0,2.0,1,249000.0,4611.0,324.0,47.223384,-1.532193,44109000CH0778
2021-07-28,25 RUE D ALLONVILLE,44000.0,butas,18.0,1.0,1,100000.0,5556.0,324.0,47.223384,-1.532193,44109000CH0778
2024-01-11,2 ALL RICHEMONT,44000.0,butas,40.0,1.0,1,157000.0,3925.0,324.0,47.223384,-1.532193,44109000CH0778
2021-07-16,25 RUE D ALLONVILLE,44000.0,butas,61.0,3.0,2,235000.0,3852.0,324.0,47.223384,-1.532193,44109000CH0778
2024-08-23,25 RUE D ALLONVILLE,44000.0,butas,73.0,4.0,1,204800.0,2805.0,324.0,47.223384,-1.532193,44109000CH0778
2021-05-20,2 ALL RICHEMONT,44000.0,butas,60.0,3.0,2,225000.0,3750.0,324.0,47.223384,-1.532193,44109000CH0778
2024-10-23,2 ALL RICHEMONT,44000.0,butas,35.0,2.0,2,150000.0,4286.0,324.0,47.223384,-1.532193,44109000CH0778
2024-01-19,17 RUE GAL LE FLO,44000.0,butas,60.0,3.0,1,220000.0,3667.0,325.0,47.221964,-1.527177,44109000CI0439
2022-12-14,120 RUE FRANCIS DE PRESSENSE,44000.0,namas,47.0,2.0,0,200400.0,4264.0,326.0,47.222183,-1.530483,44109000CH0464
2021-05-27,10 RUE MARCEL HATET,44000.0,butas,40.0,2.0,0,152000.0,3800.0,327.0,47.222746,-1.53158,44109000CH0216
2025-01-10,1 RUE SGT BOBILLOT,44000.0,namas,96.0,3.0,0,450000.0,4688.0,331.0,47.225298,-1.524118,44109000CI0066
2021-08-23,3 RUE BARILLER,44000.0,namas,55.0,3.0,0,450000.0,8182.0,331.0,47.226916,-1.525416,44109000BW0259
2021-12-30,83 BD ERNEST DALBY,44000.0,butas,40.0,2.0,0,124000.0,3100.0,332.0,47.222178,-1.530614,44109000CH0465
2021-12-14,45 RUE BELLIER,44000.0,namas,81.0,4.0,1,548800.0,6775.0,334.0,47.221801,-1.529192,44109000CH0633
2024-05-24,57 RUE BELLIER,44000.0,butas,33.0,1.0,1,113000.0,3424.0,334.0,47.221942,-1.529949,44109000CH0535
2024-05-28,57 RUE BELLIER,44000.0,butas,30.0,2.0,1,66000.0,2200.0,334.0,47.221942,-1.529949,44109000CH0535
2025-09-18,57 RUE BELLIER,44000.0,butas,72.0,1.0,0,160000.0,2222.0,334.0,47.221942,-1.529949,44109000CH0535
2022-08-18,1 RUE DU GUE ROBERT,44000.0,butas,62.0,4.0,1,150000.0,2419.0,334.0,47.221942,-1.529949,44109000CH0535
2023-12-15,20 RUE PIERRE ET MARIE CURIE,44000.0,butas,40.0,2.0,2,130000.0,3250.0,336.0,47.223096,-1.524712,44109000CI0398
2023-07-04,14 AV DU PETIT PARC,44000.0,butas,41.0,2.0,2,137000.0,3341.0,336.0,47.223096,-1.524712,44109000CI0398
2021-10-18,20 RUE PIERRE ET MARIE CURIE,44000.0,namas,105.0,4.0,1,1050000.0,10000.0,336.0,47.223421,-1.524429,44109000CI0399
2021-10-20,20 RUE BELLIER,44000.0,namas,50.0,4.0,1,265000.0,5300.0,336.0,47.22186,-1.527164,44109000CH0747
2025-02-03,22 RUE PIERRE ET MARIE CURIE,44000.0,butas,89.0,5.0,2,240000.0,2697.0,336.0,47.223096,-1.524712,44109000CI0398
2025-12-19,20 RUE PIERRE ET MARIE CURIE,44000.0,butas,67.0,4.0,2,185000.0,2761.0,336.0,47.223096,-1.524712,44109000CI0398
2021-01-21,20 RUE CURIE,44000.0,butas,67.0,4.0,1,240000.0,3582.0,336.0,47.223096,-1.524712,44109000CI0398
2023-09-04,22 RUE PIERRE ET MARIE CURIE,44000.0,butas,44.0,2.0,1,125000.0,2841.0,336.0,47.223096,-1.524712,44109000CI0398
2024-06-06,36 RUE DU CASTERNEAU,44000.0,butas,75.0,4.0,2,220000.0,2933.0,337.0,47.226997,-1.531421,44109000BX0265
2023-03-03,36 RUE DU CASTERNEAU,44000.0,butas,66.0,3.0,2,220000.0,3333.0,337.0,47.226997,-1.531421,44109000BX0265
2025-03-24,36 RUE DU CASTERNEAU,44000.0,butas,49.0,2.0,1,134000.0,2735.0,337.0,47.226997,-1.531421,44109000BX0265
2021-08-24,36 RUE DU CASTERNEAU,44000.0,butas,75.0,4.0,1,328150.0,4375.0,337.0,47.226997,-1.531421,44109000BX0265
2023-02-08,36 RUE DU CASTERNEAU,44000.0,butas,52.0,2.0,1,195000.0,3750.0,337.0,47.226997,-1.531421,44109000BX0265
2025-10-28,36 RUE DU CASTERNEAU,44000.0,butas,73.0,3.0,2,220000.0,3014.0,337.0,47.226997,-1.531421,44109000BX0265
2021-02-16,36 RUE DU CASTERNEAU,44000.0,butas,67.0,1.0,1,230000.0,3433.0,337.0,47.226997,-1.531421,44109000BX0265
2022-06-13,36 RUE DU CASTERNEAU,44000.0,butas,51.0,2.0,1,200000.0,3922.0,337.0,47.226997,-1.531421,44109000BX0265
2024-11-01,36 RUE DU CASTERNEAU,44000.0,butas,49.0,2.0,1,165000.0,3367.0,337.0,47.226997,-1.531421,44109000BX0265
2023-11-23,36 RUE DU CASTERNEAU,44000.0,butas,73.0,3.0,2,280000.0,3836.0,337.0,47.226997,-1.531421,44109000BX0265
2022-06-27,10 RUE BELLIER,44000.0,namas,217.0,8.0,1,830000.0,3825.0,339.0,47.222021,-1.526459,44109000CI0434
2024-08-05,13 AV JACQUES LAMBERT,44000.0,namas,120.0,5.0,0,639900.0,5332.0,340.0,47.222687,-1.52512,44109000CI0382
2023-08-31,8 AV DU PETIT PARC,44000.0,namas,100.0,3.0,0,495000.0,4950.0,340.0,47.22254,-1.525329,44109000CI0379
2021-12-22,42 RUE DU CASTERNEAU,44000.0,butas,52.0,3.0,1,183000.0,3519.0,341.0,47.226876,-1.531672,44109000BX0266
2024-08-21,36 RUE DES CHALATRES,44000.0,butas,63.0,4.0,1,130100.0,2065.0,341.0,47.226876,-1.531672,44109000BX0266
2021-09-01,42 RUE DU CASTERNEAU,44000.0,butas,63.0,4.0,1,216000.0,3429.0,341.0,47.226876,-1.531672,44109000BX0266
2021-05-26,42 RUE DU CASTERNEAU,44000.0,butas,63.0,4.0,0,218000.0,3460.0,341.0,47.226876,-1.531672,44109000BX0266
2022-09-13,40 RUE DU CASTERNEAU,44000.0,butas,40.0,2.0,1,147000.0,3675.0,341.0,47.226876,-1.531672,44109000BX0266
2025-04-22,42 RUE DU CASTERNEAU,44000.0,butas,51.0,3.0,1,141000.0,2765.0,341.0,47.226876,-1.531672,44109000BX0266
2022-07-20,42 RUE DU CASTERNEAU,44000.0,butas,63.0,4.0,1,200000.0,3175.0,341.0,47.226876,-1.531672,44109000BX0266
2024-06-27,40 RUE DU CASTERNEAU,44000.0,butas,54.0,3.0,1,170000.0,3148.0,341.0,47.226876,-1.531672,44109000BX0266
2021-01-28,36 RUE DES CHALATRES,44000.0,butas,64.0,4.0,1,175000.0,2734.0,341.0,47.226876,-1.531672,44109000BX0266
2023-12-28,40 RUE DU CASTERNEAU,44000.0,butas,54.0,3.0,1,120000.0,2222.0,341.0,47.226876,-1.531672,44109000BX0266
2023-04-13,3 RUE DU GUE ROBERT,44000.0,butas,32.0,2.0,1,149000.0,4656.0,345.0,47.221889,-1.530142,44109000CH0525
2022-07-22,3 RUE DU GUE ROBERT,44000.0,butas,40.0,2.0,0,142000.0,3550.0,345.0,47.221889,-1.530142,44109000CH0525
2022-12-16,39 RUE D ALLONVILLE,44000.0,namas,100.0,5.0,0,652000.0,6520.0,347.0,47.223482,-1.532607,44109000CH0202
2022-07-04,4 AV DU PETIT PARC,44000.0,namas,103.0,7.0,0,487000.0,4728.0,348.0,47.222414,-1.525369,44109000CI0377
2021-07-13,6 RUE DE LA GYMNASTIQUE,44000.0,butas,42.0,2.0,0,123637.24,2944.0,349.0,47.221722,-1.52958,44109000CH0551
2025-01-31,5 RUE DU GUE ROBERT,44000.0,namas,110.0,5.0,1,550000.0,5000.0,349.0,47.221806,-1.529992,44109000CH0524
2024-01-08,4 AV JACQUES LAMBERT,44000.0,namas,41.0,2.0,1,244050.0,5952.0,349.0,47.222894,-1.52471,44109000CI0393
2021-09-28,8 RUE BELLIER,44000.0,butas,64.0,3.0,2,257000.0,4016.0,350.0,47.22202,-1.526142,44109000CI0433
2023-12-19,8 RUE BELLIER,44000.0,butas,47.0,2.0,1,140000.0,2979.0,350.0,47.22202,-1.526142,44109000CI0433
2021-10-27,8 RUE BELLIER,44000.0,butas,50.0,2.0,1,143500.0,2870.0,350.0,47.22202,-1.526142,44109000CI0433
2022-08-04,8 RUE BELLIER,44000.0,butas,63.0,3.0,1,230000.0,3651.0,350.0,47.22202,-1.526142,44109000CI0433
2024-12-11,8 RUE BELLIER,44000.0,butas,63.0,3.0,1,230000.0,3651.0,350.0,47.22202,-1.526142,44109000CI0433
2021-04-12,8 RUE BELLIER,44000.0,butas,58.0,3.0,1,194250.0,3349.0,350.0,47.22202,-1.526142,44109000CI0433
2025-03-18,8 RUE BELLIER,44000.0,butas,29.0,1.0,0,103000.0,3552.0,350.0,47.22202,-1.526142,44109000CI0433
2025-02-21,20 RUE MARCEL HATET,44000.0,namas,115.0,5.0,0,481000.0,4183.0,354.0,47.223125,-1.532447,44109000CH0197
2023-02-23,20 RUE ROUGET DE LISLE,44000.0,namas,75.0,4.0,0,290000.0,3867.0,355.0,47.226533,-1.52452,44109000BW0357
2023-10-03,9 AV JACQUES LAMBERT,44000.0,namas,100.0,4.0,1,390000.0,3900.0,356.0,47.222642,-1.524897,44109000CI0385
2022-12-09,8 RUE DE LA GYMNASTIQUE,44000.0,namas,111.0,7.0,0,470500.0,4239.0,356.0,47.221655,-1.529581,44109000CH0552
2025-10-21,119 RUE FRANCIS DE PRESSENSE,44000.0,butas,14.0,1.0,0,42000.0,3000.0,357.0,47.221935,-1.530668,44109000CH0795
2023-08-29,119 RUE FRANCIS DE PRESSENSE,44000.0,butas,17.0,1.0,0,65000.0,3824.0,357.0,47.221935,-1.530668,44109000CH0795
2024-09-19,119 RUE FRANCIS DE PRESSENSE,44000.0,butas,22.0,1.0,0,115000.0,5227.0,357.0,47.221935,-1.530668,44109000CH0795
2022-03-29,119 RUE FRANCIS DE PRESSENSE,44000.0,butas,20.0,2.0,0,92000.0,4600.0,357.0,47.221935,-1.530668,44109000CH0795
2023-06-12,2 AV JACQUES LAMBERT,44000.0,namas,100.0,6.0,0,435000.0,4350.0,358.0,47.222878,-1.52458,44109000CI0392
2023-04-06,20 RUE ROUGET DE LISLE,44000.0,namas,60.0,3.0,1,260000.0,4333.0,358.0,47.226585,-1.524518,44109000BW0358
2025-09-02,1 RUE MARCEL HATET,44000.0,butas,32.0,2.0,0,101000.0,3156.0,360.0,47.222088,-1.531118,44109000CH0137
2022-02-04,38 RUE DES CHALATRES,44000.0,namas,81.0,4.0,1,400000.0,4938.0,360.0,47.22702,-1.531822,44109000BX0267
2022-07-21,13 RUE MARYSE GUERLAIS,44200.0,butas,61.0,3.0,1,280000.0,4590.0,361.0,47.225657,-1.533004,44109000CE0171
2023-08-31,5 RUE SIMONE IFF,44200.0,butas,63.0,3.0,1,314200.0,4987.0,361.0,47.225657,-1.533004,44109000CE0171
2022-12-19,7 RUE SIMONE IFF,44200.0,butas,32.0,1.0,0,153000.0,4781.0,361.0,47.225657,-1.533004,44109000CE0171
2025-12-31,11 RUE SIMONE IFF,44200.0,butas,62.0,3.0,1,300000.0,4839.0,361.0,47.225657,-1.533004,44109000CE0171
2025-08-07,13 RUE MARYSE GUERLAIS,44200.0,butas,63.0,3.0,1,270000.0,4286.0,361.0,47.225657,-1.533004,44109000CE0171
2021-10-29,5 RUE SIMONE IFF,44200.0,butas,42.0,2.0,1,213500.0,5083.0,361.0,47.225657,-1.533004,44109000CE0171
2025-07-02,11 RUE SIMONE IFF,44200.0,butas,84.0,4.0,0,411500.0,4899.0,361.0,47.225657,-1.533004,44109000CE0171
2022-12-30,3 RUE MARCEL HATET,44000.0,butas,30.0,1.0,0,115000.0,3833.0,362.0,47.222129,-1.531248,44109000CH0138
2021-08-31,3 RUE MARCEL HATET,44000.0,butas,25.0,1.0,0,105000.0,4200.0,362.0,47.222129,-1.531248,44109000CH0138
2025-06-30,10 RUE DE LA GYMNASTIQUE,44000.0,namas,138.0,5.0,1,352000.0,2551.0,363.0,47.221592,-1.529597,44109000CH0553
2022-06-09,9 RUE DU GUE ROBERT,44000.0,namas,101.0,5.0,0,720000.0,7129.0,364.0,47.221687,-1.530066,44109000CH0522
2025-01-17,41 RUE D ALLONVILLE,44000.0,butas,37.0,2.0,1,130000.0,3514.0,368.0,47.223395,-1.532863,44109000CH0757
2023-09-25,41 RUE D ALLONVILLE,44000.0,butas,20.0,1.0,1,127140.0,6357.0,368.0,47.223395,-1.532863,44109000CH0757
2021-07-07,26 RUE MARCEL HATET,44000.0,butas,23.0,1.0,1,133100.0,5787.0,368.0,47.223395,-1.532863,44109000CH0757
2022-02-18,41 RUE D ALLONVILLE,44000.0,butas,34.0,2.0,1,110000.0,3235.0,368.0,47.223395,-1.532863,44109000CH0757
2025-08-27,26 RUE MARCEL HATET,44000.0,butas,36.0,1.0,1,92400.0,2567.0,368.0,47.223395,-1.532863,44109000CH0757
2021-05-06,26 RUE MARCEL HATET,44000.0,butas,81.0,4.0,1,327000.0,4037.0,368.0,47.223395,-1.532863,44109000CH0757
2021-03-03,26 RUE MARCEL HATET,44000.0,butas,57.0,3.0,0,155000.0,2719.0,368.0,47.223395,-1.532863,44109000CH0757
2023-02-28,41 RUE D ALLONVILLE,44000.0,butas,20.0,1.0,1,70000.0,3500.0,368.0,47.223395,-1.532863,44109000CH0757
2021-05-05,41 RUE D ALLONVILLE,44000.0,butas,32.0,1.0,0,85000.0,2656.0,368.0,47.223395,-1.532863,44109000CH0757
2024-06-21,5 AV JACQUES LAMBERT,44000.0,namas,104.0,5.0,1,680000.0,6538.0,368.0,47.222614,-1.524722,44109000CI0387
2025-02-21,101 BD DE DOULON,44300.0,butas,70.0,3.0,2,200300.0,2861.0,369.0,47.226518,-1.524281,44109000BW0363
2024-09-18,101 BD DE DOULON,44300.0,butas,68.0,3.0,2,257900.0,3793.0,369.0,47.226518,-1.524281,44109000BW0363
2022-08-02,103 BD DE DOULON,44300.0,butas,83.0,4.0,2,285000.0,3434.0,369.0,47.226518,-1.524281,44109000BW0363
2021-12-23,103 BD DE DOULON,44300.0,butas,80.0,4.0,2,337000.0,4212.0,369.0,47.226518,-1.524281,44109000BW0363
2023-03-22,103 BD DE DOULON,44300.0,butas,68.0,3.0,2,219000.0,3221.0,369.0,47.226518,-1.524281,44109000BW0363
2023-05-30,103 BD DE DOULON,44300.0,butas,68.0,3.0,2,225000.0,3309.0,369.0,47.226518,-1.524281,44109000BW0363
2021-06-30,7 RUE MARCEL HATET,44000.0,namas,137.0,6.0,1,578000.0,4219.0,371.0,47.222154,-1.531489,44109000CH0140
2025-06-27,11 RUE EDMOND ROSTAND,44000.0,namas,67.0,2.0,1,390000.0,5821.0,373.0,47.221406,-1.528451,44109000CH0730
2025-04-30,21 RUE MARCEL HATET,44000.0,butas,62.0,3.0,2,208400.0,3361.0,373.0,47.222575,-1.532157,44109000CH0148
2025-04-30,8 RUE DE LA VILLE EN PIERRE,44000.0,butas,25.0,1.0,0,80000.0,3200.0,375.0,47.225868,-1.523743,44109000BW0484
2024-05-28,8 RUE DE LA VILLE EN PIERRE,44000.0,butas,100.0,4.0,0,297000.0,2970.0,375.0,47.225868,-1.523743,44109000BW0484
2024-12-31,89 BD ERNEST DALBY,44000.0,butas,19.0,1.0,0,68500.0,3605.0,376.0,47.221762,-1.530714,44109000CH0469
2022-07-05,89 BD ERNEST DALBY,44000.0,butas,34.0,2.0,0,122560.0,3605.0,376.0,47.221762,-1.530714,44109000CH0469
2024-02-19,89 BD ERNEST DALBY,44000.0,butas,47.0,2.0,0,146000.0,3106.0,376.0,47.221762,-1.530714,44109000CH0469
2021-12-15,89 BD ERNEST DALBY,44000.0,butas,53.0,2.0,1,180000.0,3396.0,376.0,47.221762,-1.530714,44109000CH0469
2023-05-17,11 RUE DU CASTERNEAU,44000.0,butas,56.0,3.0,2,164000.0,2929.0,377.0,47.228121,-1.527839,44109000BW0080
2022-07-21,9 RUE DU CASTERNEAU,44000.0,butas,67.0,4.0,2,130000.0,1940.0,377.0,47.228121,-1.527839,44109000BW0080
2022-09-26,11 RUE DU CASTERNEAU,44000.0,butas,56.0,3.0,2,209000.0,3732.0,377.0,47.228121,-1.527839,44109000BW0080
2025-06-04,13 RUE DU CASTERNEAU,44000.0,butas,68.0,4.0,2,192000.0,2824.0,377.0,47.228121,-1.527839,44109000BW0080
2024-08-28,104 BD ERNEST DALBY,44000.0,butas,98.0,5.0,2,417000.0,4255.0,377.0,47.221999,-1.531325,44109000CH0135
2021-09-13,13 RUE DU CASTERNEAU,44000.0,butas,66.0,4.0,2,239500.0,3629.0,377.0,47.228121,-1.527839,44109000BW0080
2023-07-10,7 RUE DU CASTERNEAU,44000.0,butas,39.0,2.0,2,120000.0,3077.0,377.0,47.228121,-1.527839,44109000BW0080
2024-06-28,11 RUE DES TROIS ROIS,44000.0,butas,46.0,2.0,2,100000.0,2174.0,377.0,47.228121,-1.527839,44109000BW0080
2021-10-13,13 RUE DES TROIS ROIS,44000.0,butas,67.0,4.0,2,187000.0,2791.0,377.0,47.228121,-1.527839,44109000BW0080
2023-12-29,7 RUE DU CASTERNEAU,44000.0,butas,40.0,2.0,2,110000.0,2750.0,377.0,47.228121,-1.527839,44109000BW0080
2021-02-03,7 RUE DU CASTERNEAU,44000.0,butas,67.0,4.0,1,175000.0,2612.0,377.0,47.228121,-1.527839,44109000BW0080
2021-05-10,14 BD ERNEST DALBY,44000.0,butas,68.0,4.0,1,194000.0,2853.0,377.0,47.228121,-1.527839,44109000BW0080
2021-04-22,9 RUE DES TROIS ROIS,44000.0,butas,67.0,4.0,1,215000.0,3209.0,377.0,47.228121,-1.527839,44109000BW0080
2022-07-19,9 RUE DU CASTERNEAU,44000.0,butas,66.0,3.0,2,232000.0,3515.0,377.0,47.228121,-1.527839,44109000BW0080
2025-07-24,9 RUE DU CASTERNEAU,44000.0,butas,67.0,4.0,2,220000.0,3284.0,377.0,47.228121,-1.527839,44109000BW0080
2023-08-04,11 RUE DES TROIS ROIS,44000.0,butas,68.0,4.0,2,210000.0,3088.0,377.0,47.228121,-1.527839,44109000BW0080
2022-02-28,9 RUE DES TROIS ROIS,44000.0,butas,68.0,4.0,2,218000.0,3206.0,377.0,47.228121,-1.527839,44109000BW0080
2025-08-21,104 BD ERNEST DALBY,44000.0,butas,95.0,4.0,1,383000.0,4032.0,377.0,47.221999,-1.531325,44109000CH0135
2022-10-05,11 RUE DES TROIS ROIS,44000.0,butas,46.0,2.0,2,141489.0,3076.0,377.0,47.228121,-1.527839,44109000BW0080
2022-10-21,11 RUE DES TROIS ROIS,44000.0,butas,82.0,5.0,2,260000.0,3171.0,377.0,47.228121,-1.527839,44109000BW0080
2021-01-26,13 RUE DES TROIS ROIS,44000.0,butas,67.0,4.0,0,190000.0,2836.0,377.0,47.228121,-1.527839,44109000BW0080
2021-07-26,9 RUE DU CASTERNEAU,44000.0,butas,70.0,4.0,2,190000.0,2714.0,377.0,47.228121,-1.527839,44109000BW0080
2022-02-15,11 RUE DES TROIS ROIS,44000.0,butas,68.0,4.0,2,200000.0,2941.0,377.0,47.228121,-1.527839,44109000BW0080
2023-06-16,11 RUE DES TROIS ROIS,44000.0,butas,45.0,2.0,2,150000.0,3333.0,377.0,47.228121,-1.527839,44109000BW0080
2022-11-22,7 RUE DU CASTERNEAU,44000.0,butas,40.0,2.0,2,135514.0,3388.0,377.0,47.228121,-1.527839,44109000BW0080
2021-09-15,11 RUE DES TROIS ROIS,44000.0,butas,67.0,4.0,2,185000.0,2761.0,377.0,47.228121,-1.527839,44109000BW0080
2024-03-04,9 RUE DU CASTERNEAU,44000.0,butas,67.0,4.0,2,192500.0,2873.0,377.0,47.228121,-1.527839,44109000BW0080
2024-08-19,13 RUE DU CASTERNEAU,44000.0,butas,68.0,4.0,2,130000.0,1912.0,377.0,47.228121,-1.527839,44109000BW0080
2022-02-28,11 RUE DES TROIS ROIS,44000.0,butas,82.0,5.0,2,260000.0,3171.0,377.0,47.228121,-1.527839,44109000BW0080
2024-03-22,38 RUE FRANCIS DE PRESSENSE,44000.0,namas,180.0,7.0,1,789000.0,4383.0,379.0,47.223937,-1.52355,44109000CI0109
2025-05-06,33 RUE PIERRE ET MARIE CURIE,44000.0,namas,149.0,5.0,1,440000.0,2953.0,381.0,47.223485,-1.523742,44109000CI0780
2025-04-07,2 RUE PIERRE ET MARIE CURIE,44000.0,butas,52.0,2.0,0,146000.0,2808.0,382.0,47.225177,-1.523411,44109000CI0768
2022-11-08,42 RUE DES CHALATRES,44000.0,namas,70.0,3.0,1,440000.0,6286.0,383.0,47.227331,-1.531792,44109000BX0274
2023-05-12,13 RUE PIERRE ET MARIE CURIE,44000.0,butas,67.0,3.0,1,255182.2,3809.0,384.0,47.224751,-1.523339,44109000CI0079
2023-08-22,13 RUE PIERRE ET MARIE CURIE,44000.0,butas,34.0,1.0,1,135000.0,3971.0,384.0,47.224751,-1.523339,44109000CI0079
2023-07-19,13 RUE PIERRE ET MARIE CURIE,44000.0,butas,38.0,2.0,1,170000.0,4474.0,384.0,47.224751,-1.523339,44109000CI0079
2025-01-27,13 RUE PIERRE ET MARIE CURIE,44000.0,butas,34.0,1.0,1,165000.0,4853.0,384.0,47.224751,-1.523339,44109000CI0079
2023-10-23,42 RUE DES CHALATRES,44000.0,namas,91.0,5.0,1,490000.0,5385.0,385.0,47.227411,-1.531693,44109000BX0273
2022-08-24,23 RUE DES CHALATRES,44000.0,butas,68.0,4.0,1,205000.0,3015.0,386.0,47.226605,-1.532734,44109000CE0122
2021-11-29,12 RUE DU GUE ROBERT,44000.0,butas,37.0,2.0,1,185160.0,5004.0,386.0,47.221606,-1.530564,44109000CH0471
2022-06-08,29 RUE DES CHALATRES,44000.0,butas,42.0,2.0,1,141150.0,3361.0,386.0,47.226605,-1.532734,44109000CE0122
2023-07-05,1 RUE DE LA MITRIE,44000.0,butas,70.0,4.0,1,205000.0,2929.0,386.0,47.226605,-1.532734,44109000CE0122
2025-11-14,3 RUE DE LA MITRIE,44000.0,butas,63.0,3.0,1,110000.0,1746.0,386.0,47.226605,-1.532734,44109000CE0122
2023-01-09,29 RUE DES CHALATRES,44000.0,butas,40.0,2.0,1,140100.0,3502.0,386.0,47.226605,-1.532734,44109000CE0122
2025-02-07,1 RUE DE LA MITRIE,44000.0,butas,60.0,3.0,1,165000.0,2750.0,386.0,47.226605,-1.532734,44109000CE0122
2024-12-18,29 RUE DES CHALATRES,44000.0,butas,60.0,3.0,1,125000.0,2083.0,386.0,47.226605,-1.532734,44109000CE0122
2024-07-04,12 RUE DU GUE ROBERT,44000.0,butas,62.0,3.0,1,210000.0,3387.0,386.0,47.221606,-1.530564,44109000CH0471
2022-07-01,25 RUE DES CHALATRES,44000.0,butas,60.0,3.0,1,173000.0,2883.0,386.0,47.226605,-1.532734,44109000CE0122
2024-11-26,1 RUE DE LA MITRIE,44000.0,butas,60.0,3.0,1,150000.0,2500.0,386.0,47.226605,-1.532734,44109000CE0122
2025-02-14,29 RUE DES CHALATRES,44000.0,butas,39.0,2.0,1,144000.0,3692.0,386.0,47.226605,-1.532734,44109000CE0122
2021-09-13,1 RUE DE LA MITRIE,44000.0,butas,57.0,3.0,1,77550.0,1361.0,386.0,47.226605,-1.532734,44109000CE0122
2021-07-23,25 RUE DES CHALATRES,44000.0,butas,60.0,3.0,1,143000.0,2383.0,386.0,47.226605,-1.532734,44109000CE0122
2023-06-05,29 RUE DES CHALATRES,44000.0,butas,67.0,4.0,2,235000.0,3507.0,386.0,47.226605,-1.532734,44109000CE0122
2025-09-24,27 RUE DES CHALATRES,44000.0,butas,70.0,4.0,2,171500.0,2450.0,386.0,47.226605,-1.532734,44109000CE0122
2022-04-25,25 RUE DES CHALATRES,44000.0,butas,70.0,4.0,2,165258.22,2361.0,386.0,47.226605,-1.532734,44109000CE0122
2025-09-22,25 RUE DES CHALATRES,44000.0,butas,70.0,4.0,1,168500.0,2407.0,386.0,47.226605,-1.532734,44109000CE0122
2024-02-06,25 RUE DES CHALATRES,44000.0,butas,62.0,4.0,1,172000.0,2774.0,386.0,47.226605,-1.532734,44109000CE0122
2024-03-28,27 RUE DES CHALATRES,44000.0,butas,66.0,4.0,1,165000.0,2500.0,386.0,47.226605,-1.532734,44109000CE0122
2022-04-05,27 RUE DES CHALATRES,44000.0,butas,60.0,3.0,1,180000.0,3000.0,386.0,47.226605,-1.532734,44109000CE0122
2025-04-18,23 RUE DES CHALATRES,44000.0,butas,63.0,4.0,2,179400.0,2848.0,386.0,47.226605,-1.532734,44109000CE0122
2023-05-12,27 RUE DES CHALATRES,44000.0,butas,70.0,4.0,2,130000.0,1857.0,386.0,47.226605,-1.532734,44109000CE0122
2025-10-20,29 RUE DES CHALATRES,44000.0,butas,67.0,4.0,1,160000.0,2388.0,386.0,47.226605,-1.532734,44109000CE0122
2021-10-07,91 BD ERNEST DALBY,44000.0,butas,32.0,1.0,0,110000.0,3438.0,387.0,47.221677,-1.530795,44109000CH0470
2024-04-15,91 BD ERNEST DALBY,44000.0,butas,39.0,2.0,0,37100.0,951.0,387.0,47.221677,-1.530795,44109000CH0470
2022-08-22,91 BD ERNEST DALBY,44000.0,butas,32.0,1.0,0,120266.0,3758.0,387.0,47.221677,-1.530795,44109000CH0470
2023-06-16,2 RUE GAL LE FLO,44000.0,butas,64.0,3.0,0,145000.0,2266.0,388.0,47.222179,-1.524962,44109000CI0370
2023-07-31,2 RUE GAL LE FLO,44000.0,butas,44.0,2.0,0,122000.0,2773.0,388.0,47.222179,-1.524962,44109000CI0370
2023-08-08,31 RUE FRANCIS DE PRESSENSE,44000.0,namas,124.0,4.0,1,630000.0,5081.0,388.0,47.223584,-1.523595,44109000CI0401
2021-06-11,2 RUE GAL LE FLO,44000.0,butas,56.0,2.0,1,240000.0,4286.0,388.0,47.222179,-1.524962,44109000CI0370
2023-08-30,2 RUE GAL LE FLO,44000.0,butas,66.0,3.0,0,153500.0,2326.0,388.0,47.222179,-1.524962,44109000CI0370
2023-01-31,2 RUE GAL LE FLO,44000.0,butas,37.0,2.0,0,106000.0,2865.0,388.0,47.222179,-1.524962,44109000CI0370
2023-01-05,2 RUE GAL LE FLO,44000.0,butas,36.0,2.0,0,115000.0,3194.0,388.0,47.222179,-1.524962,44109000CI0370
2022-10-25,95 BD DE DOULON,44300.0,butas,65.0,3.0,1,280000.0,4308.0,392.0,47.226287,-1.523749,44109000BW0365
2025-12-03,95 BD DE DOULON,44300.0,butas,60.0,3.0,1,203000.0,3383.0,392.0,47.226287,-1.523749,44109000BW0365
2025-03-13,10 BD ERNEST DALBY,44000.0,butas,50.0,2.0,2,110000.0,2200.0,394.0,47.228198,-1.527216,44109000BW0076
2023-09-21,10 BD ERNEST DALBY,44000.0,butas,50.0,2.0,2,140000.0,2800.0,394.0,47.228198,-1.527216,44109000BW0076
2024-08-09,10 BD ERNEST DALBY,44000.0,butas,50.0,2.0,2,113000.0,2260.0,394.0,47.228198,-1.527216,44109000BW0076
2021-08-04,12 RUE DU GUE ROBERT,44000.0,namas,110.0,5.0,0,495000.0,4500.0,396.0,47.221514,-1.530573,44109000CH0793
2025-12-11,93 BD ERNEST DALBY,44000.0,butas,30.0,2.0,1,105000.0,3500.0,399.0,47.221571,-1.530846,44109000CH0794
2022-04-29,30 RUE FRANCIS DE PRESSENSE,44000.0,butas,39.0,2.0,1,220000.0,5641.0,405.0,47.22418,-1.523135,44109000CI0100
2022-10-12,30 RUE FRANCIS DE PRESSENSE,44000.0,namas,67.0,2.0,1,410000.0,6119.0,405.0,47.22418,-1.523135,44109000CI0100
2021-08-24,13 RUE MARGUERITE LE MEIGNEN,44000.0,butas,61.0,4.0,1,320000.0,5246.0,408.0,47.223042,-1.523653,44109000CI0357
2024-10-02,95 BD ERNEST DALBY,44000.0,butas,14.0,1.0,1,44000.0,3143.0,409.0,47.221466,-1.53083,44109000CH0473
2022-09-23,95 BD ERNEST DALBY,44000.0,butas,44.0,2.0,1,142500.0,3239.0,409.0,47.221466,-1.53083,44109000CH0473
2022-06-29,95 BD ERNEST DALBY,44000.0,butas,20.0,1.0,1,94000.0,4700.0,409.0,47.221466,-1.53083,44109000CH0473
2022-09-26,95 BD ERNEST DALBY,44000.0,butas,20.0,1.0,1,62000.0,3100.0,409.0,47.221466,-1.53083,44109000CH0473
2021-10-29,95 BD ERNEST DALBY,44000.0,butas,18.0,1.0,1,72300.0,4017.0,409.0,47.221466,-1.53083,44109000CH0473
2021-07-29,95 BD ERNEST DALBY,44000.0,butas,35.0,2.0,1,98000.0,2800.0,409.0,47.221466,-1.53083,44109000CH0473
2022-02-02,95 BD ERNEST DALBY,44000.0,butas,20.0,1.0,1,70000.0,3500.0,409.0,47.221466,-1.53083,44109000CH0473
2022-01-21,95 BD ERNEST DALBY,44000.0,butas,18.0,1.0,1,97000.0,5389.0,409.0,47.221466,-1.53083,44109000CH0473
2024-07-16,95 BD ERNEST DALBY,44000.0,butas,20.0,1.0,1,89000.0,4450.0,409.0,47.221466,-1.53083,44109000CH0473
2021-09-17,19 RUE DU GUE ROBERT,44000.0,namas,152.0,8.0,1,620000.0,4079.0,412.0,47.221167,-1.529728,44109000CH0515
2023-06-30,48 RUE DES CHALATRES,44000.0,namas,63.0,3.0,0,500000.0,7937.0,413.0,47.227542,-1.532023,44109000BX0703
2022-10-28,17 RUE MARGUERITE LE MEIGNEN,44000.0,butas,47.0,2.0,1,182000.0,3872.0,416.0,47.222888,-1.523652,44109000CI0359
2025-10-06,17 RUE MARGUERITE LE MEIGNEN,44000.0,butas,49.0,2.0,1,200000.0,4082.0,416.0,47.222888,-1.523652,44109000CI0359
2025-10-23,9 RUE PIERRE ET MARIE CURIE,44000.0,namas,99.0,4.0,0,440000.0,4444.0,419.0,47.22464,-1.522876,44109000CI0082
2024-12-31,25 RUE MARCEL HATET,44000.0,butas,27.0,1.0,1,122500.0,4537.0,421.0,47.223,-1.533356,44109000CH0193
2022-03-22,25 RUE MARCEL HATET,44000.0,butas,34.0,1.0,0,120000.0,3529.0,421.0,47.223,-1.533356,44109000CH0193
2022-01-04,25 RUE MARCEL HATET,44000.0,butas,27.0,1.0,0,130000.0,4815.0,421.0,47.223,-1.533356,44109000CH0193
2024-07-02,25 RUE MARCEL HATET,44000.0,butas,59.0,3.0,1,219900.0,3727.0,421.0,47.223,-1.533356,44109000CH0193
2023-09-20,25 RUE MARCEL HATET,44000.0,butas,64.0,3.0,1,230000.0,3594.0,421.0,47.223,-1.533356,44109000CH0193
2021-05-10,12 RUE DES STOCKS,44000.0,butas,59.0,3.0,1,220000.0,3729.0,421.0,47.222021,-1.532268,44109000CH0876
2025-07-04,25 RUE MARCEL HATET,44000.0,butas,94.0,4.0,1,400000.0,4255.0,421.0,47.223,-1.533356,44109000CH0193
2023-06-16,12 RUE DES STOCKS,44000.0,butas,39.0,2.0,1,180800.0,4636.0,421.0,47.222021,-1.532268,44109000CH0876
2022-05-24,25 RUE MARCEL HATET,44000.0,butas,27.0,1.0,0,125571.0,4651.0,421.0,47.223,-1.533356,44109000CH0193
2021-12-23,25 RUE MARCEL HATET,44000.0,butas,47.0,2.0,1,151000.0,3213.0,421.0,47.223,-1.533356,44109000CH0193
2021-06-30,12 RUE DES STOCKS,44000.0,butas,98.0,4.0,2,352000.0,3592.0,421.0,47.222021,-1.532268,44109000CH0876
2021-07-08,25 RUE MARCEL HATET,44000.0,butas,45.0,2.0,1,176000.0,3911.0,421.0,47.223,-1.533356,44109000CH0193
2025-01-24,25 RUE MARCEL HATET,44000.0,butas,26.0,1.0,1,116000.0,4462.0,421.0,47.223,-1.533356,44109000CH0193
2024-01-18,25 RUE MARCEL HATET,44000.0,butas,49.0,2.0,1,180100.0,3676.0,421.0,47.223,-1.533356,44109000CH0193
2021-02-22,25 RUE MARCEL HATET,44000.0,butas,64.0,3.0,1,225000.0,3516.0,421.0,47.223,-1.533356,44109000CH0193
2025-10-22,25 RUE MARCEL HATET,44000.0,butas,37.0,2.0,1,139000.0,3757.0,421.0,47.223,-1.533356,44109000CH0193
2023-11-21,8 IMP DE LA CALYPSO,44000.0,butas,65.0,3.0,1,220000.0,3385.0,422.0,47.222607,-1.533021,44109000CH0764
2022-04-08,3 IMP DE LA CALYPSO,44000.0,butas,65.0,3.0,1,180000.0,2769.0,422.0,47.222607,-1.533021,44109000CH0764
2023-11-09,23 RUE MARCEL HATET,44000.0,butas,98.0,5.0,2,330000.0,3367.0,422.0,47.222607,-1.533021,44109000CH0764
2022-11-09,49 RUE D ALLONVILLE,44000.0,butas,19.0,1.0,0,78480.0,4131.0,422.0,47.222607,-1.533021,44109000CH0764
2021-08-18,2 IMP DE LA CALYPSO,44000.0,butas,69.0,3.0,2,110000.0,1594.0,422.0,47.222607,-1.533021,44109000CH0764
2025-02-17,23 RUE MARCEL HATET,44000.0,butas,69.0,3.0,2,174000.0,2522.0,422.0,47.222607,-1.533021,44109000CH0764
2022-09-27,8 IMP DE LA CALYPSO,44000.0,butas,65.0,3.0,1,250000.0,3846.0,422.0,47.222607,-1.533021,44109000CH0764
2025-03-04,5 IMP DE LA CALYPSO,44000.0,butas,71.0,3.0,1,180000.0,2535.0,422.0,47.222607,-1.533021,44109000CH0764
2022-11-28,2 IMP DE LA CALYPSO,44000.0,butas,46.0,2.0,1,150000.0,3261.0,422.0,47.222607,-1.533021,44109000CH0764
2024-09-27,4 IMP DE LA CALYPSO,44000.0,butas,64.0,3.0,2,210000.0,3281.0,422.0,47.222607,-1.533021,44109000CH0764
2022-05-13,4 IMP DE LA CALYPSO,44000.0,butas,49.0,2.0,1,175000.0,3571.0,422.0,47.222607,-1.533021,44109000CH0764
2024-03-11,1 IMP DE LA CALYPSO,44000.0,butas,46.0,2.0,1,152500.0,3315.0,422.0,47.222607,-1.533021,44109000CH0764
2022-06-21,3 IMP DE LA CALYPSO,44000.0,butas,48.0,2.0,1,182000.0,3792.0,422.0,47.222607,-1.533021,44109000CH0764
2024-02-07,4 IMP DE LA CALYPSO,44000.0,butas,88.0,4.0,2,265000.0,3011.0,422.0,47.222607,-1.533021,44109000CH0764
2025-05-06,4 IMP DE LA CALYPSO,44000.0,butas,46.0,2.0,1,134200.0,2917.0,422.0,47.222607,-1.533021,44109000CH0764
2022-08-22,1 IMP DE LA CALYPSO,44000.0,butas,67.0,3.0,1,250000.0,3731.0,422.0,47.222607,-1.533021,44109000CH0764
2025-04-11,3 IMP DE LA CALYPSO,44000.0,butas,49.0,2.0,1,175900.0,3590.0,422.0,47.222607,-1.533021,44109000CH0764
2024-07-11,4 IMP DE LA CALYPSO,44000.0,butas,88.0,4.0,1,240000.0,2727.0,422.0,47.222607,-1.533021,44109000CH0764
2024-07-18,3 IMP DE LA CALYPSO,44000.0,butas,69.0,3.0,1,240000.0,3478.0,422.0,47.222607,-1.533021,44109000CH0764
2025-06-25,5 IMP DE LA CALYPSO,44000.0,butas,67.0,3.0,1,180000.0,2687.0,422.0,47.222607,-1.533021,44109000CH0764
2022-08-18,3 IMP DE LA CALYPSO,44000.0,butas,71.0,3.0,1,248500.0,3500.0,422.0,47.222607,-1.533021,44109000CH0764
2022-09-19,3 IMP DE LA CALYPSO,44000.0,butas,64.0,3.0,1,140000.0,2188.0,422.0,47.222607,-1.533021,44109000CH0764
2021-06-04,2 IMP DE LA CALYPSO,44000.0,butas,71.0,3.0,2,190000.0,2676.0,422.0,47.222607,-1.533021,44109000CH0764
2022-09-12,3 IMP DE LA CALYPSO,44000.0,butas,46.0,2.0,0,147000.0,3196.0,422.0,47.222607,-1.533021,44109000CH0764
2025-06-11,6 IMP DE LA CALYPSO,44000.0,butas,56.0,2.0,1,185100.0,3305.0,422.0,47.222607,-1.533021,44109000CH0764
2021-08-02,49 RUE D ALLONVILLE,44000.0,butas,31.0,2.0,1,129581.0,4180.0,422.0,47.222607,-1.533021,44109000CH0764
2021-09-15,4 IMP DE LA CALYPSO,44000.0,butas,69.0,3.0,2,237068.0,3436.0,422.0,47.222607,-1.533021,44109000CH0764
2023-02-16,5 IMP DE LA CALYPSO,44000.0,butas,45.0,2.0,0,173000.0,3844.0,422.0,47.222607,-1.533021,44109000CH0764
2023-02-28,23 RUE MARCEL HATET,44000.0,butas,98.0,5.0,2,320000.0,3265.0,422.0,47.222607,-1.533021,44109000CH0764
2022-06-07,3 IMP DE LA CALYPSO,44000.0,butas,69.0,3.0,1,230000.0,3333.0,422.0,47.222607,-1.533021,44109000CH0764
2024-07-02,3 IMP DE LA CALYPSO,44000.0,butas,48.0,2.0,1,162550.0,3386.0,422.0,47.222607,-1.533021,44109000CH0764
2024-06-18,1 IMP DE LA CALYPSO,44000.0,butas,46.0,2.0,1,149000.0,3239.0,422.0,47.222607,-1.533021,44109000CH0764
2024-06-12,5 IMP DE LA CALYPSO,44000.0,butas,71.0,3.0,1,190000.0,2676.0,422.0,47.222607,-1.533021,44109000CH0764
2024-05-24,2 IMP DE LA CALYPSO,44000.0,butas,71.0,3.0,2,195000.0,2746.0,422.0,47.222607,-1.533021,44109000CH0764
2023-08-11,49 RUE D ALLONVILLE,44000.0,butas,63.0,3.0,2,260000.0,4127.0,422.0,47.222607,-1.533021,44109000CH0764
2023-08-03,5 IMP DE LA CALYPSO,44000.0,butas,46.0,2.0,1,165000.0,3587.0,422.0,47.222607,-1.533021,44109000CH0764
2022-08-12,2 IMP DE LA CALYPSO,44000.0,butas,69.0,3.0,2,238150.0,3451.0,422.0,47.222607,-1.533021,44109000CH0764
2021-08-10,3 IMP DE LA CALYPSO,44000.0,butas,71.0,3.0,1,300000.0,4225.0,422.0,47.222607,-1.533021,44109000CH0764
2022-08-29,23 RUE MARCEL HATET,44000.0,butas,64.0,3.0,2,255000.0,3984.0,422.0,47.222607,-1.533021,44109000CH0764
2024-03-28,49 RUE D ALLONVILLE,44000.0,butas,31.0,2.0,2,136000.0,4387.0,422.0,47.222607,-1.533021,44109000CH0764
2023-11-23,3 IMP DE LA CALYPSO,44000.0,butas,32.0,1.0,0,87000.0,2719.0,422.0,47.222607,-1.533021,44109000CH0764
2025-02-14,1 IMP DE LA CALYPSO,44000.0,butas,71.0,3.0,1,196000.0,2761.0,422.0,47.222607,-1.533021,44109000CH0764
2022-08-26,5 IMP DE LA CALYPSO,44000.0,butas,67.0,3.0,1,245000.0,3657.0,422.0,47.222607,-1.533021,44109000CH0764
2021-08-27,1 IMP DE LA CALYPSO,44000.0,butas,71.0,3.0,1,260000.0,3662.0,422.0,47.222607,-1.533021,44109000CH0764
2025-11-28,8 IMP DE LA CALYPSO,44000.0,butas,65.0,3.0,1,190000.0,2923.0,422.0,47.222607,-1.533021,44109000CH0764
2023-11-27,3 IMP DE LA CALYPSO,44000.0,butas,49.0,2.0,1,160000.0,3265.0,422.0,47.222607,-1.533021,44109000CH0764
2023-12-12,2 IMP DE LA CALYPSO,44000.0,butas,46.0,2.0,1,180000.0,3913.0,422.0,47.222607,-1.533021,44109000CH0764
2025-07-28,1 IMP DE LA CALYPSO,44000.0,butas,54.0,2.0,1,164000.0,3037.0,422.0,47.222607,-1.533021,44109000CH0764
2025-08-29,49 RUE D ALLONVILLE,44000.0,butas,31.0,2.0,1,125100.0,4035.0,422.0,47.222607,-1.533021,44109000CH0764
2023-03-17,23 RUE MARCEL HATET,44000.0,butas,98.0,5.0,2,288000.0,2939.0,422.0,47.222607,-1.533021,44109000CH0764
2023-04-11,23 RUE MARCEL HATET,44000.0,butas,64.0,3.0,2,262000.0,4094.0,422.0,47.222607,-1.533021,44109000CH0764
2023-10-03,10 IMP DE LA CALYPSO,44000.0,butas,72.0,3.0,1,190000.0,2639.0,422.0,47.222607,-1.533021,44109000CH0764
2023-10-23,23 RUE MARCEL HATET,44000.0,butas,98.0,5.0,2,240000.0,2449.0,422.0,47.222607,-1.533021,44109000CH0764
2022-06-07,4 IMP DE LA CALYPSO,44000.0,butas,88.0,4.0,2,365000.0,4148.0,422.0,47.222607,-1.533021,44109000CH0764
2022-08-18,3 IMP DE LA CALYPSO,44000.0,butas,64.0,3.0,1,260500.0,4070.0,422.0,47.222607,-1.533021,44109000CH0764
2023-09-13,4 IMP DE LA CALYPSO,44000.0,butas,88.0,4.0,2,298750.0,3395.0,422.0,47.222607,-1.533021,44109000CH0764
2024-03-08,50 RUE DES CHALATRES,44000.0,namas,66.0,3.0,0,430000.0,6515.0,428.0,47.227554,-1.532305,44109000BX0281
2021-10-14,21 RUE DU GUE ROBERT,44000.0,butas,32.0,1.0,1,80000.0,2500.0,429.0,47.221052,-1.529995,44109000CH0514
2022-01-25,21 RUE DU GUE ROBERT,44000.0,butas,32.0,1.0,1,130000.0,4062.0,429.0,47.221052,-1.529995,44109000CH0514
2022-08-29,23 RUE EDMOND ROSTAND,44000.0,namas,118.0,4.0,0,534000.0,4525.0,431.0,47.220889,-1.5286,44109000CH0724
2025-03-31,50 RUE DES CHALATRES,44000.0,namas,84.0,3.0,1,240000.0,2857.0,432.0,47.227599,-1.532311,44109000BX0597
2025-07-22,134 BD DE DOULON,44300.0,namas,54.0,2.0,1,600000.0,11111.0,432.0,47.227967,-1.525217,44109000BW0157
2025-07-22,132 BD DE DOULON,44300.0,namas,76.0,4.0,1,500000.0,6579.0,432.0,47.227931,-1.525132,44109000BW0156
2023-01-23,106 BD DE DOULON,44300.0,namas,117.0,6.0,1,480000.0,4103.0,434.0,47.227028,-1.523759,44109000BW0133
2025-03-31,99 BD ERNEST DALBY,44000.0,butas,38.0,2.0,1,141000.0,3711.0,434.0,47.221197,-1.530756,44109000CH0478
2022-12-20,20 RUE DU GUE ROBERT,44000.0,butas,35.0,1.0,1,154600.0,4417.0,434.0,47.22113,-1.530513,44109000CH0479
2025-08-20,99 BD ERNEST DALBY,44000.0,butas,35.0,2.0,0,120410.0,3440.0,434.0,47.221197,-1.530756,44109000CH0478
2022-12-12,20 RUE DU GUE ROBERT,44000.0,butas,35.0,1.0,0,110000.0,3143.0,434.0,47.22113,-1.530513,44109000CH0479
2024-12-23,99 BD ERNEST DALBY,44000.0,butas,38.0,2.0,1,137000.0,3605.0,434.0,47.221197,-1.530756,44109000CH0478
2022-05-20,108 BD DE DOULON,44300.0,namas,144.0,6.0,1,874080.0,6070.0,436.0,47.22715,-1.523857,44109000BW0134
2025-07-22,130 BD DE DOULON,44300.0,namas,136.0,6.0,1,761000.0,5596.0,437.0,47.227917,-1.524997,44109000BW0155
2024-12-12,25 RUE EDMOND ROSTAND,44000.0,namas,90.0,5.0,1,450509.0,5006.0,440.0,47.220808,-1.528602,44109000CH0723
2023-03-14,92 BD DE DOULON,44300.0,butas,84.0,4.0,3,306000.0,3643.0,440.0,47.226614,-1.523283,44109000BW0129
2022-03-02,25 RUE EDMOND ROSTAND,44000.0,namas,90.0,5.0,1,450509.0,5006.0,440.0,47.220808,-1.528602,44109000CH0723
2021-11-24,92 BD DE DOULON,44300.0,butas,40.0,2.0,2,171000.0,4275.0,440.0,47.226614,-1.523283,44109000BW0129
2021-08-20,22 RUE EDMOND ROSTAND,44000.0,butas,50.0,3.0,1,145000.0,2900.0,441.0,47.220834,-1.529187,44109000CH0570
2022-08-26,2 AV MILLET,44000.0,butas,53.0,3.0,1,183500.0,3462.0,441.0,47.220834,-1.529187,44109000CH0570
2021-02-12,2 AV MILLET,44000.0,butas,58.0,4.0,0,205000.0,3534.0,441.0,47.220834,-1.529187,44109000CH0570
2024-03-20,2 AV MILLET,44000.0,butas,59.0,4.0,1,175000.0,2966.0,441.0,47.220834,-1.529187,44109000CH0570
2021-09-16,24 RUE EDMOND ROSTAND,44000.0,butas,64.0,3.0,0,259900.0,4061.0,441.0,47.220834,-1.529187,44109000CH0570
2024-12-30,23 RUE FRANCIS DE PRESSENSE,44000.0,namas,240.0,7.0,0,1403890.4,5850.0,441.0,47.223858,-1.522739,44109000CI0757
2022-06-14,22 RUE EDMOND ROSTAND,44000.0,butas,50.0,3.0,0,163370.0,3267.0,441.0,47.220834,-1.529187,44109000CH0570
2025-02-12,24 RUE EDMOND ROSTAND,44000.0,butas,66.0,4.0,1,190000.0,2879.0,441.0,47.220834,-1.529187,44109000CH0570
2025-01-03,5 BD DES POILUS,44300.0,namas,143.0,5.0,0,460000.0,3217.0,442.0,47.228585,-1.526886,44109000BW0087
2022-09-26,27 RUE EDMOND ROSTAND,44000.0,namas,72.0,4.0,1,420000.0,5833.0,445.0,47.22076,-1.52863,44109000CH0868
2024-06-14,56 RUE DES CHALATRES,44000.0,butas,45.0,2.0,2,130000.0,2889.0,447.0,47.22786,-1.532178,44109000BX0526
2021-04-06,7 BD DES POILUS,44300.0,namas,96.0,6.0,0,485000.0,5052.0,447.0,47.22865,-1.526947,44109000BW0084
2023-03-09,56 RUE DES CHALATRES,44000.0,butas,94.0,4.0,2,224250.0,2386.0,447.0,47.22786,-1.532178,44109000BX0526
2023-01-16,56 RUE DES CHALATRES,44000.0,butas,29.0,1.0,2,103100.0,3555.0,447.0,47.22786,-1.532178,44109000BX0526
2025-07-22,8 RUE CHARLES BATAILLE,44300.0,butas,64.0,4.0,1,275000.0,4297.0,447.0,47.22792,-1.524772,44109000BW0153
2024-07-12,56 RUE DES CHALATRES,44000.0,butas,22.0,1.0,2,97500.0,4432.0,447.0,47.22786,-1.532178,44109000BX0526
2023-12-01,56 RUE DES CHALATRES,44000.0,butas,45.0,2.0,2,152000.0,3378.0,447.0,47.22786,-1.532178,44109000BX0526
2025-07-22,8 RUE CHARLES BATAILLE,44300.0,butas,65.0,4.0,1,275000.0,4231.0,447.0,47.22792,-1.524772,44109000BW0153
2021-11-19,56 RUE DES CHALATRES,44000.0,butas,66.0,3.0,2,262000.0,3970.0,447.0,47.22786,-1.532178,44109000BX0526
2024-10-24,56 RUE DES CHALATRES,44000.0,butas,146.0,6.0,4,260000.0,1781.0,447.0,47.22786,-1.532178,44109000BX0526
2022-07-27,27 RUE EDMOND ROSTAND,44000.0,namas,100.0,4.0,0,490000.0,4900.0,451.0,47.220706,-1.528639,44109000CH0869
2023-01-27,9 RUE PARMENTIER,44300.0,namas,175.0,7.0,1,715000.0,4086.0,451.0,47.226865,-1.523327,44109000BW0127
2023-03-21,25 RUE DU GUE ROBERT,44000.0,namas,96.0,4.0,1,500000.0,5208.0,453.0,47.220847,-1.530085,44109000CH0615
2025-10-28,13 RUE PARMENTIER,44300.0,namas,71.0,4.0,1,330000.0,4648.0,455.0,47.227039,-1.523428,44109000BW0125
2022-08-24,6 RUE ARISTIDE HIGNARD,44000.0,namas,95.0,5.0,0,750000.0,7895.0,458.0,47.223168,-1.522835,44109000CI0342
2025-11-20,15 RUE PARMENTIER,44300.0,namas,120.0,4.0,1,438000.0,3650.0,462.0,47.227105,-1.523383,44109000BW0124
2021-02-27,14 RUE DES STOCKS,44000.0,butas,23.0,1.0,0,106000.0,4609.0,464.0,47.221633,-1.532483,44109000CH0878
2022-01-12,14 RUE DES STOCKS,44000.0,butas,30.0,1.0,0,140000.0,4667.0,464.0,47.221633,-1.532483,44109000CH0878
2024-09-27,14 RUE DES STOCKS,44000.0,butas,33.0,1.0,0,122000.0,3697.0,464.0,47.221633,-1.532483,44109000CH0878
2023-04-03,14 RUE DES STOCKS,44000.0,butas,56.0,3.0,1,281000.0,5018.0,464.0,47.221633,-1.532483,44109000CH0878
2023-11-23,14 RUE DES STOCKS,44000.0,butas,32.0,1.0,0,120000.0,3750.0,464.0,47.221633,-1.532483,44109000CH0878
2021-11-10,14 RUE DES STOCKS,44000.0,butas,65.0,3.0,1,255000.0,3923.0,464.0,47.221633,-1.532483,44109000CH0878
2025-11-17,11 BD DES POILUS,44300.0,butas,75.0,4.0,2,225000.0,3000.0,465.0,47.228863,-1.52732,44109000BW0082
2024-04-24,11 BD DES POILUS,44300.0,butas,50.0,2.0,2,175000.0,3500.0,465.0,47.228863,-1.52732,44109000BW0082
2023-07-20,13 BD DES POILUS,44300.0,butas,73.0,4.0,2,292760.0,4010.0,465.0,47.228863,-1.52732,44109000BW0082
2021-07-21,11 BD DES POILUS,44300.0,butas,50.0,2.0,2,180000.0,3600.0,465.0,47.228863,-1.52732,44109000BW0082
2021-12-20,11 BD DES POILUS,44300.0,butas,75.0,4.0,2,240520.0,3207.0,465.0,47.228863,-1.52732,44109000BW0082
2024-04-16,13 BD DES POILUS,44300.0,butas,74.0,4.0,2,260000.0,3514.0,465.0,47.228863,-1.52732,44109000BW0082
2025-04-14,13 BD DES POILUS,44300.0,butas,73.0,4.0,2,262000.0,3589.0,465.0,47.228863,-1.52732,44109000BW0082
2021-10-04,13 BD DES POILUS,44300.0,butas,50.0,2.0,2,150000.0,3000.0,465.0,47.228863,-1.52732,44109000BW0082
2022-03-09,11 BD DES POILUS,44300.0,butas,74.0,4.0,2,265300.0,3585.0,465.0,47.228863,-1.52732,44109000BW0082
2024-07-31,13 BD DES POILUS,44300.0,butas,50.0,2.0,2,126500.0,2530.0,465.0,47.228863,-1.52732,44109000BW0082
2025-12-24,103 BD ERNEST DALBY,44000.0,butas,60.0,3.0,0,138100.0,2302.0,467.0,47.220989,-1.531127,44109000CH0485
2021-12-06,103 BD ERNEST DALBY,44000.0,butas,31.0,2.0,0,139900.0,4513.0,467.0,47.220989,-1.531127,44109000CH0485
2022-07-29,103 BD ERNEST DALBY,44000.0,butas,26.0,2.0,0,92000.0,3538.0,467.0,47.220989,-1.531127,44109000CH0485
2024-09-30,31 RUE EDMOND ROSTAND,44000.0,namas,75.0,5.0,0,291000.0,3880.0,467.0,47.220562,-1.528613,44109000CH0720
2023-06-07,103 BD ERNEST DALBY,44000.0,butas,37.0,2.0,0,141000.0,3811.0,467.0,47.220989,-1.531127,44109000CH0485
2024-11-28,103 BD ERNEST DALBY,44000.0,butas,31.0,2.0,0,83000.0,2677.0,467.0,47.220989,-1.531127,44109000CH0485
2025-01-31,4 RUE DE LA MITRIE,44000.0,butas,106.0,5.0,2,430000.0,4057.0,469.0,47.227477,-1.533161,44109000CD0238
2025-03-31,10 RUE FRANCIS DE PRESSENSE,44000.0,namas,64.0,4.0,1,240000.0,3750.0,470.0,47.224784,-1.522202,44109000CI0091
2024-11-14,3 RUE DES STOCKS,44000.0,butas,34.0,1.0,0,150000.0,4412.0,475.0,47.221369,-1.532245,44109000CH0120
2023-01-04,1 RUE DES STOCKS,44000.0,butas,48.0,2.0,1,185000.0,3854.0,475.0,47.221369,-1.532245,44109000CH0120
2022-01-24,20 RUE CHARLES BATAILLE,44300.0,butas,62.0,3.0,1,240000.0,3871.0,477.0,47.227785,-1.523949,44109000BW0145
2025-06-27,20 RUE CHARLES BATAILLE,44300.0,butas,49.0,2.0,1,172000.0,3510.0,477.0,47.227785,-1.523949,44109000BW0145
2022-09-07,20 RUE CHARLES BATAILLE,44300.0,butas,41.0,2.0,1,165000.0,4024.0,477.0,47.227785,-1.523949,44109000BW0145
2021-04-01,20 RUE CHARLES BATAILLE,44300.0,butas,49.0,2.0,1,191000.0,3898.0,477.0,47.227785,-1.523949,44109000BW0145
2022-06-20,15 RUE FRANCIS DE PRESSENSE,44000.0,namas,148.0,5.0,0,872500.0,5895.0,479.0,47.224221,-1.522132,44109000CI0655
2025-10-24,1 RUE DU CASTERNEAU,44000.0,namas,215.0,7.0,0,650000.0,3023.0,486.0,47.229089,-1.527676,44109000BW0081
2022-10-05,60 RUE DES CHALATRES,44000.0,namas,92.0,4.0,0,395000.0,4293.0,487.0,47.228065,-1.532639,44109000BX0288
2023-04-04,18 RUE ARISTIDE HIGNARD,44000.0,butas,60.0,4.0,1,170000.0,2833.0,490.0,47.222839,-1.522581,44109000CI0339
2025-07-09,18 RUE ARISTIDE HIGNARD,44000.0,butas,59.0,4.0,1,185000.0,3136.0,490.0,47.222839,-1.522581,44109000CI0339
2021-11-24,14 RUE ARISTIDE HIGNARD,44000.0,butas,30.0,2.0,1,128000.0,4267.0,490.0,47.222839,-1.522581,44109000CI0339
2023-07-04,107 BD ERNEST DALBY,44000.0,butas,22.0,2.0,0,82000.0,3727.0,490.0,47.220739,-1.531067,44109000CH0489
2025-09-19,18 RUE ARISTIDE HIGNARD,44000.0,butas,41.0,2.0,1,100000.0,2439.0,490.0,47.222839,-1.522581,44109000CI0339
2023-08-04,14 RUE ARISTIDE HIGNARD,44000.0,butas,55.0,3.0,1,143000.0,2600.0,490.0,47.222839,-1.522581,44109000CI0339
2023-01-09,14 RUE ARISTIDE HIGNARD,44000.0,butas,56.0,3.0,1,115000.0,2054.0,490.0,47.222839,-1.522581,44109000CI0339
2021-12-30,12 RUE ARISTIDE HIGNARD,44000.0,butas,57.0,3.0,1,235000.0,4123.0,490.0,47.222839,-1.522581,44109000CI0339
2023-02-27,107 BD ERNEST DALBY,44000.0,butas,28.0,1.0,1,110000.0,3929.0,490.0,47.220739,-1.531067,44109000CH0489
2024-12-04,14 RUE ARISTIDE HIGNARD,44000.0,butas,56.0,3.0,1,150000.0,2679.0,490.0,47.222839,-1.522581,44109000CI0339
2021-07-22,107 BD ERNEST DALBY,44000.0,butas,58.0,3.0,1,220000.0,3793.0,490.0,47.220739,-1.531067,44109000CH0489
2023-10-06,18 RUE ARISTIDE HIGNARD,44000.0,butas,63.0,4.0,0,150100.0,2383.0,490.0,47.222839,-1.522581,44109000CI0339
2022-08-19,14 RUE ARISTIDE HIGNARD,44000.0,butas,57.0,3.0,1,147000.0,2579.0,490.0,47.222839,-1.522581,44109000CI0339
2022-10-31,2 PL GABRIEL TRARIEUX,44300.0,namas,165.0,6.0,0,850000.0,5152.0,494.0,47.225908,-1.522114,44109000CI0204
2024-03-15,26 RUE DES TROIS ROIS,44000.0,namas,80.0,4.0,1,650000.0,8125.0,496.0,47.229204,-1.528115,44109000BX0174
2023-11-03,10 RUE D ALLONVILLE,44000.0,namas,86.0,4.0,0,420000.0,4884.0,498.0,47.222949,-1.534441,44109000CE0106
2024-04-12,67 BD DE DOULON,44300.0,namas,150.0,6.0,1,984000.0,6560.0,498.0,47.224888,-1.521839,44109000CI0087
2022-08-12,33 RUE DES TROIS ROIS,44000.0,butas,85.0,4.0,2,260335.0,3063.0,504.0,47.229248,-1.52925,44109000BX0577
2022-01-07,27 RUE DES TROIS ROIS,44000.0,butas,76.0,4.0,2,250000.0,3289.0,504.0,47.229248,-1.52925,44109000BX0577
2021-03-11,27 RUE DES TROIS ROIS,44000.0,butas,76.0,4.0,1,207199.7,2726.0,504.0,47.229248,-1.52925,44109000BX0577
2021-03-25,31 RUE DES TROIS ROIS,44000.0,butas,76.0,4.0,1,220830.0,2906.0,504.0,47.229248,-1.52925,44109000BX0577
2022-01-17,29 RUE DES TROIS ROIS,44000.0,butas,76.0,4.0,2,215000.0,2829.0,504.0,47.229248,-1.52925,44109000BX0577
2021-12-08,27 RUE DES TROIS ROIS,44000.0,butas,76.0,4.0,2,250000.0,3289.0,504.0,47.229248,-1.52925,44109000BX0577
2024-12-19,33 RUE DES TROIS ROIS,44000.0,butas,68.0,3.0,2,210000.0,3088.0,504.0,47.229248,-1.52925,44109000BX0577
2021-02-09,33 RUE DES TROIS ROIS,44000.0,butas,78.0,4.0,1,209000.0,2679.0,504.0,47.229248,-1.52925,44109000BX0577
2021-10-08,31 RUE DES TROIS ROIS,44000.0,butas,76.0,4.0,1,224000.0,2947.0,504.0,47.229248,-1.52925,44109000BX0577
2024-03-14,31 RUE DES TROIS ROIS,44000.0,butas,62.0,2.0,2,175100.0,2824.0,504.0,47.229248,-1.52925,44109000BX0577
2022-06-17,27 RUE DES TROIS ROIS,44000.0,butas,76.0,4.0,2,240000.0,3158.0,504.0,47.229248,-1.52925,44109000BX0577
2022-02-22,33 RUE DES TROIS ROIS,44000.0,butas,80.0,4.0,2,215600.0,2695.0,504.0,47.229248,-1.52925,44109000BX0577
2022-12-14,31 RUE DES TROIS ROIS,44000.0,butas,62.0,2.0,2,147000.0,2371.0,504.0,47.229248,-1.52925,44109000BX0577
2021-07-29,33 RUE DES TROIS ROIS,44000.0,butas,32.0,2.0,0,105670.0,3302.0,504.0,47.229248,-1.52925,44109000BX0577
2022-10-28,33 RUE DES TROIS ROIS,44000.0,butas,92.0,5.0,2,310000.0,3370.0,504.0,47.229248,-1.52925,44109000BX0577
2021-06-21,29 RUE DES TROIS ROIS,44000.0,butas,76.0,4.0,2,250000.0,3289.0,504.0,47.229248,-1.52925,44109000BX0577
2025-11-26,27 RUE DES TROIS ROIS,44000.0,butas,76.0,4.0,2,205000.0,2697.0,504.0,47.229248,-1.52925,44109000BX0577
2024-05-30,3 PL GABRIEL TRARIEUX,44300.0,namas,200.0,7.0,0,1450000.0,7250.0,505.0,47.226284,-1.522137,44109000BV0454
2021-12-23,111 BD ERNEST DALBY,44000.0,butas,32.0,1.0,1,170000.0,5312.0,508.0,47.220588,-1.531142,44109000CH0491
2024-02-19,14 BD DES POILUS,44300.0,namas,110.0,5.0,0,435000.0,3955.0,508.0,47.229175,-1.526718,44109000BC0066
2021-04-16,111 BD ERNEST DALBY,44000.0,butas,20.0,1.0,0,87600.0,4380.0,508.0,47.220588,-1.531142,44109000CH0491
2021-09-30,16 BD DES POILUS,44300.0,namas,55.0,3.0,0,300000.0,5455.0,511.0,47.229214,-1.52678,44109000BC0065
2023-11-06,11 RUE ARISTIDE HIGNARD,44000.0,butas,65.0,3.0,2,175000.0,2692.0,513.0,47.223166,-1.522058,44109000CI0121
2025-10-10,124 BD ERNEST DALBY,44000.0,butas,32.0,1.0,1,100000.0,3125.0,514.0,47.220821,-1.531966,44109000CH0113
2021-05-04,124 BD ERNEST DALBY,44000.0,butas,66.0,3.0,1,262000.0,3970.0,514.0,47.220821,-1.531966,44109000CH0113
2021-01-25,18 BD DES POILUS,44300.0,namas,111.0,5.0,0,435000.0,3919.0,515.0,47.229268,-1.526882,44109000BC0064
2022-02-28,113 BD ERNEST DALBY,44000.0,butas,30.0,1.0,1,116000.0,3867.0,517.0,47.220557,-1.531351,44109000CH0492
2021-06-08,113 BD ERNEST DALBY,44000.0,butas,40.0,1.0,0,163000.0,4075.0,517.0,47.220557,-1.531351,44109000CH0492
2024-06-06,113 BD ERNEST DALBY,44000.0,butas,30.0,1.0,0,67500.0,2250.0,517.0,47.220557,-1.531351,44109000CH0492
2024-11-22,49 RUE DES CHALATRES,44000.0,butas,26.0,1.0,1,87000.0,3346.0,518.0,47.227968,-1.533372,44109000CD0343
2022-07-13,6 PL VICTOR RICHARD,44000.0,namas,70.0,5.0,0,524131.0,7488.0,520.0,47.228547,-1.532435,44109000BX0298
2025-02-25,63 RUE D ALLONVILLE,44000.0,butas,66.0,3.0,1,270000.0,4091.0,521.0,47.222141,-1.53414,44109000CH0179
2025-08-19,63 RUE D ALLONVILLE,44000.0,butas,66.0,3.0,1,217329.41,3293.0,521.0,47.222141,-1.53414,44109000CH0179
2024-04-26,63 RUE D ALLONVILLE,44000.0,butas,63.0,3.0,1,180000.0,2857.0,521.0,47.222141,-1.53414,44109000CH0179
2023-05-31,63 RUE D ALLONVILLE,44000.0,butas,66.0,3.0,1,245445.0,3719.0,521.0,47.222141,-1.53414,44109000CH0179
2024-07-29,63 RUE D ALLONVILLE,44000.0,butas,65.0,3.0,1,190000.0,2923.0,521.0,47.222141,-1.53414,44109000CH0179
2023-05-30,63 RUE D ALLONVILLE,44000.0,butas,46.0,2.0,1,245000.0,5326.0,521.0,47.222141,-1.53414,44109000CH0179
2021-07-06,63 RUE D ALLONVILLE,44000.0,butas,66.0,3.0,1,230000.0,3485.0,521.0,47.222141,-1.53414,44109000CH0179
2024-05-29,63 RUE D ALLONVILLE,44000.0,butas,61.0,3.0,0,200000.0,3279.0,521.0,47.222141,-1.53414,44109000CH0179
2021-04-23,63 RUE D ALLONVILLE,44000.0,butas,60.0,3.0,1,250000.0,4167.0,521.0,47.222141,-1.53414,44109000CH0179
2025-02-20,115 BD ERNEST DALBY,44000.0,butas,35.0,3.0,0,95000.0,2714.0,524.0,47.220512,-1.531403,44109000CH0873
2021-08-12,115 BD ERNEST DALBY,44000.0,butas,29.0,1.0,0,109000.0,3759.0,524.0,47.220512,-1.531403,44109000CH0873
2021-08-30,115 BD ERNEST DALBY,44000.0,butas,39.0,1.0,0,132500.0,3397.0,524.0,47.220512,-1.531403,44109000CH0873
2025-06-17,33 RUE PARMENTIER,44300.0,butas,82.0,4.0,1,275000.0,3354.0,525.0,47.22819,-1.523662,44109000BW0117
2021-08-17,1 RUE FRANCIS DE PRESSENSE,44000.0,namas,162.0,8.0,0,659000.0,4068.0,525.0,47.22475,-1.521482,44109000CI0730
2022-03-14,33 RUE PARMENTIER,44300.0,butas,27.0,1.0,1,100150.0,3709.0,525.0,47.22819,-1.523662,44109000BW0117
2025-08-28,12 RTE DE STE-LUCE,44300.0,butas,49.0,2.0,0,141900.0,2896.0,525.0,47.228939,-1.525219,44109000BW0508
2025-12-09,33 RUE PARMENTIER,44300.0,butas,82.0,4.0,2,270000.0,3293.0,525.0,47.22819,-1.523662,44109000BW0117
2023-07-31,3 IMP MINATTE,44000.0,namas,60.0,3.0,1,505000.0,8417.0,525.0,47.224302,-1.521503,44109000CI0145
2021-06-23,33 RUE PARMENTIER,44300.0,butas,82.0,4.0,1,235000.0,2866.0,525.0,47.22819,-1.523662,44109000BW0117
2024-01-11,33 RUE PARMENTIER,44300.0,butas,27.0,1.0,1,126000.0,4667.0,525.0,47.22819,-1.523662,44109000BW0117
2025-12-15,33 RUE PARMENTIER,44300.0,butas,60.0,3.0,1,153000.0,2550.0,525.0,47.22819,-1.523662,44109000BW0117
2022-06-21,33 RUE PARMENTIER,44300.0,butas,82.0,4.0,2,281400.0,3432.0,525.0,47.22819,-1.523662,44109000BW0117
2023-01-03,8 RUE PARMENTIER,44300.0,namas,93.0,4.0,1,723000.0,7774.0,526.0,47.227551,-1.522809,44109000BV0177
2021-08-20,18 RUE D ALLONVILLE,44000.0,namas,189.0,5.0,1,761000.0,4026.0,530.0,47.222746,-1.534772,44109000CE0102
2023-08-03,9 BD MAL LYAUTEY,44000.0,butas,47.0,2.0,2,180000.0,3830.0,531.0,47.220326,-1.531011,44109000CH0503
2021-12-21,9 BD MAL LYAUTEY,44000.0,butas,60.0,3.0,2,197400.0,3290.0,531.0,47.220326,-1.531011,44109000CH0503
2021-03-31,117 BD ERNEST DALBY,44000.0,butas,54.0,2.0,0,195000.0,3611.0,535.0,47.22039,-1.531379,44109000CH0759
2021-07-26,117 BD ERNEST DALBY,44000.0,butas,16.0,1.0,0,72800.0,4550.0,535.0,47.22039,-1.531379,44109000CH0759
2023-01-27,117 BD ERNEST DALBY,44000.0,butas,37.0,2.0,2,144800.0,3914.0,535.0,47.22039,-1.531379,44109000CH0759
2023-10-02,117 BD ERNEST DALBY,44000.0,butas,28.0,1.0,1,110000.0,3929.0,535.0,47.22039,-1.531379,44109000CH0759
2021-05-19,67 RUE D ALLONVILLE,44000.0,butas,57.0,3.0,2,234300.0,4111.0,539.0,47.22228,-1.534545,44109000CH0178
2025-04-07,67 RUE D ALLONVILLE,44000.0,butas,70.0,5.0,1,210000.0,3000.0,539.0,47.22228,-1.534545,44109000CH0178
2021-04-02,7 BD MAL LYAUTEY,44000.0,butas,47.0,2.0,1,169000.0,3596.0,541.0,47.220295,-1.531244,44109000CH0502
2022-07-12,7 BD MAL LYAUTEY,44000.0,butas,63.0,3.0,2,265000.0,4206.0,541.0,47.220295,-1.531244,44109000CH0502
2023-10-26,43 RUE PARMENTIER,44300.0,namas,144.0,7.0,0,578000.0,4014.0,541.0,47.228598,-1.524033,44109000BW0111
2021-06-24,7 BD MAL LYAUTEY,44000.0,butas,63.0,3.0,1,186500.0,2960.0,541.0,47.220295,-1.531244,44109000CH0502
2025-08-25,15 AV LUDOVIC CORMERAIS,44000.0,butas,66.0,3.0,1,295000.0,4470.0,542.0,47.221692,-1.533987,44109000CH0160
2022-01-07,11 AV DES CHALATRES,44000.0,namas,126.0,4.0,0,820000.0,6508.0,544.0,47.22787,-1.533966,44109000CD0230
2021-09-01,20 RTE DE STE-LUCE,44300.0,butas,44.0,2.0,2,170000.0,3864.0,545.0,47.229078,-1.525036,44109000BW0517
2021-01-27,1 RUE DE PLOERMEL,44300.0,namas,96.0,5.0,0,410000.0,4271.0,547.0,47.225244,-1.521218,44109000CI0637
2025-07-31,13 AV LUDOVIC CORMERAIS,44000.0,namas,115.0,5.0,0,530000.0,4609.0,547.0,47.221814,-1.534211,44109000CH0162
2024-02-26,53 RUE DES CHALATRES,44000.0,namas,150.0,5.0,0,682000.0,4547.0,551.0,47.22834,-1.533447,44109000CD0261
2021-04-30,26 RTE DE STE-LUCE,44300.0,butas,62.0,3.0,1,215000.0,3468.0,552.0,47.2291,-1.524888,44109000BW0531
2022-07-01,26 RTE DE STE-LUCE,44300.0,butas,62.0,3.0,2,220000.0,3548.0,552.0,47.2291,-1.524888,44109000BW0531
2025-07-01,26 RTE DE STE-LUCE,44300.0,butas,61.0,3.0,2,185000.0,3033.0,552.0,47.2291,-1.524888,44109000BW0531
2021-06-08,26 RTE DE STE-LUCE,44300.0,butas,40.0,2.0,2,148000.0,3700.0,552.0,47.2291,-1.524888,44109000BW0531
2025-08-20,26 RTE DE STE-LUCE,44300.0,butas,40.0,2.0,1,150000.0,3750.0,552.0,47.2291,-1.524888,44109000BW0531
2022-06-09,26 RTE DE STE-LUCE,44300.0,butas,40.0,2.0,1,150000.0,3750.0,552.0,47.2291,-1.524888,44109000BW0531
2021-12-17,26 RTE DE STE-LUCE,44300.0,butas,40.0,2.0,1,164300.0,4108.0,552.0,47.2291,-1.524888,44109000BW0531
2025-11-17,26 RTE DE STE-LUCE,44300.0,butas,81.0,4.0,2,271428.0,3351.0,552.0,47.2291,-1.524888,44109000BW0531
2025-07-11,11 RUE CORENTIN BOURVEAU,44300.0,butas,53.0,3.0,1,153000.0,2887.0,556.0,47.227435,-1.522211,44109000BV0165
2022-04-01,15 RTE DE STE-LUCE,44300.0,butas,40.0,2.0,1,140650.0,3516.0,559.0,47.229363,-1.525477,44109000BC0553
2022-05-13,15 RTE DE STE-LUCE,44300.0,butas,51.0,3.0,1,155661.0,3052.0,559.0,47.229363,-1.525477,44109000BC0553
2025-05-19,15 RTE DE STE-LUCE,44300.0,butas,40.0,2.0,1,117000.0,2925.0,559.0,47.229363,-1.525477,44109000BC0553
2021-09-29,15 RTE DE STE-LUCE,44300.0,butas,40.0,2.0,1,160000.0,4000.0,559.0,47.229363,-1.525477,44109000BC0553
2024-07-22,15 RTE DE STE-LUCE,44300.0,butas,51.0,3.0,2,150000.0,2941.0,559.0,47.229363,-1.525477,44109000BC0553
2021-09-28,15 RTE DE STE-LUCE,44300.0,butas,40.0,1.0,1,170000.0,4250.0,559.0,47.229363,-1.525477,44109000BC0553
2021-04-12,13 RUE DENIS PAPIN,44000.0,namas,60.0,4.0,0,250000.0,4167.0,561.0,47.223349,-1.521296,44109000CI0587
2021-10-07,134 BD ERNEST DALBY,44000.0,butas,24.0,1.0,0,93100.0,3879.0,562.0,47.220365,-1.532074,44109000CH0109
2021-02-18,134 BD ERNEST DALBY,44000.0,butas,25.0,1.0,0,90000.0,3600.0,562.0,47.220365,-1.532074,44109000CH0109
2022-02-28,134 BD ERNEST DALBY,44000.0,butas,23.0,1.0,0,88100.0,3830.0,562.0,47.220365,-1.532074,44109000CH0109
2023-03-10,134 BD ERNEST DALBY,44000.0,butas,24.0,1.0,0,90000.0,3750.0,562.0,47.220365,-1.532074,44109000CH0109
2021-11-12,134 BD ERNEST DALBY,44000.0,butas,16.0,1.0,0,72600.0,4538.0,562.0,47.220365,-1.532074,44109000CH0109
2024-11-22,134 BD ERNEST DALBY,44000.0,butas,27.0,1.0,1,71000.0,2630.0,562.0,47.220365,-1.532074,44109000CH0109
2021-01-06,134 BD ERNEST DALBY,44000.0,butas,28.0,1.0,0,94000.0,3357.0,562.0,47.220365,-1.532074,44109000CH0109
2022-07-29,58 BD DE DOULON,44300.0,namas,118.0,4.0,0,640000.0,5424.0,563.0,47.224968,-1.520975,44109000CI0166
2023-10-25,3 RUE DU GOIS,44000.0,butas,55.0,2.0,2,151000.0,2745.0,566.0,47.229719,-1.530044,44109000BX0176
2022-01-06,10 RUE ANDRE BAUGE,44000.0,butas,56.0,2.0,2,210000.0,3750.0,566.0,47.229719,-1.530044,44109000BX0176
2024-07-25,3 RUE DU GOIS,44000.0,butas,52.0,2.0,2,134600.0,2588.0,566.0,47.229719,-1.530044,44109000BX0176
2024-07-24,12 RUE ANDRE BAUGE,44000.0,butas,56.0,2.0,2,117000.0,2089.0,566.0,47.229719,-1.530044,44109000BX0176
2021-03-23,10 RUE ANDRE BAUGE,44000.0,butas,53.0,2.0,1,179000.0,3377.0,566.0,47.229719,-1.530044,44109000BX0176
2025-04-11,12 RUE ANDRE BAUGE,44000.0,butas,56.0,2.0,2,116000.0,2071.0,566.0,47.229719,-1.530044,44109000BX0176
2022-12-16,12 RUE ANDRE BAUGE,44000.0,butas,56.0,2.0,2,195000.0,3482.0,566.0,47.229719,-1.530044,44109000BX0176
2022-07-08,10 PL VICTOR RICHARD,44000.0,namas,75.0,4.0,0,600677.0,8009.0,568.0,47.228895,-1.532817,44109000BX0303
2021-05-20,57 RUE PARMENTIER,44300.0,namas,155.0,6.0,0,400000.0,2581.0,572.0,47.229168,-1.524553,44109000BW0383
2023-06-22,136 BD ERNEST DALBY,44000.0,butas,35.0,1.0,0,112500.0,3214.0,574.0,47.220243,-1.532096,44109000CH0108
2021-09-15,41 RUE DES TROIS ROIS,44000.0,namas,158.0,7.0,0,663000.0,4196.0,575.0,47.229854,-1.529678,44109000BX0583
2024-05-23,20 BD LOUIS MILLET,44300.0,namas,51.0,3.0,1,280000.0,5490.0,575.0,47.22591,-1.521012,44109000CI0218
2024-05-23,2 AV FRANCOIS BROUSSAIS,44300.0,butas,128.0,6.0,1,301000.0,2352.0,576.0,47.226908,-1.521493,44109000BV0561
2023-02-09,8 AV FRANCOIS BROUSSAIS,44300.0,butas,77.0,3.0,1,192500.0,2500.0,576.0,47.226908,-1.521493,44109000BV0561
2022-06-30,8 AV FRANCOIS BROUSSAIS,44300.0,butas,85.0,4.0,1,168557.0,1983.0,576.0,47.226908,-1.521493,44109000BV0561
2022-07-18,8 AV FRANCOIS BROUSSAIS,44300.0,butas,85.0,4.0,1,300000.0,3529.0,576.0,47.226908,-1.521493,44109000BV0561
2021-07-15,4 AV FRANCOIS BROUSSAIS,44300.0,butas,88.0,4.0,1,174600.0,1984.0,576.0,47.226908,-1.521493,44109000BV0561
2022-03-29,4 AV FRANCOIS BROUSSAIS,44300.0,butas,68.0,3.0,1,134660.0,1980.0,576.0,47.226908,-1.521493,44109000BV0561
2023-05-12,12 RUE DU GOIS,44000.0,namas,119.0,4.0,0,392000.0,3294.0,576.0,47.22956,-1.531266,44109000BX0554
2022-11-21,4 AV FRANCOIS BROUSSAIS,44300.0,butas,85.0,4.0,1,168439.0,1982.0,576.0,47.226908,-1.521493,44109000BV0561
2025-09-10,6 AV FRANCOIS BROUSSAIS,44300.0,butas,85.0,4.0,1,120000.0,1412.0,576.0,47.226908,-1.521493,44109000BV0561
2021-12-30,2 AV FRANCOIS BROUSSAIS,44300.0,butas,66.0,3.0,1,134660.0,2040.0,576.0,47.226908,-1.521493,44109000BV0561
2021-05-28,2 AV FRANCOIS BROUSSAIS,44300.0,butas,85.0,4.0,1,168557.0,1983.0,576.0,47.226908,-1.521493,44109000BV0561
2023-12-08,4 AV FRANCOIS BROUSSAIS,44300.0,butas,132.0,6.0,1,328000.0,2485.0,576.0,47.226908,-1.521493,44109000BV0561
2025-11-04,8 AV FRANCOIS BROUSSAIS,44300.0,butas,85.0,4.0,1,270000.0,3176.0,576.0,47.226908,-1.521493,44109000BV0561
2022-05-18,55 RUE DES CHALATRES,44000.0,namas,63.0,3.0,1,370000.0,5873.0,577.0,47.228433,-1.533795,44109000CD0211
2021-04-16,47 BD DE DOULON,44300.0,namas,75.0,4.0,0,315000.0,4200.0,577.0,47.22417,-1.520832,44109000CI0155
2021-06-23,16 AV DES CHALATRES,44000.0,namas,98.0,3.0,1,245425.0,2504.0,579.0,47.227874,-1.534557,44109000CD0279
2023-11-08,138 BD ERNEST DALBY,44000.0,butas,24.0,1.0,1,80700.0,3362.0,581.0,47.220214,-1.532211,44109000CH0586
2023-06-21,28 RTE DE STE-LUCE,44300.0,butas,67.0,3.0,1,260600.0,3890.0,582.0,47.229349,-1.52474,44109000BW0555
2021-02-19,10 RUE DU GOIS,44000.0,namas,92.0,3.0,0,596025.0,6479.0,582.0,47.229644,-1.531167,44109000BX0555
2021-10-26,138 BD ERNEST DALBY,44000.0,butas,56.0,2.0,1,145000.0,2589.0,584.0,47.220155,-1.532129,44109000CH0107
2021-08-19,138 BD ERNEST DALBY,44000.0,butas,12.0,1.0,0,118000.0,9833.0,584.0,47.220155,-1.532129,44109000CH0107
2022-09-30,55 RUE DES CHALATRES,44000.0,namas,105.0,5.0,0,720000.0,6857.0,585.0,47.22851,-1.533837,44109000CD0210
2021-07-22,40 BD DES POILUS,44300.0,butas,66.0,3.0,2,196000.0,2970.0,586.0,47.23001,-1.527871,44109000BC0053
2022-09-26,40 BD DES POILUS,44300.0,butas,66.0,3.0,2,239900.0,3635.0,586.0,47.23001,-1.527871,44109000BC0053
2022-12-16,14 RUE DE PLOERMEL,44300.0,namas,64.0,3.0,0,315000.0,4922.0,589.0,47.225292,-1.52067,44109000CI0190
2022-05-30,14 RUE DE PLOERMEL,44300.0,namas,64.0,3.0,1,310000.0,4844.0,589.0,47.225292,-1.52067,44109000CI0190
2022-02-15,14 RUE DE PLOERMEL,44300.0,namas,64.0,3.0,1,130000.0,2031.0,589.0,47.225292,-1.52067,44109000CI0190
2025-11-07,8 RUE DU GOIS,44000.0,namas,125.0,4.0,0,516000.0,4128.0,592.0,47.229747,-1.531113,44109000BX0556
2022-06-01,4 AV LT DE LAVENNE DE MONTOISE,44000.0,namas,132.0,4.0,1,769420.0,5829.0,592.0,47.229026,-1.533097,44109000BX0315
2024-01-17,26 BD LOUIS MILLET,44300.0,butas,54.0,3.0,1,155000.0,2870.0,595.0,47.225965,-1.520759,44109000CI0223
2025-03-04,26 BD LOUIS MILLET,44300.0,butas,54.0,3.0,1,120000.0,2222.0,595.0,47.225965,-1.520759,44109000CI0223
2024-01-17,26 BD LOUIS MILLET,44300.0,butas,55.0,3.0,1,170000.0,3091.0,595.0,47.225965,-1.520759,44109000CI0223
2021-11-08,64 RUE DES CHALATRES,44000.0,namas,110.0,4.0,0,550000.0,5000.0,595.0,47.228886,-1.533409,44109000BX0317
2024-11-15,26 BD LOUIS MILLET,44300.0,butas,23.0,1.0,0,123000.0,5348.0,595.0,47.225965,-1.520759,44109000CI0223
2022-03-28,13 RUE DE PLOERMEL,44300.0,namas,138.0,6.0,1,673000.0,4877.0,596.0,47.225681,-1.520649,44109000CI0222
2023-01-06,6 RUE DES ROCHETTES,44000.0,butas,56.0,2.0,2,198500.0,3545.0,599.0,47.222303,-1.535477,44109000CE0152
2023-12-14,6 AV LT DE LAVENNE DE MONTOISE,44000.0,namas,120.0,4.0,1,675000.0,5625.0,599.0,47.229146,-1.533001,44109000BX0314
2022-02-28,6 RUE DES ROCHETTES,44000.0,butas,64.0,3.0,1,310000.0,4844.0,599.0,47.222303,-1.535477,44109000CE0152
2023-04-24,6 RUE DES ROCHETTES,44000.0,butas,37.0,1.0,2,161000.0,4351.0,599.0,47.222303,-1.535477,44109000CE0152
2024-01-24,8 AV LUDOVIC CORMERAIS,44000.0,namas,114.0,6.0,0,545000.0,4781.0,599.0,47.221591,-1.534827,44109000CH0807
2022-01-20,6 RUE DES ROCHETTES,44000.0,butas,52.0,2.0,2,236000.0,4538.0,599.0,47.222303,-1.535477,44109000CE0152
2021-10-15,6 RUE DES ROCHETTES,44000.0,butas,67.0,3.0,2,240000.0,3582.0,599.0,47.222303,-1.535477,44109000CE0152
2025-07-17,6 RUE DES ROCHETTES,44000.0,butas,67.0,3.0,2,259050.0,3866.0,599.0,47.222303,-1.535477,44109000CE0152
2021-04-30,6 RUE DES ROCHETTES,44000.0,butas,37.0,1.0,1,134700.0,3641.0,599.0,47.222303,-1.535477,44109000CE0152
2021-07-13,140 BD ERNEST DALBY,44000.0,butas,32.0,1.0,1,121000.0,3781.0,601.0,47.220047,-1.532311,44109000CH0106
2024-04-29,140 BD ERNEST DALBY,44000.0,butas,25.0,2.0,0,100500.0,4020.0,601.0,47.220047,-1.532311,44109000CH0106
2022-07-19,140 BD ERNEST DALBY,44000.0,butas,19.0,1.0,1,116000.0,6105.0,601.0,47.220047,-1.532311,44109000CH0106
2021-08-30,140 BD ERNEST DALBY,44000.0,butas,35.0,1.0,1,133000.0,3800.0,601.0,47.220047,-1.532311,44109000CH0106
2022-03-08,42 RUE PARMENTIER,44300.0,butas,48.0,3.0,1,157000.0,3271.0,602.0,47.229396,-1.524317,44109000BV0235
2024-06-28,42 RUE PARMENTIER,44300.0,butas,52.0,3.0,1,164000.0,3154.0,602.0,47.229396,-1.524317,44109000BV0235
2021-11-12,59 RUE DES CHALATRES,44000.0,butas,57.0,2.0,0,180000.0,3158.0,607.0,47.228614,-1.534091,44109000CD0208
2021-10-12,59 RUE DES CHALATRES,44000.0,butas,44.0,2.0,2,150000.0,3409.0,607.0,47.228614,-1.534091,44109000CD0208
2024-09-09,2 RUE DES ROCHETTES,44000.0,butas,37.0,2.0,1,98000.0,2649.0,607.0,47.222113,-1.535442,44109000CE0093
2025-02-20,2 RUE DES ROCHETTES,44000.0,butas,40.0,2.0,1,160250.0,4006.0,607.0,47.222113,-1.535442,44109000CE0093
2023-08-30,5 AV DE LA VALTAISERIE,44300.0,namas,110.0,4.0,1,675000.0,6136.0,608.0,47.228583,-1.52269,44109000BV0218
2021-06-11,26 RUE PARMENTIER,44300.0,namas,85.0,4.0,0,450000.0,5294.0,611.0,47.229064,-1.523408,44109000BV0227
2021-01-18,44 RUE PARMENTIER,44300.0,butas,30.0,1.0,0,133500.0,4450.0,612.0,47.229514,-1.52437,44109000BV0001
2023-12-04,44 RUE PARMENTIER,44300.0,butas,30.0,1.0,0,118000.0,3933.0,612.0,47.229514,-1.52437,44109000BV0001
2023-04-28,44 RUE PARMENTIER,44300.0,butas,90.0,4.0,1,352000.0,3911.0,612.0,47.229514,-1.52437,44109000BV0001
2025-03-27,142 BD ERNEST DALBY,44000.0,butas,30.0,1.0,0,82000.0,2733.0,613.0,47.220019,-1.532554,44109000CH0097
2025-05-16,8 RUE DE LA PETITE ROCHE,44300.0,namas,157.0,6.0,1,700000.0,4459.0,616.0,47.222847,-1.520774,44109000CI0322
2025-12-05,17 RUE DE PLOERMEL,44300.0,namas,166.0,5.0,1,526000.0,3169.0,617.0,47.22577,-1.520394,44109000CI0226
2021-03-19,10 AV DE LA GRANDE OURSE,44300.0,namas,118.0,4.0,0,508000.0,4305.0,619.0,47.228118,-1.521906,44109000BV0267
2021-08-12,144 BD ERNEST DALBY,44000.0,butas,28.0,1.0,1,95000.0,3393.0,620.0,47.220006,-1.53271,44109000CH0096
2022-05-19,144 BD ERNEST DALBY,44000.0,butas,28.0,1.0,1,145000.0,5179.0,620.0,47.220006,-1.53271,44109000CH0096
2024-07-31,144 BD ERNEST DALBY,44000.0,butas,37.0,2.0,1,125400.0,3389.0,620.0,47.220006,-1.53271,44109000CH0096
2023-04-25,32 RUE FRANCIS LERAY,44000.0,butas,66.0,4.0,2,266249.88,4034.0,622.0,47.230135,-1.530639,44109000BX0178
2021-04-09,4 RUE DU GOIS,44000.0,butas,75.0,4.0,1,250000.0,3333.0,622.0,47.230135,-1.530639,44109000BX0178
2025-06-25,32 RUE FRANCIS LERAY,44000.0,butas,59.0,2.0,2,232500.0,3941.0,622.0,47.230135,-1.530639,44109000BX0178
2025-02-19,32 RUE FRANCIS LERAY,44000.0,butas,56.0,2.0,2,149950.0,2678.0,622.0,47.230135,-1.530639,44109000BX0178
2023-01-24,30 RUE FRANCIS LERAY,44000.0,butas,69.0,3.0,2,185000.0,2681.0,622.0,47.230135,-1.530639,44109000BX0178
2023-08-29,4 RUE DU GOIS,44000.0,butas,65.0,3.0,2,190000.0,2923.0,622.0,47.230135,-1.530639,44109000BX0178
2021-03-19,4 RUE DU GOIS,44000.0,butas,65.0,3.0,1,185000.0,2846.0,622.0,47.230135,-1.530639,44109000BX0178
2023-08-24,30 RUE FRANCIS LERAY,44000.0,butas,77.0,4.0,2,250000.0,3247.0,622.0,47.230135,-1.530639,44109000BX0178
2023-12-19,61 RUE DES CHALATRES,44000.0,butas,55.0,2.0,1,97500.0,1773.0,626.0,47.228822,-1.534135,44109000CD0207
2023-04-27,61 RUE DES TROIS ROIS,44000.0,butas,85.0,4.0,2,219000.0,2576.0,629.0,47.230251,-1.530347,44109000BX0179
2022-05-20,9 AV LT DE LAVENNE DE MONTOISE,44000.0,namas,90.0,4.0,1,420000.0,4667.0,629.0,47.229179,-1.5336,44109000BX0322
2025-07-09,61 RUE DES TROIS ROIS,44000.0,butas,68.0,3.0,2,165000.0,2426.0,629.0,47.230251,-1.530347,44109000BX0179
2021-07-15,61 RUE DES TROIS ROIS,44000.0,butas,69.0,3.0,2,223000.0,3232.0,629.0,47.230251,-1.530347,44109000BX0179
2021-10-22,68 RUE DES CHALATRES,44000.0,namas,42.0,2.0,0,300000.0,7143.0,631.0,47.229113,-1.53377,44109000BX0323
2024-09-20,1 RUE DES ROCHETTES,44000.0,butas,15.0,1.0,1,53900.0,3593.0,635.0,47.22197,-1.535749,44109000CE0179
2023-06-19,36 BD LOUIS MILLET,44300.0,butas,83.0,4.0,2,350000.0,4217.0,635.0,47.226128,-1.520269,44109000CI0230
2025-08-22,1 RUE DES ROCHETTES,44000.0,butas,19.0,1.0,0,97500.0,5132.0,635.0,47.22197,-1.535749,44109000CE0179
2023-07-31,68 RUE DES CHALATRES,44000.0,namas,62.0,3.0,0,310000.0,5000.0,637.0,47.229142,-1.53384,44109000BX0324
2023-06-12,3 RUE DES ROCHETTES,44000.0,namas,60.0,4.0,0,252400.0,4207.0,638.0,47.222045,-1.535853,44109000CE0138
2024-02-15,24 RUE DE PLOERMEL,44300.0,namas,126.0,4.0,0,410306.0,3256.0,640.0,47.225494,-1.520026,44109000CI0186
2023-03-23,27 RUE DES ROCHETTES,44000.0,namas,136.0,6.0,1,715000.0,5257.0,644.0,47.22319,-1.536617,44109000CE0062
2024-11-22,19 RUE FRANCIS LERAY,44000.0,butas,52.0,2.0,2,213500.0,4106.0,644.0,47.230166,-1.531438,44109000BX0725
2021-08-03,19 RUE FRANCIS LERAY,44000.0,butas,70.0,3.0,3,425190.0,6074.0,644.0,47.230166,-1.531438,44109000BX0725
2022-07-08,36 RTE DE STE-LUCE,44300.0,namas,52.0,3.0,0,275000.0,5288.0,644.0,47.229744,-1.524113,44109000BV0512
2025-04-01,3 RUE COMMANDANT RIVIERE,44000.0,butas,25.0,1.0,1,110000.0,4400.0,644.0,47.222676,-1.536374,44109000CE0072
2023-10-19,9 RUE DES ROCHETTES,44000.0,butas,75.0,4.0,1,273500.0,3647.0,644.0,47.222241,-1.536089,44109000CE0082
2023-08-10,3 RUE COMMANDANT RIVIERE,44000.0,butas,73.0,3.0,1,298160.0,4084.0,644.0,47.222676,-1.536374,44109000CE0072
2023-09-01,15 AV DE LA VALTAISERIE,44300.0,namas,62.0,4.0,0,445000.0,7177.0,644.0,47.228917,-1.522501,44109000BV0213
2023-05-05,3 RUE COMMANDANT RIVIERE,44000.0,butas,42.0,2.0,1,160000.0,3810.0,644.0,47.222676,-1.536374,44109000CE0072
2024-11-27,19 RUE FRANCIS LERAY,44000.0,butas,99.0,3.0,2,450000.0,4545.0,644.0,47.230166,-1.531438,44109000BX0725
2022-09-21,36 RTE DE STE-LUCE,44300.0,butas,43.0,2.0,1,165000.0,3837.0,644.0,47.229744,-1.524113,44109000BV0512
2022-12-16,36 RTE DE STE-LUCE,44300.0,butas,31.0,2.0,1,135000.0,4355.0,644.0,47.229744,-1.524113,44109000BV0512
2022-05-20,21 RUE FRANCIS LERAY,44000.0,butas,93.0,4.0,2,589000.0,6333.0,644.0,47.230166,-1.531438,44109000BX0725
2023-08-28,7 RUE DES ROCHETTES,44000.0,butas,56.0,3.0,1,310000.0,5536.0,644.0,47.222161,-1.536035,44109000CE0086
2021-10-19,9 RUE DES ROCHETTES,44000.0,butas,75.0,4.0,1,293000.0,3907.0,644.0,47.222241,-1.536089,44109000CE0082
2022-10-11,3 RUE COMMANDANT RIVIERE,44000.0,butas,44.0,2.0,1,145000.0,3295.0,644.0,47.222676,-1.536374,44109000CE0072
2023-02-24,36 RUE D ALLONVILLE,44000.0,butas,75.0,3.0,1,299050.0,3987.0,647.0,47.221884,-1.535857,44109000CE0091
2024-08-13,70 RUE DES CHALATRES,44000.0,namas,44.0,2.0,0,371430.0,8442.0,647.0,47.229225,-1.533898,44109000BX0325
2022-08-22,36 RUE D ALLONVILLE,44000.0,butas,62.0,3.0,1,263000.0,4242.0,647.0,47.221884,-1.535857,44109000CE0091
2022-06-22,3 RUE FRANCISCO FERRER,44000.0,butas,24.0,3.0,0,144000.0,6000.0,648.0,47.219948,-1.533245,44109000CH0091
2025-04-22,3 RUE FRANCISCO FERRER,44000.0,butas,18.0,1.0,0,82615.02,4590.0,648.0,47.219948,-1.533245,44109000CH0091
2021-05-12,3 RUE FRANCISCO FERRER,44000.0,butas,21.0,1.0,0,95000.0,4524.0,648.0,47.219948,-1.533245,44109000CH0091
2022-07-21,3 RUE FRANCISCO FERRER,44000.0,butas,36.0,2.0,0,133000.0,3694.0,648.0,47.219948,-1.533245,44109000CH0091
2024-08-22,1 BD STALINGRAD,44000.0,butas,22.0,1.0,0,86800.0,3945.0,650.0,47.219908,-1.533219,44109000CH0600
2025-04-28,1 BD STALINGRAD,44000.0,butas,28.0,2.0,0,115000.0,4107.0,650.0,47.219908,-1.533219,44109000CH0600
2023-04-06,1 BD STALINGRAD,44000.0,butas,28.0,1.0,0,60000.0,2143.0,650.0,47.219908,-1.533219,44109000CH0600
2024-07-18,1 BD STALINGRAD,44000.0,butas,13.0,1.0,1,76000.0,5846.0,650.0,47.219908,-1.533219,44109000CH0600
2024-12-11,1 BD STALINGRAD,44000.0,butas,22.0,1.0,0,90000.0,4091.0,650.0,47.219908,-1.533219,44109000CH0600
2023-10-25,27 BD LOUIS MILLET,44300.0,butas,50.0,2.0,0,130000.0,2600.0,651.0,47.226683,-1.520284,44109000BV0563
2021-03-01,6 RUE DE LA MOUTONNERIE,44000.0,butas,62.0,3.0,0,125000.0,2016.0,651.0,47.220109,-1.533639,44109000CH0079
2025-06-18,29 BD LOUIS MILLET,44300.0,butas,65.0,3.0,1,165000.0,2538.0,651.0,47.226683,-1.520284,44109000BV0563
2023-02-07,31 BD LOUIS MILLET,44300.0,butas,85.0,4.0,1,210000.0,2471.0,651.0,47.226683,-1.520284,44109000BV0563
2023-08-04,23 BD LOUIS MILLET,44300.0,butas,71.0,3.0,0,180000.0,2535.0,651.0,47.226683,-1.520284,44109000BV0563
2023-12-28,31 BD LOUIS MILLET,44300.0,butas,86.0,4.0,0,176000.0,2047.0,651.0,47.226683,-1.520284,44109000BV0563
2022-03-24,6 RUE DE LA MOUTONNERIE,44000.0,butas,31.0,1.0,1,97000.0,3129.0,651.0,47.220109,-1.533639,44109000CH0079
2023-12-15,6 RUE DE LA MOUTONNERIE,44000.0,butas,31.0,1.0,0,37120.0,1197.0,651.0,47.220109,-1.533639,44109000CH0079
2023-04-06,29 BD LOUIS MILLET,44300.0,butas,33.0,1.0,0,88000.0,2667.0,651.0,47.226683,-1.520284,44109000BV0563
2022-03-18,6 RUE DE LA MOUTONNERIE,44000.0,butas,31.0,1.0,1,63000.0,2032.0,651.0,47.220109,-1.533639,44109000CH0079
2023-09-12,23 BD LOUIS MILLET,44300.0,butas,71.0,3.0,0,180000.0,2535.0,651.0,47.226683,-1.520284,44109000BV0563
2022-07-12,31 RUE DES ROCHETTES,44000.0,namas,110.0,4.0,0,670000.0,6091.0,651.0,47.223257,-1.536747,44109000CE0052
2023-06-13,29 BD LOUIS MILLET,44300.0,butas,51.0,2.0,0,130000.0,2549.0,651.0,47.226683,-1.520284,44109000BV0563
2024-08-07,29 BD LOUIS MILLET,44300.0,butas,33.0,1.0,0,74773.0,2266.0,651.0,47.226683,-1.520284,44109000BV0563
2023-02-21,23 BD LOUIS MILLET,44300.0,butas,73.0,3.0,0,180000.0,2466.0,651.0,47.226683,-1.520284,44109000BV0563
2023-06-13,23 BD LOUIS MILLET,44300.0,butas,73.0,3.0,0,180000.0,2466.0,651.0,47.226683,-1.520284,44109000BV0563
2025-05-16,31 BD LOUIS MILLET,44300.0,butas,85.0,4.0,1,190000.0,2235.0,651.0,47.226683,-1.520284,44109000BV0563
2023-09-14,29 BD LOUIS MILLET,44300.0,butas,65.0,3.0,0,175000.0,2692.0,651.0,47.226683,-1.520284,44109000BV0563
2023-07-28,23 BD LOUIS MILLET,44300.0,butas,67.0,3.0,0,171000.0,2552.0,651.0,47.226683,-1.520284,44109000BV0563
2025-10-23,9 IMP COTTINEAU,44000.0,namas,50.0,3.0,1,415000.0,8300.0,652.0,47.228508,-1.535052,44109000CD0194
2024-08-21,62 RUE DES AGENETS,44000.0,namas,140.0,6.0,1,575000.0,4107.0,652.0,47.23007,-1.532048,44109000BX0247
2023-06-13,65 BD DES POILUS,44300.0,namas,120.0,5.0,1,660000.0,5500.0,653.0,47.230545,-1.52979,44109000BX0140
2021-12-03,6 RUE COMMANDANT RIVIERE,44000.0,namas,184.0,5.0,0,757000.0,4114.0,655.0,47.222872,-1.536632,44109000CE0066
2022-08-08,7 IMP COTTINEAU,44000.0,namas,73.0,2.0,0,108000.0,1479.0,655.0,47.228629,-1.534946,44109000CD0368
2025-06-24,7 IMP COTTINEAU,44000.0,namas,73.0,2.0,0,747000.0,10233.0,655.0,47.228629,-1.534946,44109000CD0368
2023-04-12,39 RUE DES ROCHETTES,44000.0,namas,64.0,3.0,0,375000.0,5859.0,658.0,47.22384,-1.537026,44109000CE0048
2023-01-30,28 RUE DE COULMIERS,44000.0,butas,51.0,3.0,0,44000.0,863.0,659.0,47.221326,-1.535526,44109000CH0006
2023-07-27,28 RUE DE COULMIERS,44000.0,butas,23.0,1.0,0,105000.0,4565.0,659.0,47.221326,-1.535526,44109000CH0006
2022-08-22,28 RUE DE COULMIERS,44000.0,butas,25.0,1.0,0,130500.0,5220.0,659.0,47.221326,-1.535526,44109000CH0006
2021-08-20,28 RUE DE COULMIERS,44000.0,butas,23.0,1.0,0,93500.0,4065.0,659.0,47.221326,-1.535526,44109000CH0006
2023-11-10,28 RUE DE COULMIERS,44000.0,butas,28.0,2.0,0,100000.0,3571.0,659.0,47.221326,-1.535526,44109000CH0006
2024-02-07,14 RUE DE COULMIERS,44000.0,butas,40.0,2.0,1,130000.0,3250.0,659.0,47.2207,-1.534774,44109000CH0039
2022-12-15,14 RUE DE COULMIERS,44000.0,butas,24.0,0.0,1,20000.0,833.0,659.0,47.2207,-1.534774,44109000CH0039
2024-02-16,28 RUE DE COULMIERS,44000.0,butas,27.0,1.0,0,75000.0,2778.0,659.0,47.221326,-1.535526,44109000CH0006
2022-01-11,2 BD STALINGRAD,44000.0,butas,18.0,1.0,0,99000.0,5500.0,660.0,47.219862,-1.533356,44109000CH0599
2025-06-25,37 RUE DES ROCHETTES,44000.0,butas,56.0,2.0,1,215000.0,3839.0,663.0,47.223684,-1.537048,44109000CE0049
2021-04-13,38 RUE DE COULMIERS,44000.0,butas,68.0,3.0,0,210000.0,3088.0,663.0,47.222023,-1.536218,44109000CE0085
2025-06-26,38 RUE DE COULMIERS,44000.0,butas,56.0,3.0,1,190000.0,3393.0,663.0,47.222023,-1.536218,44109000CE0085
2024-01-17,37 RUE DES ROCHETTES,44000.0,butas,56.0,2.0,1,130000.0,2321.0,663.0,47.223684,-1.537048,44109000CE0049
2021-06-15,38 RUE DE COULMIERS,44000.0,butas,56.0,3.0,1,195000.0,3482.0,663.0,47.222023,-1.536218,44109000CE0085
2025-04-28,37 RUE DES ROCHETTES,44000.0,butas,25.0,1.0,0,75000.0,3000.0,663.0,47.223684,-1.537048,44109000CE0049
2021-05-06,46 RUE DE COULMIERS,44000.0,butas,108.0,5.0,1,410000.0,3796.0,665.0,47.222365,-1.536484,44109000CE0078
2024-11-19,46 RUE DE COULMIERS,44000.0,butas,50.0,3.0,1,165000.0,3300.0,665.0,47.222365,-1.536484,44109000CE0078
2022-04-22,46 RUE DE COULMIERS,44000.0,butas,60.0,3.0,1,180000.0,3000.0,665.0,47.222365,-1.536484,44109000CE0078
2025-12-17,46 RUE DE COULMIERS,44000.0,butas,62.0,3.0,1,218000.0,3516.0,665.0,47.222365,-1.536484,44109000CE0078
2025-06-13,42 RUE DE COULMIERS,44000.0,butas,63.0,3.0,1,290000.0,4603.0,666.0,47.22219,-1.536376,44109000CE0083
2024-05-31,42 RUE DE COULMIERS,44000.0,butas,30.0,2.0,2,115000.0,3833.0,666.0,47.22219,-1.536376,44109000CE0083
2021-10-06,36 RUE DE COULMIERS,44000.0,butas,24.0,1.0,1,180000.0,7500.0,666.0,47.221941,-1.536197,44109000CE0089
2021-06-02,36 RUE DE COULMIERS,44000.0,butas,25.0,1.0,1,115000.0,4600.0,666.0,47.221941,-1.536197,44109000CE0089
2021-05-28,42 RUE DE COULMIERS,44000.0,butas,63.0,3.0,1,275000.0,4365.0,666.0,47.22219,-1.536376,44109000CE0083
2023-12-29,42 RUE DE COULMIERS,44000.0,butas,32.0,2.0,1,97000.0,3031.0,666.0,47.22219,-1.536376,44109000CE0083
2021-07-30,34 RUE DE COULMIERS,44000.0,namas,102.0,5.0,1,480000.0,4706.0,667.0,47.221793,-1.536091,44109000CE0090
2022-12-07,32 RUE DE COULMIERS,44000.0,butas,26.0,2.0,1,90000.0,3462.0,667.0,47.221793,-1.536091,44109000CE0090
2025-12-18,90 AV FRANCOIS BROUSSAIS,44300.0,butas,24.0,1.0,1,100000.0,4167.0,668.0,47.227183,-1.520341,44109000BV0463
2025-09-23,90 AV FRANCOIS BROUSSAIS,44300.0,butas,52.0,3.0,1,180000.0,3462.0,668.0,47.227183,-1.520341,44109000BV0463
2021-01-04,90 AV FRANCOIS BROUSSAIS,44300.0,butas,35.0,2.0,1,160000.0,4571.0,668.0,47.227183,-1.520341,44109000BV0463
2024-01-19,90 AV FRANCOIS BROUSSAIS,44300.0,butas,40.0,2.0,1,145000.0,3625.0,668.0,47.227183,-1.520341,44109000BV0463
2022-01-17,90 AV FRANCOIS BROUSSAIS,44300.0,butas,21.0,1.0,1,95000.0,4524.0,668.0,47.227183,-1.520341,44109000BV0463
2022-08-09,90 AV FRANCOIS BROUSSAIS,44300.0,butas,21.0,1.0,1,105000.0,5000.0,668.0,47.227183,-1.520341,44109000BV0463
2023-08-31,90 AV FRANCOIS BROUSSAIS,44300.0,butas,22.0,1.0,1,101000.0,4591.0,668.0,47.227183,-1.520341,44109000BV0463
2023-08-04,90 AV FRANCOIS BROUSSAIS,44300.0,butas,35.0,2.0,1,120000.0,3429.0,668.0,47.227183,-1.520341,44109000BV0463
2025-06-13,90 AV FRANCOIS BROUSSAIS,44300.0,butas,20.0,1.0,1,85000.0,4250.0,668.0,47.227183,-1.520341,44109000BV0463
2023-03-16,90 AV FRANCOIS BROUSSAIS,44300.0,butas,23.0,1.0,0,105000.0,4565.0,668.0,47.227183,-1.520341,44109000BV0463
2024-06-28,90 AV FRANCOIS BROUSSAIS,44300.0,butas,23.0,1.0,1,100000.0,4348.0,668.0,47.227183,-1.520341,44109000BV0463
2022-09-02,90 AV FRANCOIS BROUSSAIS,44300.0,butas,23.0,1.0,1,98500.0,4283.0,668.0,47.227183,-1.520341,44109000BV0463
2024-03-29,90 AV FRANCOIS BROUSSAIS,44300.0,butas,22.0,1.0,1,104500.0,4750.0,668.0,47.227183,-1.520341,44109000BV0463
2024-09-23,90 AV FRANCOIS BROUSSAIS,44300.0,butas,20.0,1.0,1,85300.0,4265.0,668.0,47.227183,-1.520341,44109000BV0463
2022-05-04,90 AV FRANCOIS BROUSSAIS,44300.0,butas,40.0,2.0,1,143000.0,3575.0,668.0,47.227183,-1.520341,44109000BV0463
2022-07-07,90 AV FRANCOIS BROUSSAIS,44300.0,butas,20.0,1.0,1,114000.0,5700.0,668.0,47.227183,-1.520341,44109000BV0463
2022-10-25,90 AV FRANCOIS BROUSSAIS,44300.0,butas,35.0,2.0,1,137000.0,3914.0,668.0,47.227183,-1.520341,44109000BV0463
2023-12-08,90 AV FRANCOIS BROUSSAIS,44300.0,butas,40.0,2.0,1,140000.0,3500.0,668.0,47.227183,-1.520341,44109000BV0463
2025-07-17,90 AV FRANCOIS BROUSSAIS,44300.0,butas,52.0,3.0,1,189000.0,3635.0,668.0,47.227183,-1.520341,44109000BV0463
2022-02-11,32 RUE JULES FERRY,44300.0,butas,100.0,6.0,1,300000.0,3000.0,669.0,47.225973,-1.519758,44109000CI0603
2022-09-05,38 RTE DE STE-LUCE,44300.0,butas,98.0,5.0,2,380000.0,3878.0,670.0,47.229911,-1.523837,44109000BV0517
2023-03-10,38 RTE DE STE-LUCE,44300.0,butas,79.0,4.0,2,295000.0,3734.0,670.0,47.229911,-1.523837,44109000BV0517
2022-01-13,14 IMP PHILIBERT,44000.0,butas,30.0,1.0,0,120000.0,4000.0,671.0,47.220712,-1.534998,44109000CH0837
2023-10-25,24 RUE DE COULMIERS,44000.0,butas,27.0,1.0,1,140000.0,5185.0,671.0,47.221072,-1.535447,44109000CH0033
2021-04-16,14 IMP PHILIBERT,44000.0,butas,30.0,1.0,0,120000.0,4000.0,671.0,47.220712,-1.534998,44109000CH0837
2024-06-05,72 RUE DES CHALATRES,44000.0,namas,140.0,6.0,1,690000.0,4929.0,671.0,47.229391,-1.534092,44109000BX0332
2025-08-29,2 AV RENE JALAIS,44300.0,namas,117.0,6.0,1,626654.0,5356.0,671.0,47.223417,-1.519773,44109000CI0314
2024-02-02,14 IMP PHILIBERT,44000.0,butas,30.0,1.0,0,123000.0,4100.0,671.0,47.220712,-1.534998,44109000CH0837
2022-04-25,14 IMP PHILIBERT,44000.0,butas,26.0,1.0,0,115000.0,4423.0,671.0,47.220712,-1.534998,44109000CH0837
2025-05-22,20 RUE DE COULMIERS,44000.0,butas,18.0,1.0,0,69500.0,3861.0,672.0,47.220926,-1.535296,44109000CH0035
2024-05-16,20 RUE DE COULMIERS,44000.0,butas,13.0,1.0,0,62500.0,4808.0,672.0,47.220926,-1.535296,44109000CH0035
2025-07-11,20 RUE DE COULMIERS,44000.0,butas,42.0,2.0,1,129000.0,3071.0,672.0,47.220926,-1.535296,44109000CH0035
2025-03-27,20 RUE DE COULMIERS,44000.0,butas,43.0,3.0,1,121000.0,2814.0,672.0,47.220926,-1.535296,44109000CH0035
2022-06-14,69 BD DES POILUS,44300.0,namas,130.0,7.0,1,618556.0,4758.0,673.0,47.230726,-1.529833,44109000BX0607
2022-05-25,7 RUE COMMANDANT RIVIERE,44000.0,butas,40.0,2.0,1,41500.0,1038.0,673.0,47.222504,-1.536688,44109000CE0074
2022-05-25,7 RUE COMMANDANT RIVIERE,44000.0,butas,19.0,1.0,0,83500.0,4395.0,673.0,47.222504,-1.536688,44109000CE0074
2021-07-01,44 RUE DE COULMIERS,44000.0,butas,15.0,0.0,0,55000.0,3667.0,674.0,47.222257,-1.536545,44109000CE0077
2022-05-18,44 RUE DE COULMIERS,44000.0,butas,15.0,1.0,0,87500.0,5833.0,674.0,47.222257,-1.536545,44109000CE0077
2022-12-19,44 RUE DE COULMIERS,44000.0,butas,35.0,2.0,1,90000.0,2571.0,674.0,47.222257,-1.536545,44109000CE0077
2024-01-11,44 RUE DE COULMIERS,44000.0,butas,63.0,3.0,1,215000.0,3413.0,674.0,47.222257,-1.536545,44109000CE0077
2024-06-19,5 RUE DU TROISIEME DRAGONS,44000.0,butas,112.0,3.0,2,335100.0,2992.0,675.0,47.223809,-1.53724,44109000CE0145
2021-10-19,5 RUE DU TROISIEME DRAGONS,44000.0,butas,49.0,2.0,1,225000.0,4592.0,675.0,47.223809,-1.53724,44109000CE0145
2022-03-31,44 BD DE DOULON,44300.0,butas,64.0,3.0,1,237500.0,3711.0,676.0,47.224077,-1.519535,44109000CI0263
2021-01-13,44 BD DE DOULON,44300.0,butas,60.0,3.0,1,228000.0,3800.0,676.0,47.224077,-1.519535,44109000CI0263
2025-06-04,44 BD DE DOULON,44300.0,butas,56.0,3.0,1,220000.0,3929.0,676.0,47.224077,-1.519535,44109000CI0263
2025-05-16,12 RUE DE COULMIERS,44000.0,namas,58.0,3.0,0,255000.0,4397.0,677.0,47.220402,-1.534673,44109000CH0061
2025-06-30,66 RUE DES AGENETS,44000.0,namas,137.0,7.0,1,430000.0,3139.0,677.0,47.230248,-1.532283,44109000BX0245
2025-09-19,2 RUE DU TROISIEME DRAGONS,44000.0,namas,66.0,3.0,0,453000.0,6864.0,678.0,47.224228,-1.537351,44109000CE0028
2024-07-12,74 RUE DES CHALATRES,44000.0,namas,68.0,3.0,1,285000.0,4191.0,679.0,47.229435,-1.534181,44109000BX0333
2022-08-10,16 RUE DE COULMIERS,44000.0,butas,45.0,2.0,1,120000.0,2667.0,679.0,47.220783,-1.535238,44109000CH0792
2021-05-06,16 RUE DE COULMIERS,44000.0,butas,22.0,1.0,0,95000.0,4318.0,679.0,47.220783,-1.535238,44109000CH0792
2022-12-16,16 RUE DE COULMIERS,44000.0,butas,30.0,2.0,0,99000.0,3300.0,679.0,47.220783,-1.535238,44109000CH0792
2022-01-21,30 RUE JULES FERRY,44300.0,butas,84.0,4.0,1,275000.0,3274.0,680.0,47.225947,-1.519604,44109000CI0545
2024-01-30,12 RUE DE COULMIERS,44000.0,namas,80.0,3.0,0,329000.0,4112.0,680.0,47.220341,-1.534642,44109000CH0063
2022-10-12,30 RUE JULES FERRY,44300.0,butas,84.0,4.0,1,258000.0,3071.0,680.0,47.225947,-1.519604,44109000CI0545
2025-08-28,12 RUE DE COULMIERS,44000.0,namas,64.0,4.0,0,168900.0,2639.0,681.0,47.220314,-1.534618,44109000CH0064
2025-03-31,55 RUE DES ROCHETTES,44000.0,namas,122.0,5.0,0,573500.0,4701.0,682.0,47.224376,-1.537428,44109000CE0025
2023-02-13,53 RUE DES ROCHETTES,44000.0,namas,63.0,4.0,0,425000.0,6746.0,682.0,47.224299,-1.537416,44109000CE0026
2022-02-04,33 BD DE DOULON,44300.0,butas,29.0,1.0,1,117000.0,4034.0,683.0,47.222995,-1.519761,44109000CI0682
2021-09-15,33 BD DE DOULON,44300.0,butas,30.0,1.0,1,122000.0,4067.0,683.0,47.222995,-1.519761,44109000CI0682
2025-08-08,33 BD DE DOULON,44300.0,butas,69.0,3.0,1,230000.0,3333.0,683.0,47.222995,-1.519761,44109000CI0682
2025-03-28,33 BD DE DOULON,44300.0,butas,53.0,2.0,1,200000.0,3774.0,683.0,47.222995,-1.519761,44109000CI0682
2022-06-30,33 BD DE DOULON,44300.0,butas,39.0,2.0,1,185000.0,4744.0,683.0,47.222995,-1.519761,44109000CI0682
2025-11-26,33 BD DE DOULON,44300.0,butas,106.0,4.0,2,420000.0,3962.0,683.0,47.222995,-1.519761,44109000CI0682
2022-06-10,33 BD DE DOULON,44300.0,namas,92.0,3.0,1,348000.0,3783.0,683.0,47.222995,-1.519761,44109000CI0682
2021-09-07,33 BD DE DOULON,44300.0,butas,110.0,4.0,1,475000.0,4318.0,683.0,47.222995,-1.519761,44109000CI0682
2021-09-02,66 BD DES POILUS,44300.0,butas,60.0,2.0,2,245000.0,4083.0,683.0,47.230888,-1.528648,44109000BC0041
2021-07-16,33 BD DE DOULON,44300.0,butas,97.0,4.0,1,413500.0,4263.0,683.0,47.222995,-1.519761,44109000CI0682
2025-03-24,33 BD DE DOULON,44300.0,butas,46.0,2.0,1,152200.0,3309.0,683.0,47.222995,-1.519761,44109000CI0682
2021-08-26,48 RUE DE COULMIERS,44000.0,butas,55.0,4.0,0,289000.0,5255.0,684.0,47.222471,-1.536819,44109000CE0076
2022-07-04,25 RUE DES FORGES,44300.0,namas,76.0,4.0,1,372000.0,4895.0,685.0,47.224591,-1.519359,44109000CI0253
2025-12-08,12 RUE DE COULMIERS,44000.0,butas,16.0,1.0,0,58000.0,3625.0,685.0,47.220255,-1.5346,44109000CH0758
2025-10-09,12 RUE DE COULMIERS,44000.0,butas,33.0,1.0,0,105000.0,3182.0,685.0,47.220255,-1.5346,44109000CH0758
2021-01-05,48 RUE DE COULMIERS,44000.0,butas,74.0,3.0,0,354240.0,4787.0,685.0,47.222669,-1.536938,44109000CE0058
2023-08-18,72 RUE DES TROIS ROIS,44000.0,namas,119.0,6.0,0,566000.0,4756.0,687.0,47.23079,-1.530325,44109000BX0634
2022-01-25,7 RUE DU TROISIEME DRAGONS,44000.0,butas,33.0,1.0,0,140000.0,4242.0,688.0,47.223662,-1.537371,44109000CE0144
2024-03-08,5 BD STALINGRAD,44000.0,butas,30.0,1.0,0,60000.0,2000.0,688.0,47.219768,-1.533787,44109000CH0087
2021-02-02,30 AV RENE JALAIS,44300.0,namas,98.0,5.0,0,364000.0,3714.0,688.0,47.222417,-1.519995,44109000CI0300
2025-05-22,7 RUE DU TROISIEME DRAGONS,44000.0,butas,73.0,3.0,1,235000.0,3219.0,688.0,47.223662,-1.537371,44109000CE0144
2023-04-06,7 RUE DU TROISIEME DRAGONS,44000.0,butas,53.0,2.0,1,156100.0,2945.0,688.0,47.223662,-1.537371,44109000CE0144
2023-06-19,50 RUE DE COULMIERS,44000.0,butas,44.0,2.0,2,230000.0,5227.0,688.0,47.222852,-1.537077,44109000CE0056
2025-03-12,5 BD STALINGRAD,44000.0,butas,46.0,2.0,0,130000.0,2826.0,688.0,47.219768,-1.533787,44109000CH0087
2025-12-22,54 RUE DE COULMIERS,44000.0,butas,68.0,4.0,2,204200.0,3003.0,689.0,47.223353,-1.5373,44109000CE0053
2024-12-02,52 RUE DE COULMIERS,44000.0,butas,67.0,4.0,2,205000.0,3060.0,689.0,47.223353,-1.5373,44109000CE0053
2021-04-27,54 RUE DE COULMIERS,44000.0,butas,67.0,4.0,1,259000.0,3866.0,689.0,47.223353,-1.5373,44109000CE0053
2022-06-03,54 RUE DE COULMIERS,44000.0,butas,72.0,4.0,2,246000.0,3417.0,689.0,47.223353,-1.5373,44109000CE0053
2021-10-14,54 RUE DE COULMIERS,44000.0,butas,68.0,4.0,2,296850.0,4365.0,689.0,47.223353,-1.5373,44109000CE0053
2021-06-18,12 RUE DE LA MOUTONNERIE,44000.0,butas,23.0,1.0,0,98150.0,4267.0,690.0,47.219918,-1.534127,44109000CH0081
2023-11-24,12 RUE DE LA MOUTONNERIE,44000.0,butas,41.0,2.0,1,190000.0,4634.0,690.0,47.219918,-1.534127,44109000CH0081
2025-06-26,61 RUE DES ROCHETTES,44000.0,namas,68.0,3.0,1,240000.0,3529.0,693.0,47.224543,-1.537582,44109000CE0022
2025-09-10,28 RUE CORENTIN BOURVEAU,44300.0,butas,75.0,3.0,1,185000.0,2467.0,694.0,47.227398,-1.520109,44109000BV0462
2023-11-15,28 RUE CORENTIN BOURVEAU,44300.0,butas,90.0,4.0,1,196800.0,2187.0,694.0,47.227398,-1.520109,44109000BV0462
2023-09-25,24 RUE CORENTIN BOURVEAU,44300.0,butas,74.0,3.0,1,190000.0,2568.0,694.0,47.227398,-1.520109,44109000BV0462
2021-08-06,26 RUE CORENTIN BOURVEAU,44300.0,butas,71.0,3.0,1,119900.0,1689.0,694.0,47.227398,-1.520109,44109000BV0462
2021-08-06,24 RUE CORENTIN BOURVEAU,44300.0,butas,91.0,4.0,2,157800.0,1734.0,694.0,47.227398,-1.520109,44109000BV0462
2025-01-14,28 RUE CORENTIN BOURVEAU,44300.0,butas,91.0,4.0,1,239000.0,2626.0,694.0,47.227398,-1.520109,44109000BV0462
2025-04-29,26 RUE CORENTIN BOURVEAU,44300.0,butas,74.0,3.0,1,210000.0,2838.0,694.0,47.227398,-1.520109,44109000BV0462
2022-03-02,28 RUE CORENTIN BOURVEAU,44300.0,butas,115.0,3.0,2,189800.0,1650.0,694.0,47.227398,-1.520109,44109000BV0462
2024-10-15,28 RUE CORENTIN BOURVEAU,44300.0,butas,55.0,2.0,1,172500.0,3136.0,694.0,47.227398,-1.520109,44109000BV0462
2022-07-25,24 RUE CORENTIN BOURVEAU,44300.0,butas,89.0,4.0,1,230000.0,2584.0,694.0,47.227398,-1.520109,44109000BV0462
2024-06-27,24 RUE CORENTIN BOURVEAU,44300.0,butas,54.0,2.0,0,139000.0,2574.0,694.0,47.227398,-1.520109,44109000BV0462
2022-08-16,20 RUE CORENTIN BOURVEAU,44300.0,butas,73.0,3.0,1,190000.0,2603.0,694.0,47.227398,-1.520109,44109000BV0462
2022-08-09,28 RUE CORENTIN BOURVEAU,44300.0,butas,76.0,3.0,1,200000.0,2632.0,694.0,47.227398,-1.520109,44109000BV0462
2022-06-08,20 RUE CORENTIN BOURVEAU,44300.0,butas,91.0,4.0,1,145900.0,1603.0,694.0,47.227398,-1.520109,44109000BV0462
2024-03-27,20 RUE CORENTIN BOURVEAU,44300.0,butas,68.0,3.0,1,180000.0,2647.0,694.0,47.227398,-1.520109,44109000BV0462
2022-05-23,28 RUE CORENTIN BOURVEAU,44300.0,butas,66.0,3.0,1,275000.0,4167.0,694.0,47.227398,-1.520109,44109000BV0462
2025-10-20,22 RUE CORENTIN BOURVEAU,44300.0,butas,74.0,3.0,1,180000.0,2432.0,694.0,47.227398,-1.520109,44109000BV0462
2024-02-14,28 RUE CORENTIN BOURVEAU,44300.0,butas,74.0,3.0,1,200000.0,2703.0,694.0,47.227398,-1.520109,44109000BV0462
2023-03-02,28 RUE CORENTIN BOURVEAU,44300.0,butas,76.0,3.0,1,134100.0,1764.0,694.0,47.227398,-1.520109,44109000BV0462
2021-03-26,28 RUE CORENTIN BOURVEAU,44300.0,butas,66.0,3.0,1,144100.0,2183.0,694.0,47.227398,-1.520109,44109000BV0462
2025-01-22,26 RUE CORENTIN BOURVEAU,44300.0,butas,53.0,2.0,1,152000.0,2868.0,694.0,47.227398,-1.520109,44109000BV0462
2024-07-26,20 RUE CORENTIN BOURVEAU,44300.0,butas,92.0,4.0,1,240000.0,2609.0,694.0,47.227398,-1.520109,44109000BV0462
2025-09-01,20 RUE CORENTIN BOURVEAU,44300.0,butas,67.0,3.0,1,155000.0,2313.0,694.0,47.227398,-1.520109,44109000BV0462
2022-08-18,28 RUE CORENTIN BOURVEAU,44300.0,butas,55.0,2.0,1,155000.0,2818.0,694.0,47.227398,-1.520109,44109000BV0462
2025-10-22,28 RUE CORENTIN BOURVEAU,44300.0,butas,53.0,2.0,0,139000.0,2623.0,694.0,47.227398,-1.520109,44109000BV0462
2022-03-01,35 RUE DE COULMIERS,44000.0,butas,48.0,3.0,1,180000.0,3750.0,695.0,47.221655,-1.536393,44109000ES0029
2021-09-27,35 RUE DE COULMIERS,44000.0,butas,23.0,1.0,1,105000.0,4565.0,695.0,47.221655,-1.536393,44109000ES0029
2021-01-14,67 RUE DES TROIS ROIS,44000.0,butas,47.0,2.0,1,165000.0,3511.0,698.0,47.230742,-1.531183,44109000BX0672
2024-02-29,67 RUE DES TROIS ROIS,44000.0,butas,70.0,3.0,1,180000.0,2571.0,698.0,47.230742,-1.531183,44109000BX0672
2021-03-22,65 RUE DES TROIS ROIS,44000.0,butas,70.0,3.0,1,250000.0,3571.0,698.0,47.230742,-1.531183,44109000BX0672
2023-02-24,65 RUE DES TROIS ROIS,44000.0,butas,70.0,3.0,1,219000.0,3129.0,698.0,47.230742,-1.531183,44109000BX0672
2024-10-24,27 RUE DE COULMIERS,44000.0,butas,31.0,2.0,1,80000.0,2581.0,698.0,47.221229,-1.536053,44109000ES0205
2024-10-22,7 RUE DES CHAMBELLES,44000.0,butas,49.0,2.0,1,145000.0,2959.0,698.0,47.230742,-1.531183,44109000BX0672
2021-05-18,67 RUE DES TROIS ROIS,44000.0,butas,48.0,2.0,1,156000.0,3250.0,698.0,47.230742,-1.531183,44109000BX0672
2021-03-26,67 RUE DES TROIS ROIS,44000.0,butas,70.0,3.0,1,253500.0,3621.0,698.0,47.230742,-1.531183,44109000BX0672
2022-01-07,65 RUE DES TROIS ROIS,44000.0,butas,49.0,2.0,1,239500.0,4888.0,698.0,47.230742,-1.531183,44109000BX0672
2024-03-13,7 RUE DES CHAMBELLES,44000.0,butas,70.0,3.0,1,255000.0,3643.0,698.0,47.230742,-1.531183,44109000BX0672
2021-06-08,7 RUE DES CHAMBELLES,44000.0,butas,68.0,3.0,1,253100.0,3722.0,698.0,47.230742,-1.531183,44109000BX0672
2021-09-30,65 RUE DES TROIS ROIS,44000.0,butas,48.0,2.0,1,177500.0,3698.0,698.0,47.230742,-1.531183,44109000BX0672
2021-01-15,65 RUE DES TROIS ROIS,44000.0,butas,49.0,2.0,1,170000.0,3469.0,698.0,47.230742,-1.531183,44109000BX0672
2025-12-16,67 RUE DES TROIS ROIS,44000.0,butas,49.0,2.0,1,170000.0,3469.0,698.0,47.230742,-1.531183,44109000BX0672
2022-07-08,65 RUE DES TROIS ROIS,44000.0,butas,70.0,3.0,1,335000.0,4786.0,698.0,47.230742,-1.531183,44109000BX0672
2021-09-09,63 RUE DES TROIS ROIS,44000.0,butas,51.0,2.0,1,141000.0,2765.0,698.0,47.230742,-1.531183,44109000BX0672
2024-07-19,7 RUE DES CHAMBELLES,44000.0,butas,70.0,3.0,1,215000.0,3071.0,698.0,47.230742,-1.531183,44109000BX0672
2025-03-07,7 RUE DES CHAMBELLES,44000.0,butas,51.0,2.0,1,158500.0,3108.0,698.0,47.230742,-1.531183,44109000BX0672
2024-10-08,65 RUE DES TROIS ROIS,44000.0,butas,31.0,1.0,1,120000.0,3871.0,698.0,47.230742,-1.531183,44109000BX0672
2022-04-29,7 RUE DES CHAMBELLES,44000.0,butas,71.0,3.0,1,284210.0,4003.0,698.0,47.230742,-1.531183,44109000BX0672
2022-09-12,7 RUE DES CHAMBELLES,44000.0,butas,50.0,2.0,1,181500.0,3630.0,698.0,47.230742,-1.531183,44109000BX0672
2022-07-08,65 RUE DES TROIS ROIS,44000.0,butas,49.0,2.0,1,215000.0,4388.0,698.0,47.230742,-1.531183,44109000BX0672
2023-07-20,65 RUE DES TROIS ROIS,44000.0,butas,49.0,2.0,1,160000.0,3265.0,698.0,47.230742,-1.531183,44109000BX0672
2022-07-12,7 AV RENE JALAIS,44300.0,namas,109.0,5.0,0,420000.0,3853.0,699.0,47.222743,-1.519668,44109000CI0293
2021-11-24,52 RUE DE COULMIERS,44000.0,butas,64.0,2.0,1,150000.0,2344.0,699.0,47.223077,-1.537328,44109000CE0054
2023-09-12,74 BD DES POILUS,44300.0,butas,53.0,2.0,2,170000.0,3208.0,699.0,47.231022,-1.529051,44109000BC0039
2025-02-07,74 BD DES POILUS,44300.0,butas,53.0,2.0,2,150000.0,2830.0,699.0,47.231022,-1.529051,44109000BC0039
2021-01-08,74 BD DES POILUS,44300.0,butas,53.0,0.0,1,133000.0,2509.0,699.0,47.231022,-1.529051,44109000BC0039
2024-08-30,25 RUE DE COULMIERS,44000.0,butas,68.0,2.0,1,275000.0,4044.0,700.0,47.221134,-1.535994,44109000ES0206
2022-06-13,39 RUE DE COULMIERS,44000.0,butas,24.0,1.0,0,65116.0,2713.0,700.0,47.221891,-1.53666,44109000ES0027
2025-09-30,25 RUE DE COULMIERS,44000.0,butas,53.0,2.0,0,166850.0,3148.0,700.0,47.221134,-1.535994,44109000ES0206
2023-01-12,25 RUE DE COULMIERS,44000.0,butas,37.0,3.0,0,146000.0,3946.0,700.0,47.221134,-1.535994,44109000ES0206
2024-03-01,71 RUE DES ROCHETTES,44000.0,namas,95.0,6.0,0,450000.0,4737.0,701.0,47.224939,-1.537696,44109000CE0017
2021-02-19,74 RUE DES TROIS ROIS,44000.0,butas,21.0,1.0,0,110000.0,5238.0,702.0,47.230916,-1.530418,44109000BX0670
2024-12-10,74 RUE DES TROIS ROIS,44000.0,butas,19.0,1.0,1,85000.0,4474.0,702.0,47.230916,-1.530418,44109000BX0670
2022-03-30,74 RUE DES TROIS ROIS,44000.0,butas,21.0,1.0,1,113500.0,5405.0,702.0,47.230916,-1.530418,44109000BX0670
2021-07-09,74 RUE DES TROIS ROIS,44000.0,butas,30.0,1.0,1,122000.0,4067.0,702.0,47.230916,-1.530418,44109000BX0670
2022-07-19,74 RUE DES TROIS ROIS,44000.0,butas,22.0,1.0,1,95000.0,4318.0,702.0,47.230916,-1.530418,44109000BX0670
2022-02-15,32 AV RENE JALAIS,44300.0,namas,85.0,4.0,0,355000.0,4176.0,702.0,47.222431,-1.519793,44109000CI0299
2022-03-24,41 RUE DE COULMIERS,44000.0,butas,62.0,3.0,1,217000.0,3500.0,703.0,47.221938,-1.536746,44109000ES0026
2022-02-25,41 RUE DE COULMIERS,44000.0,butas,62.0,3.0,1,233000.0,3758.0,703.0,47.221938,-1.536746,44109000ES0026
2022-05-17,22 AV DE LA VALTAISERIE,44300.0,namas,69.0,4.0,1,470000.0,6812.0,703.0,47.229231,-1.521858,44109000BV0194
2024-11-06,41 RUE DE COULMIERS,44000.0,butas,62.0,3.0,1,256200.0,4132.0,703.0,47.221938,-1.536746,44109000ES0026
2022-01-24,41 RUE DE COULMIERS,44000.0,butas,62.0,3.0,1,232000.0,3742.0,703.0,47.221938,-1.536746,44109000ES0026
2023-04-25,21 RUE DE COULMIERS,44000.0,butas,33.0,2.0,0,126000.0,3818.0,704.0,47.220982,-1.535889,44109000ES0345
2021-06-07,19 RUE DE COULMIERS,44000.0,butas,45.0,3.0,0,92500.0,2056.0,704.0,47.220902,-1.535809,44109000ES0209
2021-03-02,19 RUE DE COULMIERS,44000.0,butas,20.0,1.0,0,75000.0,3750.0,704.0,47.220902,-1.535809,44109000ES0209
2022-05-03,19 RUE DE COULMIERS,44000.0,butas,23.0,1.0,0,86570.0,3764.0,704.0,47.220902,-1.535809,44109000ES0209
2022-08-29,19 RUE DE COULMIERS,44000.0,butas,29.0,1.0,0,140000.0,4828.0,704.0,47.220902,-1.535809,44109000ES0209
2023-01-11,44 RTE DE STE-LUCE,44300.0,butas,100.0,3.0,1,267000.0,2670.0,704.0,47.230155,-1.523559,44109000BV0458
2025-06-10,44 RTE DE STE-LUCE,44300.0,butas,73.0,3.0,1,173545.0,2377.0,704.0,47.230155,-1.523559,44109000BV0458
2024-07-22,19 RUE DE COULMIERS,44000.0,butas,16.0,1.0,1,70000.0,4375.0,704.0,47.220902,-1.535809,44109000ES0209
2022-12-20,44 RTE DE STE-LUCE,44300.0,butas,63.0,3.0,1,222000.0,3524.0,704.0,47.230155,-1.523559,44109000BV0458
2025-03-12,44 RTE DE STE-LUCE,44300.0,butas,116.0,4.0,1,338670.0,2920.0,704.0,47.230155,-1.523559,44109000BV0458
2023-12-18,21 RUE DE COULMIERS,44000.0,butas,38.0,2.0,1,150000.0,3947.0,704.0,47.220982,-1.535889,44109000ES0345
2022-01-24,19 RUE DE COULMIERS,44000.0,butas,18.0,1.0,0,68000.0,3778.0,704.0,47.220902,-1.535809,44109000ES0209
2025-06-06,17 RUE DE COULMIERS,44000.0,butas,36.0,2.0,1,118000.0,3278.0,705.0,47.220775,-1.535666,44109000ES0224
2022-09-09,23 RUE DE COULMIERS,44000.0,butas,42.0,2.0,0,120000.0,2857.0,705.0,47.221046,-1.535973,44109000ES0207
2021-03-29,78 RUE DES CHALATRES,44000.0,namas,78.0,5.0,0,360000.0,4615.0,705.0,47.229619,-1.5344,44109000BX0342
2022-10-24,9 RUE DU TROISIEME DRAGONS,44000.0,butas,48.0,2.0,1,248855.0,5184.0,705.0,47.223696,-1.537618,44109000CE0040
2025-07-24,23 RUE DE COULMIERS,44000.0,butas,36.0,2.0,1,78750.0,2188.0,705.0,47.221046,-1.535973,44109000ES0207
2021-11-22,17 RUE DE COULMIERS,44000.0,butas,21.0,1.0,1,85000.0,4048.0,705.0,47.220775,-1.535666,44109000ES0224
2022-09-07,9 RUE DU TROISIEME DRAGONS,44000.0,butas,50.0,2.0,1,193500.0,3870.0,705.0,47.223696,-1.537618,44109000CE0040
2025-03-27,54 RUE DE COULMIERS,44000.0,namas,110.0,5.0,1,610000.0,5545.0,707.0,47.223449,-1.537569,44109000CE0042
2022-11-08,81 RUE D ALLONVILLE,44000.0,butas,61.0,3.0,1,135000.0,2213.0,708.0,47.221178,-1.536155,44109000ES0203
2025-05-26,1 RUE DU PIPAY,44000.0,namas,27.0,2.0,0,296000.0,10963.0,708.0,47.224865,-1.537791,44109000CE0015
2023-12-08,81 RUE D ALLONVILLE,44000.0,butas,29.0,1.0,1,100000.0,3448.0,708.0,47.221178,-1.536155,44109000ES0203
2024-10-04,81 RUE D ALLONVILLE,44000.0,butas,20.0,1.0,0,170000.0,8500.0,708.0,47.221178,-1.536155,44109000ES0203
2022-02-22,81 RUE D ALLONVILLE,44000.0,butas,65.0,3.0,0,205000.0,3154.0,708.0,47.221178,-1.536155,44109000ES0203
2021-07-27,81 RUE D ALLONVILLE,44000.0,butas,65.0,3.0,0,167000.0,2569.0,708.0,47.221178,-1.536155,44109000ES0203
2022-12-02,81 RUE D ALLONVILLE,44000.0,butas,65.0,3.0,0,99900.0,1537.0,708.0,47.221178,-1.536155,44109000ES0203
2022-08-11,1 RUE DU PIPAY,44000.0,namas,27.0,2.0,0,320000.0,11852.0,708.0,47.224865,-1.537791,44109000CE0015
2023-02-20,81 RUE D ALLONVILLE,44000.0,butas,39.0,2.0,1,170000.0,4359.0,708.0,47.221178,-1.536155,44109000ES0203
2024-12-30,75 BD DES POILUS,44300.0,namas,129.0,5.0,0,370000.0,2868.0,712.0,47.231036,-1.530208,44109000BX0649
2023-06-23,11 RUE DU PIPAY,44000.0,namas,75.0,3.0,1,506000.0,6747.0,713.0,47.224557,-1.537843,44109000CE0010
2025-08-27,40 RUE D ALLONVILLE,44000.0,namas,96.0,4.0,1,520000.0,5417.0,714.0,47.221805,-1.536806,44109000ES0032
2025-02-11,11 AV DES GENTILSHOMMES,44000.0,namas,101.0,5.0,0,450000.0,4455.0,714.0,47.228878,-1.535659,44109000CD0308
2023-06-30,15 RUE DU PIPAY,44000.0,namas,49.0,3.0,0,386000.0,7878.0,716.0,47.224467,-1.537885,44109000CE0130
2025-02-14,17 RUE DU PIPAY,44000.0,namas,70.0,3.0,0,454000.0,6486.0,717.0,47.224401,-1.537897,44109000CE0129
2025-12-05,56 RUE DE COULMIERS,44000.0,butas,30.0,2.0,2,124500.0,4150.0,717.0,47.223564,-1.537741,44109000CE0039
2022-09-14,51 RUE DE COULMIERS,44000.0,butas,71.0,3.0,1,265000.0,3732.0,718.0,47.222674,-1.537407,44109000ES0020
2023-06-23,22 AV DE LA GRANDE OURSE,44300.0,namas,90.0,4.0,1,550000.0,6111.0,719.0,47.228828,-1.521034,44109000BV0259
2024-07-26,24 AV DE LA VALTAISERIE,44300.0,namas,149.0,6.0,1,520000.0,3490.0,719.0,47.229376,-1.52178,44109000BV0195
2022-02-04,83 RUE D ALLONVILLE,44000.0,butas,39.0,2.0,0,163500.0,4192.0,720.0,47.221121,-1.536304,44109000ES0202
2023-10-04,83 RUE D ALLONVILLE,44000.0,butas,41.0,2.0,1,131500.0,3207.0,720.0,47.221121,-1.536304,44109000ES0202
2022-02-03,83 RUE D ALLONVILLE,44000.0,butas,25.0,1.0,0,175000.0,7000.0,720.0,47.221121,-1.536304,44109000ES0202
2022-10-21,14 RUE DU TROISIEME DRAGONS,44000.0,namas,98.0,5.0,1,820000.0,8367.0,720.0,47.224058,-1.537891,44109000CE0034
2022-07-19,19 RUE DU PIPAY,44000.0,namas,79.0,3.0,0,560000.0,7089.0,720.0,47.224345,-1.537929,44109000CE0128
2022-07-19,83 RUE D ALLONVILLE,44000.0,butas,40.0,2.0,1,112000.0,2800.0,720.0,47.221121,-1.536304,44109000ES0202
2023-02-17,83 RUE D ALLONVILLE,44000.0,butas,27.0,1.0,1,106000.0,3926.0,720.0,47.221121,-1.536304,44109000ES0202
2023-08-30,15 RUE DE COULMIERS,44000.0,butas,64.0,3.0,1,223000.0,3484.0,722.0,47.220549,-1.535683,44109000ES0343
2022-12-09,9 RUE DE COULMIERS,44000.0,butas,60.0,2.0,0,155000.0,2583.0,723.0,47.219945,-1.534853,44109000ES0228
2025-03-24,9 RUE DE COULMIERS,44000.0,butas,27.0,1.0,1,125000.0,4630.0,723.0,47.219945,-1.534853,44109000ES0228
2021-01-29,9 RUE DE COULMIERS,44000.0,butas,25.0,1.0,0,66000.0,2640.0,723.0,47.219945,-1.534853,44109000ES0228
2024-05-15,9 RUE DE COULMIERS,44000.0,butas,34.0,1.0,0,105000.0,3088.0,723.0,47.219945,-1.534853,44109000ES0228
2022-12-29,9 RUE DE COULMIERS,44000.0,butas,60.0,2.0,0,140000.0,2333.0,723.0,47.219945,-1.534853,44109000ES0228
2025-04-23,9 RUE DE COULMIERS,44000.0,butas,35.0,2.0,1,103000.0,2943.0,723.0,47.219945,-1.534853,44109000ES0228
2024-11-06,9 RUE DE COULMIERS,44000.0,butas,64.0,3.0,1,135000.0,2109.0,723.0,47.219945,-1.534853,44109000ES0228
2025-02-06,9 RUE DE COULMIERS,44000.0,butas,25.0,1.0,1,95000.0,3800.0,723.0,47.219945,-1.534853,44109000ES0228
2021-12-10,56 RUE DE COULMIERS,44000.0,namas,83.0,3.0,0,410000.0,4940.0,724.0,47.223594,-1.537847,44109000CE0154
2025-07-31,81 BD DES POILUS,44300.0,butas,45.0,2.0,1,156000.0,3467.0,724.0,47.23109,-1.530589,44109000BX0133
2023-04-28,81 BD DES POILUS,44300.0,butas,40.0,2.0,1,162500.0,4062.0,724.0,47.23109,-1.530589,44109000BX0133
2021-06-11,81 BD DES POILUS,44300.0,butas,42.0,2.0,1,150000.0,3571.0,724.0,47.23109,-1.530589,44109000BX0133
2023-07-19,16 RUE DU TROISIEME DRAGONS,44000.0,namas,90.0,5.0,0,580000.0,6444.0,726.0,47.223919,-1.537945,44109000CE0035
2021-12-06,58 RUE DE COULMIERS,44000.0,butas,23.0,1.0,1,119000.0,5174.0,726.0,47.223663,-1.53789,44109000CE0153
2021-10-04,58 RUE DE COULMIERS,44000.0,butas,50.0,2.0,1,203000.0,4060.0,726.0,47.223663,-1.53789,44109000CE0153
2023-07-13,25 RUE DES CHAMBELLES,44000.0,namas,240.0,2.0,1,979500.0,4081.0,727.0,47.23036,-1.533366,44109000BX0724
2022-04-21,14 RUE JULIEN DOUILLARD,44300.0,namas,65.0,4.0,1,378390.7,5821.0,727.0,47.224208,-1.518835,44109000CI0257
2022-09-16,27 RUE DES CHAMBELLES,44000.0,namas,140.0,7.0,0,705000.0,5036.0,728.0,47.230292,-1.53354,44109000BX0358
2022-08-22,7 RUE DES EPINETTES,44300.0,butas,48.0,2.0,1,150000.0,3125.0,728.0,47.227695,-1.519822,44109000BV0157
2022-10-05,7 RUE DE COULMIERS,44000.0,butas,42.0,2.0,1,149000.0,3548.0,728.0,47.219841,-1.53478,44109000ES0229
2025-06-26,47 RUE DE COULMIERS,44000.0,namas,55.0,3.0,1,270000.0,4909.0,728.0,47.222423,-1.53742,44109000ES0023
2023-12-21,7 RUE DE COULMIERS,44000.0,butas,43.0,2.0,0,133010.0,3093.0,728.0,47.219841,-1.53478,44109000ES0229
2021-10-26,23 RUE DU PIPAY,44000.0,namas,137.0,6.0,0,670000.0,4891.0,728.0,47.224237,-1.538014,44109000CE0126
2021-07-07,48 RTE DE STE-LUCE,44300.0,butas,57.0,3.0,1,200000.0,3509.0,731.0,47.230358,-1.523376,44109000BV0449
2025-12-02,48 RTE DE STE-LUCE,44300.0,butas,66.0,3.0,1,196000.0,2970.0,731.0,47.230358,-1.523376,44109000BV0449
2021-05-04,48 RTE DE STE-LUCE,44300.0,butas,37.0,2.0,1,142857.0,3861.0,731.0,47.230358,-1.523376,44109000BV0449
2024-12-17,48 RTE DE STE-LUCE,44300.0,butas,76.0,4.0,1,230000.0,3026.0,731.0,47.230358,-1.523376,44109000BV0449
2022-06-02,48 RTE DE STE-LUCE,44300.0,butas,27.0,1.0,1,122500.0,4537.0,731.0,47.230358,-1.523376,44109000BV0449
2023-09-13,48 RTE DE STE-LUCE,44300.0,butas,58.0,3.0,1,90000.0,1552.0,731.0,47.230358,-1.523376,44109000BV0449
2022-12-13,48 RTE DE STE-LUCE,44300.0,butas,106.0,5.0,2,440000.0,4151.0,731.0,47.230358,-1.523376,44109000BV0449
2023-09-01,48 RTE DE STE-LUCE,44300.0,butas,66.0,3.0,1,225000.0,3409.0,731.0,47.230358,-1.523376,44109000BV0449
2021-08-31,32 RUE DES FORGES,44300.0,namas,125.0,5.0,0,552500.0,4420.0,731.0,47.225117,-1.518771,44109000BT0221
2025-04-16,44 RUE D ALLONVILLE,44000.0,butas,49.0,2.0,1,190000.0,3878.0,732.0,47.221448,-1.536783,44109000ES0033
2025-05-05,44 RUE D ALLONVILLE,44000.0,namas,81.0,4.0,1,177500.0,2191.0,732.0,47.221448,-1.536783,44109000ES0033
2025-10-17,44 RUE D ALLONVILLE,44000.0,butas,61.0,3.0,1,260000.0,4262.0,732.0,47.221448,-1.536783,44109000ES0033
2023-04-13,44 RUE D ALLONVILLE,44000.0,butas,50.0,2.0,1,194970.0,3899.0,732.0,47.221448,-1.536783,44109000ES0033
2021-01-11,44 RUE D ALLONVILLE,44000.0,butas,49.0,2.0,1,124852.0,2548.0,732.0,47.221448,-1.536783,44109000ES0033
2025-08-27,44 RUE D ALLONVILLE,44000.0,butas,41.0,2.0,0,140000.0,3415.0,732.0,47.221448,-1.536783,44109000ES0033
2025-08-01,44 RUE D ALLONVILLE,44000.0,butas,80.0,4.0,1,322300.0,4029.0,732.0,47.221448,-1.536783,44109000ES0033
2023-05-05,85 RUE D ALLONVILLE,44000.0,butas,104.0,3.0,2,380000.0,3654.0,735.0,47.221014,-1.536436,44109000ES0287
2025-02-26,5 RUE DE COULMIERS,44000.0,butas,61.0,3.0,1,183000.0,3000.0,735.0,47.219727,-1.534726,44109000ES0230
2021-06-04,85 RUE D ALLONVILLE,44000.0,butas,65.0,4.0,1,229000.0,3523.0,735.0,47.221014,-1.536436,44109000ES0287
2024-06-26,25 RUE DES CHAMBELLES,44000.0,namas,142.0,5.0,1,639000.0,4500.0,737.0,47.23045,-1.533402,44109000BX0723
2022-08-23,80 BD DES POILUS,44300.0,butas,57.0,3.0,1,200000.0,3509.0,738.0,47.231341,-1.529562,44109000BC0037
2024-10-31,82 BD DES POILUS,44300.0,butas,55.0,3.0,1,200000.0,3636.0,738.0,47.231341,-1.529562,44109000BC0037
2021-10-04,82 BD DES POILUS,44300.0,butas,33.0,1.0,0,105000.0,3182.0,738.0,47.231341,-1.529562,44109000BC0037
2024-10-14,80 BD DES POILUS,44300.0,butas,57.0,3.0,1,177000.0,3105.0,738.0,47.231341,-1.529562,44109000BC0037
2023-07-07,82 BD DES POILUS,44300.0,butas,42.0,2.0,1,74000.0,1762.0,738.0,47.231341,-1.529562,44109000BC0037
2022-08-30,80 BD DES POILUS,44300.0,butas,36.0,1.0,1,145000.0,4028.0,738.0,47.231341,-1.529562,44109000BC0037
2022-05-13,80 BD DES POILUS,44300.0,butas,28.0,1.0,0,122000.0,4357.0,738.0,47.231341,-1.529562,44109000BC0037
2024-04-18,80 BD DES POILUS,44300.0,butas,46.0,2.0,1,182000.0,3957.0,738.0,47.231341,-1.529562,44109000BC0037
2024-07-16,80 BD DES POILUS,44300.0,butas,38.0,2.0,1,135000.0,3553.0,738.0,47.231341,-1.529562,44109000BC0037
2022-01-24,9 BD STALINGRAD,44000.0,butas,40.0,2.0,1,120000.0,3000.0,739.0,47.219627,-1.534619,44109000ES0231
2023-11-23,9 BD STALINGRAD,44000.0,butas,30.0,1.0,1,100000.0,3333.0,739.0,47.219627,-1.534619,44109000ES0231
2022-07-19,9 BD STALINGRAD,44000.0,butas,34.0,2.0,0,140000.0,4118.0,739.0,47.219627,-1.534619,44109000ES0231
2022-03-01,65 RUE DE COULMIERS,44000.0,butas,40.0,2.0,1,155000.0,3875.0,742.0,47.223117,-1.537934,44109000ES0013
2022-08-22,82 RUE DES TROIS ROIS,44000.0,namas,102.0,4.0,0,431000.0,4225.0,742.0,47.231199,-1.530942,44109000BX0131
2024-08-02,19 RUE DE LA HAUTE MITRIE,44300.0,butas,78.0,4.0,1,277000.0,3551.0,743.0,47.23071,-1.523964,44109000BC0665
2023-11-06,23 RUE DE LA HAUTE MITRIE,44300.0,butas,54.0,2.0,2,162600.0,3011.0,743.0,47.23071,-1.523964,44109000BC0665
2023-10-06,25 RUE DE LA HAUTE MITRIE,44300.0,butas,51.0,2.0,1,180000.0,3529.0,743.0,47.23071,-1.523964,44109000BC0665
2025-12-12,23 RUE DE LA HAUTE MITRIE,44300.0,butas,62.0,3.0,2,150000.0,2419.0,743.0,47.23071,-1.523964,44109000BC0665
2021-05-05,25 RUE DE LA HAUTE MITRIE,44300.0,butas,79.0,4.0,2,260000.0,3291.0,743.0,47.23071,-1.523964,44109000BC0665
2021-01-13,19 RUE DE LA HAUTE MITRIE,44300.0,butas,78.0,4.0,1,260000.0,3333.0,743.0,47.23071,-1.523964,44109000BC0665
2022-02-24,23 RUE DE LA HAUTE MITRIE,44300.0,butas,80.0,4.0,2,310000.0,3875.0,743.0,47.23071,-1.523964,44109000BC0665
2022-09-08,35 RTE DE STE-LUCE,44300.0,namas,94.0,4.0,1,365000.0,3883.0,743.0,47.23071,-1.523964,44109000BC0665
2022-02-22,33 RTE DE STE-LUCE,44300.0,butas,86.0,4.0,2,310000.0,3605.0,743.0,47.23071,-1.523964,44109000BC0665
2023-05-16,33 RTE DE STE-LUCE,44300.0,butas,86.0,4.0,2,310000.0,3605.0,743.0,47.23071,-1.523964,44109000BC0665
2024-07-22,86 BD DES POILUS,44300.0,butas,57.0,3.0,2,150000.0,2632.0,745.0,47.231377,-1.529825,44109000BC0035
2021-01-26,86 BD DES POILUS,44300.0,butas,15.0,1.0,0,93500.0,6233.0,745.0,47.231377,-1.529825,44109000BC0035
2022-06-17,86 BD DES POILUS,44300.0,butas,57.0,3.0,1,207920.0,3648.0,745.0,47.231377,-1.529825,44109000BC0035
2021-08-26,86 BD DES POILUS,44300.0,butas,42.0,2.0,2,158000.0,3762.0,745.0,47.231377,-1.529825,44109000BC0035
2024-07-17,86 BD DES POILUS,44300.0,butas,57.0,3.0,1,154000.0,2702.0,745.0,47.231377,-1.529825,44109000BC0035
2022-11-21,86 BD DES POILUS,44300.0,butas,60.0,3.0,1,195000.0,3250.0,745.0,47.231377,-1.529825,44109000BC0035
2022-10-04,86 BD DES POILUS,44300.0,butas,40.0,2.0,1,140000.0,3500.0,745.0,47.231377,-1.529825,44109000BC0035
2024-12-26,86 BD DES POILUS,44300.0,butas,46.0,2.0,2,150500.0,3272.0,745.0,47.231377,-1.529825,44109000BC0035
2021-04-19,86 BD DES POILUS,44300.0,butas,42.0,2.0,1,65000.0,1548.0,745.0,47.231377,-1.529825,44109000BC0035
2021-06-08,2 RUE DE MANILLE,44000.0,butas,60.0,3.0,0,167000.0,2783.0,746.0,47.219588,-1.53471,44109000ES0368
2021-04-27,2 RUE DE MANILLE,44000.0,butas,60.0,3.0,0,180000.0,3000.0,746.0,47.219588,-1.53471,44109000ES0368
2021-08-17,2 RUE DE MANILLE,44000.0,butas,50.0,3.0,0,165000.0,3300.0,746.0,47.219588,-1.53471,44109000ES0368
2023-04-26,2 RUE DE MANILLE,44000.0,butas,60.0,3.0,0,170000.0,2833.0,746.0,47.219588,-1.53471,44109000ES0368
2021-03-18,2 RUE DE MANILLE,44000.0,butas,31.0,1.0,0,90500.0,2919.0,746.0,47.219588,-1.53471,44109000ES0368
2025-02-27,4 AV DES GENTILSHOMMES,44000.0,namas,147.0,6.0,0,535000.0,3639.0,747.0,47.229333,-1.535657,44109000CD0315
2025-06-02,8 AV DES GENTILSHOMMES,44000.0,namas,150.0,6.0,0,575000.0,3833.0,749.0,47.22915,-1.535929,44109000CD0313
2024-06-07,84 RUE DES CHALATRES,44000.0,namas,155.0,9.0,0,341477.0,2203.0,749.0,47.229838,-1.53492,44109000BX0522
2024-05-21,84 RUE DES CHALATRES,44000.0,namas,155.0,9.0,0,400000.0,2581.0,749.0,47.229838,-1.53492,44109000BX0522
2025-07-21,33 AV MODIGLIANI,44300.0,namas,104.0,6.0,0,470000.0,4519.0,751.0,47.231496,-1.527943,44109000BC0519
2023-03-24,91 RUE D ALLONVILLE,44000.0,butas,32.0,1.0,2,134883.72,4215.0,754.0,47.220873,-1.536596,44109000ES0324
2022-06-27,91 RUE D ALLONVILLE,44000.0,butas,83.0,4.0,2,287000.0,3458.0,754.0,47.220873,-1.536596,44109000ES0324
2025-08-01,93 RUE D ALLONVILLE,44000.0,butas,82.0,4.0,2,319500.0,3896.0,754.0,47.220873,-1.536596,44109000ES0324
2023-02-24,93 RUE D ALLONVILLE,44000.0,butas,83.0,4.0,3,315000.0,3795.0,754.0,47.220873,-1.536596,44109000ES0324
2022-12-19,17 AV DE LA GRANDE OURSE,44300.0,namas,90.0,4.0,0,470000.0,5222.0,755.0,47.229578,-1.521389,44109000BV0252
2021-07-01,37 AV DE LA VALTAISERIE,44300.0,namas,97.0,5.0,0,420000.0,4330.0,755.0,47.229967,-1.522035,44109000BV0202
2023-02-16,3 RUE GAMBETTA,44000.0,butas,45.0,2.0,1,130000.0,2889.0,756.0,47.22351,-1.538246,44109000ES0380
2024-08-05,7 RUE GAMBETTA,44000.0,butas,67.0,3.0,1,320500.0,4784.0,761.0,47.223196,-1.538224,44109000ES0004
2021-02-10,88 BD DES POILUS,44300.0,butas,80.0,3.0,1,245000.0,3062.0,771.0,47.231585,-1.530136,44109000BC0734
2021-09-27,88 BD DES POILUS,44300.0,butas,32.0,1.0,1,130000.0,4062.0,771.0,47.231585,-1.530136,44109000BC0734
2025-08-04,88 BD DES POILUS,44300.0,butas,83.0,3.0,1,208000.0,2506.0,771.0,47.231585,-1.530136,44109000BC0734
2025-07-18,5 RUE AURELLE DE PALADINES,44000.0,butas,18.0,1.0,0,53000.0,2944.0,771.0,47.225235,-1.538589,44109000ET0183
2025-08-26,5 RUE AURELLE DE PALADINES,44000.0,butas,21.0,1.0,0,115000.0,5476.0,771.0,47.225235,-1.538589,44109000ET0183
2022-06-16,5 RUE AURELLE DE PALADINES,44000.0,butas,19.0,1.0,0,75000.0,3947.0,771.0,47.225235,-1.538589,44109000ET0183
2025-01-15,88 BD DES POILUS,44300.0,butas,82.0,3.0,1,215000.0,2622.0,771.0,47.231585,-1.530136,44109000BC0734
2022-12-08,88 BD DES POILUS,44300.0,butas,58.0,3.0,1,200000.0,3448.0,771.0,47.231585,-1.530136,44109000BC0734
2023-12-28,5 RUE AURELLE DE PALADINES,44000.0,butas,19.0,1.0,0,93000.0,4895.0,771.0,47.225235,-1.538589,44109000ET0183
2024-04-19,90 BD DES POILUS,44300.0,butas,73.0,3.0,1,250000.0,3425.0,771.0,47.231585,-1.530136,44109000BC0734
2022-08-25,88 BD DES POILUS,44300.0,butas,78.0,3.0,1,200000.0,2564.0,771.0,47.231585,-1.530136,44109000BC0734
2023-02-02,90 BD DES POILUS,44300.0,butas,92.0,4.0,1,300000.0,3261.0,771.0,47.231585,-1.530136,44109000BC0734
2022-05-06,88 BD DES POILUS,44300.0,butas,80.0,3.0,1,242393.0,3030.0,771.0,47.231585,-1.530136,44109000BC0734
2022-06-09,5 RUE AURELLE DE PALADINES,44000.0,butas,19.0,1.0,0,90000.0,4737.0,771.0,47.225235,-1.538589,44109000ET0183
2021-06-25,5 RUE AURELLE DE PALADINES,44000.0,butas,23.0,1.0,0,105000.0,4565.0,771.0,47.225235,-1.538589,44109000ET0183
2021-06-29,90 BD DES POILUS,44300.0,butas,93.0,4.0,1,153153.0,1647.0,771.0,47.231585,-1.530136,44109000BC0734
2023-07-28,88 BD DES POILUS,44300.0,butas,78.0,3.0,1,169000.0,2167.0,771.0,47.231585,-1.530136,44109000BC0734
2024-08-09,90 BD DES POILUS,44300.0,butas,58.0,2.0,1,190100.0,3278.0,771.0,47.231585,-1.530136,44109000BC0734
2025-12-30,88 BD DES POILUS,44300.0,butas,81.0,3.0,1,129000.0,1593.0,771.0,47.231585,-1.530136,44109000BC0734
2022-12-02,88 BD DES POILUS,44300.0,butas,82.0,3.0,1,210000.0,2561.0,771.0,47.231585,-1.530136,44109000BC0734
2025-10-29,88 BD DES POILUS,44300.0,butas,93.0,4.0,1,240000.0,2581.0,771.0,47.231585,-1.530136,44109000BC0734
2021-06-01,88 BD DES POILUS,44300.0,butas,58.0,2.0,1,195000.0,3362.0,771.0,47.231585,-1.530136,44109000BC0734
2025-01-10,43 RTE DE STE-LUCE,44300.0,namas,84.0,4.0,0,258000.0,3071.0,774.0,47.230843,-1.523479,44109000BC0745
2022-04-21,4 AV PACAUD,44000.0,butas,42.0,2.0,1,180000.0,4286.0,774.0,47.221515,-1.537473,44109000ES0035
2022-10-10,42 RUE DES CHAMBELLES,44000.0,namas,98.0,5.0,1,805000.0,8214.0,776.0,47.230428,-1.534385,44109000BX0407
2022-12-02,19 AV DE LA GRANDE OURSE,44300.0,namas,140.0,5.0,0,689500.0,4925.0,776.0,47.229764,-1.521273,44109000BV0505
2024-01-12,40 RUE DES CHAMBELLES,44000.0,namas,98.0,4.0,1,610000.0,6224.0,776.0,47.230482,-1.534288,44109000BX0406
2024-07-12,46 RUE DES CHAMBELLES,44000.0,namas,114.0,4.0,0,570000.0,5000.0,778.0,47.230339,-1.53461,44109000BX0409
2025-02-10,1 IMP SAINTE PELAGIE,44300.0,namas,138.0,6.0,0,516500.0,3743.0,780.0,47.228875,-1.52007,44109000BV0484
2021-06-28,91 BD DES POILUS,44300.0,butas,32.0,1.0,0,110000.0,3438.0,780.0,47.231521,-1.531103,44109000BX0124
2023-09-25,91 BD DES POILUS,44300.0,butas,37.0,2.0,1,154875.0,4186.0,780.0,47.231521,-1.531103,44109000BX0124
2024-12-18,91 BD DES POILUS,44300.0,butas,32.0,1.0,0,113000.0,3531.0,780.0,47.231521,-1.531103,44109000BX0124
2021-05-04,91 BD DES POILUS,44300.0,butas,68.0,3.0,1,245000.0,3603.0,780.0,47.231521,-1.531103,44109000BX0124
2021-01-11,2 RUE PIERRE AUDIGE,44000.0,butas,69.0,3.0,1,305000.0,4420.0,781.0,47.220638,-1.536779,44109000ES0354
2024-01-30,2 RUE PIERRE AUDIGE,44000.0,butas,64.0,3.0,1,175000.0,2734.0,781.0,47.220638,-1.536779,44109000ES0354
2021-12-23,2 RUE PIERRE AUDIGE,44000.0,butas,69.0,3.0,1,310000.0,4493.0,781.0,47.220638,-1.536779,44109000ES0354
2023-02-27,2 RUE PIERRE AUDIGE,44000.0,butas,71.0,3.0,1,250000.0,3521.0,781.0,47.220638,-1.536779,44109000ES0354
2021-10-22,97 RUE D ALLONVILLE,44000.0,butas,49.0,2.0,1,235000.0,4796.0,781.0,47.220638,-1.536779,44109000ES0354
2022-07-07,10 RUE DE LA HAVANE,44000.0,butas,53.0,2.0,0,100000.0,1887.0,781.0,47.220638,-1.536779,44109000ES0354
2023-02-22,97 RUE D ALLONVILLE,44000.0,butas,69.0,3.0,1,332000.0,4812.0,781.0,47.220638,-1.536779,44109000ES0354
2022-02-16,2 RUE PIERRE AUDIGE,44000.0,butas,49.0,2.0,1,180000.0,3673.0,781.0,47.220638,-1.536779,44109000ES0354
2022-04-05,10 RUE DE LA HAVANE,44000.0,butas,48.0,2.0,1,201000.0,4188.0,781.0,47.220638,-1.536779,44109000ES0354
2022-10-28,10 RUE DE LA HAVANE,44000.0,butas,49.0,2.0,1,219940.0,4489.0,781.0,47.220638,-1.536779,44109000ES0354
2023-11-15,10 RUE DE LA HAVANE,44000.0,butas,71.0,3.0,1,195000.0,2746.0,781.0,47.220638,-1.536779,44109000ES0354
2021-09-06,10 RUE DE LA HAVANE,44000.0,butas,29.0,1.0,1,120000.0,4138.0,781.0,47.220638,-1.536779,44109000ES0354
2024-03-15,2 RUE PIERRE AUDIGE,44000.0,butas,67.0,3.0,1,131000.0,1955.0,781.0,47.220638,-1.536779,44109000ES0354
2021-12-09,97 RUE D ALLONVILLE,44000.0,butas,48.0,2.0,1,180000.0,3750.0,781.0,47.220638,-1.536779,44109000ES0354
2022-02-28,81 RUE DE COULMIERS,44000.0,namas,59.0,3.0,0,480000.0,8136.0,781.0,47.224019,-1.538695,44109000ET0374
2022-07-04,10 RUE DE LA HAVANE,44000.0,butas,49.0,2.0,1,236000.0,4816.0,781.0,47.220638,-1.536779,44109000ES0354
2022-09-21,97 RUE D ALLONVILLE,44000.0,butas,69.0,3.0,1,333000.0,4826.0,781.0,47.220638,-1.536779,44109000ES0354
2025-02-25,97 RUE D ALLONVILLE,44000.0,butas,48.0,2.0,1,174000.0,3625.0,781.0,47.220638,-1.536779,44109000ES0354
2025-03-10,6 RUE GAMBETTA,44000.0,butas,32.0,2.0,0,120000.0,3750.0,782.0,47.223637,-1.538629,44109000ET0353
2025-10-30,20 RUE DES CHAMBELLES,44000.0,namas,114.0,5.0,1,400000.0,3509.0,782.0,47.231205,-1.532527,44109000BX0234
2021-06-18,41 RTE DE STE-LUCE,44300.0,namas,86.0,4.0,0,248000.0,2884.0,785.0,47.230989,-1.523565,44109000BC0787
2025-09-18,45 RTE DE STE-LUCE,44300.0,butas,61.0,3.0,2,173500.0,2844.0,785.0,47.230989,-1.523565,44109000BC0787
2022-11-04,45 RTE DE STE-LUCE,44300.0,butas,61.0,3.0,2,180000.0,2951.0,785.0,47.230989,-1.523565,44109000BC0787
2025-08-06,45 RTE DE STE-LUCE,44300.0,butas,61.0,3.0,2,120510.0,1976.0,785.0,47.230989,-1.523565,44109000BC0787
2022-03-24,6 AV DU BONHEUR,44300.0,namas,86.0,5.0,0,400000.0,4651.0,785.0,47.224816,-1.518041,44109000BT0186
2022-10-18,12 RUE DES CHAMBELLES,44000.0,namas,100.0,5.0,1,530000.0,5300.0,787.0,47.23136,-1.532134,44109000BX0196
2024-11-04,13 RUE AURELLE DE PALADINES,44000.0,namas,147.0,6.0,1,765000.0,5204.0,793.0,47.225383,-1.538875,44109000ET0178
2021-05-11,83 RUE DE COULMIERS,44000.0,butas,42.0,3.0,0,160000.0,3810.0,793.0,47.224177,-1.538878,44109000ET0217
2024-06-03,52 RUE D ALLONVILLE,44000.0,butas,58.0,3.0,1,180000.0,3103.0,794.0,47.221171,-1.537498,44109000ES0365
2025-07-01,52 RUE D ALLONVILLE,44000.0,butas,61.0,3.0,1,260000.0,4262.0,794.0,47.221171,-1.537498,44109000ES0365
2023-10-17,64 RUE DE COULMIERS,44000.0,butas,104.0,5.0,2,353000.0,3394.0,796.0,47.224731,-1.538946,44109000ET0373
2023-07-21,8 AV DU BONHEUR,44300.0,namas,58.0,3.0,0,350000.0,6034.0,798.0,47.224888,-1.517861,44109000BT0190
2023-06-26,2 AV DU FORGERON,44300.0,namas,152.0,4.0,0,612000.0,4026.0,799.0,47.223172,-1.518112,44109000CI0661
2022-11-07,6 RUE DES CHAMBELLES,44000.0,namas,65.0,3.0,1,555000.0,8538.0,799.0,47.231528,-1.531915,44109000BX0199
2025-12-30,15 RUE AURELLE DE PALADINES,44000.0,namas,78.0,4.0,0,520500.0,6673.0,799.0,47.225394,-1.538946,44109000ET0177
2025-07-17,7 AV MODIGLIANI,44300.0,namas,92.0,5.0,0,483000.0,5250.0,801.0,47.231938,-1.529027,44109000BC0532
2025-08-29,4 RUE DES EPINETTES,44300.0,butas,48.0,1.0,0,118701.0,2473.0,804.0,47.227719,-1.518718,44109000BV0573
2025-09-04,4 RUE DES EPINETTES,44300.0,butas,45.0,2.0,0,137610.0,3058.0,804.0,47.227719,-1.518718,44109000BV0573
2025-08-29,6 RUE DES EPINETTES,44300.0,butas,34.0,1.0,0,106425.0,3130.0,804.0,47.227719,-1.518718,44109000BV0573
2025-12-15,6 RUE DES EPINETTES,44300.0,butas,46.0,2.0,0,141118.56,3068.0,804.0,47.227719,-1.518718,44109000BV0573
2025-12-31,33 BD LOUIS MILLET,44300.0,butas,63.0,3.0,1,315000.0,5000.0,804.0,47.227719,-1.518718,44109000BV0573
2025-09-12,4 RUE DES EPINETTES,44300.0,butas,58.0,3.0,0,157410.0,2714.0,804.0,47.227719,-1.518718,44109000BV0573
2025-09-15,4 RUE DES EPINETTES,44300.0,butas,48.0,2.0,0,117711.0,2452.0,804.0,47.227719,-1.518718,44109000BV0573
2025-07-31,4 RUE DES EPINETTES,44300.0,butas,39.0,2.0,0,122900.0,3151.0,804.0,47.227719,-1.518718,44109000BV0573
2025-10-13,4 RUE DES EPINETTES,44300.0,butas,45.0,2.0,0,133650.0,2970.0,804.0,47.227719,-1.518718,44109000BV0573
2025-08-11,4 RUE DES EPINETTES,44300.0,butas,89.0,4.0,1,485000.0,5449.0,804.0,47.227719,-1.518718,44109000BV0573
2025-11-06,4 RUE DES EPINETTES,44300.0,butas,58.0,3.0,1,166320.0,2868.0,804.0,47.227719,-1.518718,44109000BV0573
2025-11-06,6 RUE DES EPINETTES,44300.0,butas,47.0,2.0,0,150579.0,3204.0,804.0,47.227719,-1.518718,44109000BV0573
2025-08-21,33 BD LOUIS MILLET,44300.0,butas,76.0,3.0,1,392000.0,5158.0,804.0,47.227719,-1.518718,44109000BV0573
2025-01-31,4 RUE DES EPINETTES,44300.0,butas,86.0,4.0,1,439000.0,5105.0,804.0,47.227719,-1.518718,44109000BV0573
2025-07-02,33 BD LOUIS MILLET,44300.0,butas,84.0,3.0,1,455000.0,5417.0,804.0,47.227719,-1.518718,44109000BV0573
2025-04-18,33 BD LOUIS MILLET,44300.0,butas,64.0,3.0,1,315000.0,4922.0,804.0,47.227719,-1.518718,44109000BV0573
2025-08-29,6 RUE DES EPINETTES,44300.0,butas,64.0,3.0,1,203940.0,3187.0,804.0,47.227719,-1.518718,44109000BV0573
2025-12-29,6 RUE DES EPINETTES,44300.0,butas,54.0,2.0,0,165528.0,3065.0,804.0,47.227719,-1.518718,44109000BV0573
2025-12-11,4 RUE DES EPINETTES,44300.0,butas,62.0,3.0,1,192060.0,3098.0,804.0,47.227719,-1.518718,44109000BV0573
2022-05-17,4 RUE DES CHAMBELLES,44000.0,namas,128.0,5.0,1,725000.0,5664.0,805.0,47.231597,-1.531868,44109000BX0200
2025-12-18,4 RUE DE LA LAICITE,44000.0,butas,79.0,4.0,1,222900.0,2822.0,805.0,47.226756,-1.538659,44109000CD0403
2021-10-21,20 RUE JEAN-JULIEN LEMORDANT,44300.0,namas,280.0,5.0,1,480382.0,1716.0,807.0,47.23051,-1.521931,44109000BV0021
2021-07-15,13 AV DU BONHEUR,44300.0,namas,195.0,7.0,1,738428.0,3787.0,808.0,47.225412,-1.517783,44109000BT0211
2023-04-05,5 AV MODIGLIANI,44300.0,namas,92.0,5.0,0,450000.0,4891.0,808.0,47.231998,-1.529148,44109000BC0533
2023-01-31,48 AV LT DE LAVENNE DE MONTOISE,44000.0,namas,138.0,5.0,0,620000.0,4493.0,809.0,47.230954,-1.534008,44109000BX0704
2025-09-26,60 RUE DES FORGES,44300.0,namas,95.0,4.0,1,430000.0,4526.0,811.0,47.226679,-1.518072,44109000BT0235
2021-12-30,51 RTE DE STE-LUCE,44300.0,butas,42.0,2.0,1,175110.0,4169.0,815.0,47.231209,-1.523316,44109000BC0086
2021-12-20,14 RUE GAMBETTA,44000.0,namas,100.0,6.0,0,620000.0,6200.0,815.0,47.223484,-1.539034,44109000ET0200
2021-05-28,55 RTE DE STE-LUCE,44300.0,butas,42.0,2.0,1,141100.0,3360.0,815.0,47.231209,-1.523316,44109000BC0086
2022-07-25,51 RTE DE STE-LUCE,44300.0,butas,42.0,2.0,1,186000.0,4429.0,815.0,47.231209,-1.523316,44109000BC0086
2022-01-31,51 RTE DE STE-LUCE,44300.0,butas,38.0,1.0,1,140000.0,3684.0,815.0,47.231209,-1.523316,44109000BC0086
2021-08-31,55 RTE DE STE-LUCE,44300.0,butas,62.0,3.0,1,219000.0,3532.0,815.0,47.231209,-1.523316,44109000BC0086
2023-03-16,51 RTE DE STE-LUCE,44300.0,butas,24.0,1.0,0,90000.0,3750.0,815.0,47.231209,-1.523316,44109000BC0086
2021-05-07,51 RTE DE STE-LUCE,44300.0,butas,37.0,1.0,0,130000.0,3514.0,815.0,47.231209,-1.523316,44109000BC0086
2023-07-06,3 AV MODIGLIANI,44300.0,namas,92.0,5.0,0,500000.0,5435.0,818.0,47.232084,-1.529231,44109000BC0534
2021-06-17,3 RUE PIERRE AUDIGE,44000.0,butas,67.0,3.0,1,280000.0,4179.0,819.0,47.220652,-1.537404,44109000ES0352
2021-10-15,3 RUE PIERRE AUDIGE,44000.0,butas,67.0,3.0,1,160000.0,2388.0,819.0,47.220652,-1.537404,44109000ES0352
2024-04-29,56 RUE D ALLONVILLE,44000.0,butas,38.0,2.0,1,156000.0,4105.0,821.0,47.220964,-1.537728,44109000ES0042
2025-02-24,56 RUE D ALLONVILLE,44000.0,butas,40.0,2.0,1,135300.0,3382.0,821.0,47.220964,-1.537728,44109000ES0042
2025-07-22,56 RUE D ALLONVILLE,44000.0,butas,43.0,2.0,1,116050.0,2699.0,821.0,47.220964,-1.537728,44109000ES0042
2022-12-15,12 RUE DE LA HAVANE,44000.0,namas,76.0,4.0,2,605000.0,7961.0,821.0,47.220268,-1.53704,44109000ES0303
2024-05-03,56 RUE D ALLONVILLE,44000.0,butas,53.0,3.0,1,134000.0,2528.0,821.0,47.220964,-1.537728,44109000ES0042
2021-09-20,23 RUE AURELLE DE PALADINES,44000.0,namas,89.0,5.0,0,560000.0,6292.0,823.0,47.225594,-1.539238,44109000ET0170
2025-11-04,68 RUE DE COULMIERS,44000.0,butas,35.0,1.0,1,103000.0,2943.0,823.0,47.225133,-1.539298,44109000ET0335
2022-09-13,56 RUE D ALLONVILLE,44000.0,namas,90.0,2.0,1,565000.0,6278.0,824.0,47.221224,-1.537996,44109000ES0046
2024-08-29,47 AV LT DE LAVENNE DE MONTOISE,44000.0,namas,60.0,3.0,1,345000.0,5750.0,824.0,47.230834,-1.534654,44109000BX0399
2022-01-13,34 IMP DES GARDENIAS,44300.0,namas,104.0,5.0,0,410500.0,3947.0,827.0,47.225649,-1.517556,44109000BT0567
2021-06-14,12 RUE DE LA HAVANE,44000.0,butas,107.0,4.0,2,420000.0,3925.0,828.0,47.22033,-1.537217,44109000ES0304
2024-11-29,12 RUE DE LA HAVANE,44000.0,butas,50.0,2.0,1,120000.0,2400.0,828.0,47.22033,-1.537217,44109000ES0304
2022-02-23,49 AV LT DE LAVENNE DE MONTOISE,44000.0,namas,88.0,3.0,1,442500.0,5028.0,831.0,47.230922,-1.534618,44109000BX0396
2024-11-29,14 AV DU BONHEUR,44300.0,namas,75.0,5.0,0,348000.0,4640.0,832.0,47.225141,-1.517425,44109000BT0197
2021-08-26,27 RUE AURELLE DE PALADINES,44000.0,namas,105.0,4.0,0,760000.0,7238.0,833.0,47.225664,-1.539354,44109000ET0168
2021-12-27,5 RUE CAMILLE DESMOULINS,44300.0,namas,75.0,4.0,1,340000.0,4533.0,836.0,47.232134,-1.530471,44109000BC0277
2022-11-17,16 RUE GAMBETTA,44000.0,butas,38.0,1.0,2,146755.0,3862.0,839.0,47.223611,-1.539392,44109000ET0213
2023-11-28,16 RUE GAMBETTA,44000.0,butas,72.0,3.0,2,323000.0,4486.0,839.0,47.223611,-1.539392,44109000ET0213
2022-01-20,16 RUE GAMBETTA,44000.0,butas,78.0,4.0,2,270000.0,3462.0,839.0,47.223611,-1.539392,44109000ET0213
2024-03-27,16 RUE GAMBETTA,44000.0,butas,72.0,3.0,1,280000.0,3889.0,839.0,47.223611,-1.539392,44109000ET0213
2024-07-22,16 RUE GAMBETTA,44000.0,butas,87.0,4.0,2,210000.0,2414.0,839.0,47.223611,-1.539392,44109000ET0213
2023-04-04,60 RUE D ALLONVILLE,44000.0,butas,17.0,1.0,0,65000.0,3824.0,841.0,47.220905,-1.537998,44109000ES0061
2024-03-21,60 RUE D ALLONVILLE,44000.0,butas,19.0,1.0,0,72500.0,3816.0,841.0,47.220905,-1.537998,44109000ES0061
2022-06-29,105 RUE D ALLONVILLE,44000.0,butas,38.0,2.0,1,180000.0,4737.0,841.0,47.220575,-1.537691,44109000ES0189
2024-09-23,105 RUE D ALLONVILLE,44000.0,butas,23.0,1.0,1,120000.0,5217.0,841.0,47.220575,-1.537691,44109000ES0189
2024-07-22,12 RUE DE LA HAVANE,44000.0,butas,14.0,1.0,0,50500.0,3607.0,841.0,47.220278,-1.53738,44109000ES0192
2021-10-27,12 RUE DE LA HAVANE,44000.0,butas,23.0,1.0,0,116250.0,5054.0,841.0,47.220278,-1.53738,44109000ES0192
2021-09-01,105 RUE D ALLONVILLE,44000.0,butas,42.0,2.0,1,189000.0,4500.0,841.0,47.220575,-1.537691,44109000ES0189
2025-01-06,60 RUE D ALLONVILLE,44000.0,butas,27.0,2.0,1,120000.0,4444.0,841.0,47.220905,-1.537998,44109000ES0061
2024-07-30,105 RUE D ALLONVILLE,44000.0,butas,55.0,2.0,1,125000.0,2273.0,841.0,47.220575,-1.537691,44109000ES0189
2025-11-04,60 RUE D ALLONVILLE,44000.0,butas,22.0,2.0,1,110000.0,5000.0,841.0,47.220905,-1.537998,44109000ES0061
2021-12-20,12 RUE DE LA HAVANE,44000.0,butas,15.0,1.0,0,70000.0,4667.0,841.0,47.220278,-1.53738,44109000ES0192
2023-01-12,95 RUE DE COULMIERS,44000.0,namas,166.0,7.0,0,725000.0,4367.0,844.0,47.224685,-1.539582,44109000ET0224
2021-11-16,29 RUE AURELLE DE PALADINES,44000.0,namas,63.0,4.0,0,488000.0,7746.0,844.0,47.225758,-1.539489,44109000ET0164
2022-01-31,2 AV DE LA DEVINIERE,44000.0,butas,41.0,2.0,1,177034.0,4318.0,847.0,47.220867,-1.538057,44109000ES0062
2022-07-07,2 AV DE LA DEVINIERE,44000.0,butas,50.0,2.0,1,151000.0,3020.0,847.0,47.220867,-1.538057,44109000ES0062
2024-04-05,94 RUE DES CHALATRES,44000.0,namas,82.0,4.0,1,530000.0,6463.0,847.0,47.230439,-1.535871,44109000BX0423
2021-08-11,61 RTE DE STE-LUCE,44300.0,butas,67.0,3.0,2,185000.0,2761.0,848.0,47.231529,-1.523273,44109000BC0353
2022-03-09,26 RUE DE VIENNE,44000.0,namas,76.0,3.0,1,325000.0,4276.0,851.0,47.230566,-1.535734,44109000BX0426
2021-10-28,15 RUE CAMILLE DESMOULINS,44300.0,butas,66.0,3.0,2,307000.0,4652.0,852.0,47.232356,-1.529713,44109000BC0281
2022-05-11,112 BD DES POILUS,44300.0,namas,80.0,3.0,0,325000.0,4062.0,853.0,47.232184,-1.53119,44109000AZ0613
2025-06-27,57 AV LT DE LAVENNE DE MONTOISE,44000.0,namas,117.0,5.0,0,515000.0,4402.0,859.0,47.231196,-1.534673,44109000BX0388
2021-03-15,11 RUE DE LA HAUTE MITRIE,44300.0,butas,69.0,3.0,0,104500.0,1514.0,859.0,47.231882,-1.52405,44109000BC0618
2022-12-15,7 RUE DE LA HAUTE MITRIE,44300.0,butas,84.0,4.0,0,231000.0,2750.0,859.0,47.231882,-1.52405,44109000BC0618
2022-06-21,9 RUE DE LA HAUTE MITRIE,44300.0,butas,52.0,2.0,0,180000.0,3462.0,859.0,47.231882,-1.52405,44109000BC0618
2023-01-17,9 RUE DE LA HAUTE MITRIE,44300.0,butas,96.0,5.0,1,182900.0,1905.0,859.0,47.231882,-1.52405,44109000BC0618
2021-07-30,11 RUE DE LA HAUTE MITRIE,44300.0,butas,72.0,3.0,1,112000.0,1556.0,859.0,47.231882,-1.52405,44109000BC0618
2023-05-09,11 RUE DE LA HAUTE MITRIE,44300.0,butas,53.0,2.0,1,114100.0,2153.0,859.0,47.231882,-1.52405,44109000BC0618
2022-10-26,11 RUE DE LA HAUTE MITRIE,44300.0,butas,69.0,3.0,1,219000.0,3174.0,859.0,47.231882,-1.52405,44109000BC0618
2022-04-26,9 RUE DE LA HAUTE MITRIE,44300.0,butas,95.0,5.0,1,295000.0,3105.0,859.0,47.231882,-1.52405,44109000BC0618
2025-12-17,11 RUE DE LA HAUTE MITRIE,44300.0,butas,53.0,2.0,1,153113.0,2889.0,859.0,47.231882,-1.52405,44109000BC0618
2025-06-23,9 RUE DE LA HAUTE MITRIE,44300.0,butas,52.0,2.0,0,178000.0,3423.0,859.0,47.231882,-1.52405,44109000BC0618
2021-11-29,7 RUE DE LA HAUTE MITRIE,44300.0,butas,61.0,3.0,2,230000.0,3770.0,859.0,47.231882,-1.52405,44109000BC0618
2021-04-26,35 RUE AURELLE DE PALADINES,44000.0,namas,73.0,4.0,0,480000.0,6575.0,860.0,47.225798,-1.539689,44109000ET0301
2023-02-24,22 RUE GAMBETTA,44000.0,butas,55.0,3.0,1,300000.0,5455.0,861.0,47.223341,-1.539617,44109000ET0202
2021-05-28,22 RUE GAMBETTA,44000.0,butas,25.0,1.0,0,117400.0,4696.0,861.0,47.223341,-1.539617,44109000ET0202
2023-02-24,20 RUE GAMBETTA,44000.0,butas,35.0,2.0,0,40000.0,1143.0,861.0,47.223341,-1.539617,44109000ET0202
2025-06-10,22 RUE GAMBETTA,44000.0,butas,25.0,1.0,1,104500.0,4180.0,861.0,47.223341,-1.539617,44109000ET0202
2022-02-16,109 RUE D ALLONVILLE,44000.0,butas,27.0,1.0,1,142000.0,5259.0,865.0,47.220385,-1.537872,44109000ES0187
2025-01-28,109 RUE D ALLONVILLE,44000.0,butas,45.0,2.0,1,80000.0,1778.0,865.0,47.220385,-1.537872,44109000ES0187
2025-10-28,109 RUE D ALLONVILLE,44000.0,butas,45.0,2.0,1,159000.0,3533.0,865.0,47.220385,-1.537872,44109000ES0187
2022-04-08,111 BD DES POILUS,44300.0,butas,64.0,3.0,2,286000.0,4469.0,866.0,47.232121,-1.532096,44109000BX0685
2021-08-27,111 BD DES POILUS,44300.0,butas,66.0,3.0,2,293500.0,4447.0,866.0,47.232121,-1.532096,44109000BX0685
2022-03-25,10 RUE DE L OUCHETTE,44000.0,butas,48.0,2.0,2,225000.0,4688.0,866.0,47.232121,-1.532096,44109000BX0685
2022-09-15,10 RUE DE L OUCHETTE,44000.0,butas,48.0,2.0,1,238000.0,4958.0,866.0,47.232121,-1.532096,44109000BX0685
2024-12-11,64 RUE D ALLONVILLE,44000.0,butas,36.0,2.0,0,129500.0,3597.0,866.0,47.220758,-1.538244,44109000ES0063
2025-02-27,111 BD DES POILUS,44300.0,butas,49.0,2.0,2,159000.0,3245.0,866.0,47.232121,-1.532096,44109000BX0685
2023-06-01,10 RUE DE L OUCHETTE,44000.0,butas,38.0,1.0,2,173000.0,4553.0,866.0,47.232121,-1.532096,44109000BX0685
2021-05-17,10 RUE DE L OUCHETTE,44000.0,butas,67.0,3.0,1,270000.0,4030.0,866.0,47.232121,-1.532096,44109000BX0685
2022-08-29,10 RUE DE L OUCHETTE,44000.0,butas,67.0,3.0,2,272000.0,4060.0,866.0,47.232121,-1.532096,44109000BX0685
2025-08-25,111 BD DES POILUS,44300.0,butas,54.0,2.0,1,225000.0,4167.0,866.0,47.232121,-1.532096,44109000BX0685
2022-12-20,10 RUE DE L OUCHETTE,44000.0,butas,36.0,1.0,1,150000.0,4167.0,866.0,47.232121,-1.532096,44109000BX0685
2024-01-03,111 BD DES POILUS,44300.0,butas,49.0,2.0,2,213200.0,4351.0,866.0,47.232121,-1.532096,44109000BX0685
2021-11-24,10 RUE DE L OUCHETTE,44000.0,butas,38.0,1.0,2,158000.0,4158.0,866.0,47.232121,-1.532096,44109000BX0685
2025-05-21,10 RUE DE L OUCHETTE,44000.0,butas,36.0,1.0,1,107000.0,2972.0,866.0,47.232121,-1.532096,44109000BX0685
2022-12-02,111 BD DES POILUS,44300.0,butas,65.0,3.0,1,315000.0,4846.0,866.0,47.232121,-1.532096,44109000BX0685
2021-12-21,113 RUE DES AGENETS,44000.0,namas,66.0,3.0,1,348000.0,5273.0,867.0,47.231437,-1.534317,44109000BX0378
2021-08-27,26 RUE GAMBETTA,44000.0,namas,108.0,5.0,1,750000.0,6944.0,868.0,47.223456,-1.539745,44109000ET0212
2022-12-01,2 RUE GABRIELLE LE PAN DE LIGNY,44000.0,butas,65.0,3.0,0,164263.73,2527.0,869.0,47.227525,-1.539172,44109000CD0387
2022-08-05,12 RUE GABRIELLE LE PAN DE LIGNY,44000.0,butas,44.0,2.0,0,117552.44,2672.0,869.0,47.227525,-1.539172,44109000CD0387
2022-08-22,20 RUE DE VIENNE,44000.0,namas,130.0,7.0,1,800000.0,6154.0,869.0,47.230848,-1.535606,44109000BX0430
2022-07-25,10 RUE GABRIELLE LE PAN DE LIGNY,44000.0,butas,71.0,3.0,0,184531.2,2599.0,869.0,47.227525,-1.539172,44109000CD0387
2022-08-19,16 RUE GABRIELLE LE PAN DE LIGNY,44000.0,butas,67.0,3.0,0,173406.2,2588.0,869.0,47.227525,-1.539172,44109000CD0387
2022-08-31,6 RUE GABRIELLE LE PAN DE LIGNY,44000.0,butas,41.0,2.0,0,100982.71,2463.0,869.0,47.227525,-1.539172,44109000CD0387
2025-02-10,6 RUE GABRIELLE LE PAN DE LIGNY,44000.0,butas,87.0,4.0,0,380000.0,4368.0,869.0,47.227525,-1.539172,44109000CD0387
2025-03-13,12 RUE GABRIELLE LE PAN DE LIGNY,44000.0,butas,44.0,2.0,0,185912.0,4225.0,869.0,47.227525,-1.539172,44109000CD0387
2022-07-22,6 RUE GABRIELLE LE PAN DE LIGNY,44000.0,butas,87.0,4.0,0,210688.33,2422.0,869.0,47.227525,-1.539172,44109000CD0387
2022-07-21,6 RUE GABRIELLE LE PAN DE LIGNY,44000.0,butas,66.0,3.0,0,169385.45,2566.0,869.0,47.227525,-1.539172,44109000CD0387
2022-12-21,2 RUE GABRIELLE LE PAN DE LIGNY,44000.0,butas,44.0,2.0,0,121948.15,2772.0,869.0,47.227525,-1.539172,44109000CD0387
2022-09-12,12 RUE GABRIELLE LE PAN DE LIGNY,44000.0,butas,49.0,2.0,0,131367.88,2681.0,869.0,47.227525,-1.539172,44109000CD0387
2023-03-31,12 RUE GABRIELLE LE PAN DE LIGNY,44000.0,butas,51.0,2.0,0,135455.52,2656.0,869.0,47.227525,-1.539172,44109000CD0387
2022-06-24,12 RUE GABRIELLE LE PAN DE LIGNY,44000.0,butas,77.0,4.0,0,190416.78,2473.0,869.0,47.227525,-1.539172,44109000CD0387
2022-07-08,2 RUE GABRIELLE LE PAN DE LIGNY,44000.0,butas,43.0,2.0,0,116875.51,2718.0,869.0,47.227525,-1.539172,44109000CD0387
2023-05-24,2 RUE GABRIELLE LE PAN DE LIGNY,44000.0,butas,43.0,2.0,0,113863.27,2648.0,869.0,47.227525,-1.539172,44109000CD0387
2022-06-28,2 RUE GABRIELLE LE PAN DE LIGNY,44000.0,butas,44.0,2.0,0,116808.99,2655.0,869.0,47.227525,-1.539172,44109000CD0387
2022-09-15,6 RUE GABRIELLE LE PAN DE LIGNY,44000.0,butas,79.0,4.0,0,190051.34,2406.0,869.0,47.227525,-1.539172,44109000CD0387
2022-06-01,12 RUE GABRIELLE LE PAN DE LIGNY,44000.0,butas,44.0,2.0,0,119568.83,2717.0,869.0,47.227525,-1.539172,44109000CD0387
2022-06-09,2 RUE GABRIELLE LE PAN DE LIGNY,44000.0,butas,44.0,2.0,0,119153.12,2708.0,869.0,47.227525,-1.539172,44109000CD0387
2022-06-10,12 RUE GABRIELLE LE PAN DE LIGNY,44000.0,butas,67.0,3.0,0,171171.0,2555.0,869.0,47.227525,-1.539172,44109000CD0387
2022-06-03,2 RUE GABRIELLE LE PAN DE LIGNY,44000.0,butas,65.0,3.0,0,166354.52,2559.0,869.0,47.227525,-1.539172,44109000CD0387
2022-06-01,4 RUE GABRIELLE LE PAN DE LIGNY,44000.0,butas,64.0,3.0,0,169554.16,2649.0,869.0,47.227525,-1.539172,44109000CD0387
2022-06-07,12 RUE GABRIELLE LE PAN DE LIGNY,44000.0,butas,51.0,2.0,0,134895.92,2645.0,869.0,47.227525,-1.539172,44109000CD0387
2022-07-08,2 RUE GABRIELLE LE PAN DE LIGNY,44000.0,butas,44.0,2.0,0,115800.0,2632.0,869.0,47.227525,-1.539172,44109000CD0387
2022-06-21,6 RUE GABRIELLE LE PAN DE LIGNY,44000.0,butas,41.0,2.0,0,113452.44,2767.0,869.0,47.227525,-1.539172,44109000CD0387
2022-05-24,2 RUE GABRIELLE LE PAN DE LIGNY,44000.0,butas,84.0,4.0,0,206333.12,2456.0,869.0,47.227525,-1.539172,44109000CD0387
2022-05-25,2 RUE GABRIELLE LE PAN DE LIGNY,44000.0,butas,77.0,4.0,0,195003.02,2533.0,869.0,47.227525,-1.539172,44109000CD0387
2022-05-31,2 RUE GABRIELLE LE PAN DE LIGNY,44000.0,butas,43.0,2.0,0,118186.37,2749.0,869.0,47.227525,-1.539172,44109000CD0387
2022-05-31,8 RUE GABRIELLE LE PAN DE LIGNY,44000.0,butas,86.0,4.0,0,212773.42,2474.0,869.0,47.227525,-1.539172,44109000CD0387
2022-05-23,6 RUE GABRIELLE LE PAN DE LIGNY,44000.0,butas,65.0,3.0,0,170760.81,2627.0,869.0,47.227525,-1.539172,44109000CD0387
2022-06-09,12 RUE GABRIELLE LE PAN DE LIGNY,44000.0,butas,65.0,3.0,0,172989.73,2661.0,869.0,47.227525,-1.539172,44109000CD0387
2022-06-01,12 RUE GABRIELLE LE PAN DE LIGNY,44000.0,butas,49.0,2.0,0,129664.88,2646.0,869.0,47.227525,-1.539172,44109000CD0387
2022-05-30,12 RUE GABRIELLE LE PAN DE LIGNY,44000.0,butas,67.0,3.0,0,172410.27,2573.0,869.0,47.227525,-1.539172,44109000CD0387
2022-05-20,12 RUE GABRIELLE LE PAN DE LIGNY,44000.0,butas,73.0,4.0,0,183733.83,2517.0,869.0,47.227525,-1.539172,44109000CD0387
2022-05-04,12 RUE GABRIELLE LE PAN DE LIGNY,44000.0,butas,44.0,2.0,0,118152.76,2685.0,869.0,47.227525,-1.539172,44109000CD0387
2023-09-27,12 RUE GABRIELLE LE PAN DE LIGNY,44000.0,butas,51.0,2.0,0,200000.0,3922.0,869.0,47.227525,-1.539172,44109000CD0387
2022-05-03,6 RUE GABRIELLE LE PAN DE LIGNY,44000.0,butas,51.0,2.0,0,137891.9,2704.0,869.0,47.227525,-1.539172,44109000CD0387
2022-05-02,6 RUE GABRIELLE LE PAN DE LIGNY,44000.0,butas,51.0,2.0,0,140019.86,2745.0,869.0,47.227525,-1.539172,44109000CD0387
2022-05-30,14 RUE GABRIELLE LE PAN DE LIGNY,44000.0,butas,48.0,2.0,0,134324.4,2798.0,869.0,47.227525,-1.539172,44109000CD0387
2025-07-22,19 RUE DE L OUCHETTE,44000.0,butas,80.0,4.0,2,296650.0,3708.0,870.0,47.231863,-1.533204,44109000BX0515
2023-11-30,30 AV DU SIROCCO,44300.0,namas,80.0,4.0,0,320000.0,4000.0,870.0,47.229416,-1.519174,44109000BV0407
2022-09-05,19 RUE DE L OUCHETTE,44000.0,butas,33.0,1.0,0,99500.0,3015.0,870.0,47.231863,-1.533204,44109000BX0515
2024-01-31,115 RUE DES AGENETS,44000.0,namas,78.0,3.0,1,87500.0,1122.0,872.0,47.231488,-1.534323,44109000BX0379
2022-12-02,3 AV DU TRITON,44300.0,namas,88.0,4.0,0,387000.0,4398.0,873.0,47.232168,-1.524655,44109000BC0707
2022-01-27,3 AV DU TRITON,44300.0,namas,88.0,4.0,0,330000.0,3750.0,873.0,47.232168,-1.524655,44109000BC0707
2021-01-14,28 RUE COLETTE BESSON,44300.0,namas,80.0,4.0,0,337000.0,4212.0,874.0,47.222506,-1.517348,44109000CI0738
2023-06-30,28 RUE CAMILLE DESMOULINS,44300.0,namas,123.0,7.0,1,694500.0,5646.0,874.0,47.232606,-1.528443,44109000BC0846
2023-01-24,9 AV DE LA DEVINIERE,44000.0,butas,28.0,1.0,1,130000.0,4643.0,875.0,47.221069,-1.538649,44109000ES0407
2023-01-25,120 BD DES POILUS,44300.0,butas,17.0,1.0,1,45000.0,2647.0,876.0,47.232427,-1.531038,44109000AZ0913
2023-02-15,120 BD DES POILUS,44300.0,butas,16.0,1.0,1,76000.0,4750.0,876.0,47.232427,-1.531038,44109000AZ0913
2021-12-24,120 BD DES POILUS,44300.0,butas,16.0,1.0,1,80000.0,5000.0,876.0,47.232427,-1.531038,44109000AZ0913
2023-09-29,120 BD DES POILUS,44300.0,butas,17.0,1.0,1,20000.0,1176.0,876.0,47.232427,-1.531038,44109000AZ0913
2024-02-16,120 BD DES POILUS,44300.0,butas,15.0,1.0,1,76200.0,5080.0,876.0,47.232427,-1.531038,44109000AZ0913
2024-05-06,120 BD DES POILUS,44300.0,butas,19.0,1.0,2,81000.0,4263.0,876.0,47.232427,-1.531038,44109000AZ0913
2022-06-08,120 BD DES POILUS,44300.0,butas,15.0,1.0,2,74460.0,4964.0,876.0,47.232427,-1.531038,44109000AZ0913
2022-10-05,120 BD DES POILUS,44300.0,butas,16.0,1.0,1,87000.0,5438.0,876.0,47.232427,-1.531038,44109000AZ0913
2022-05-18,120 BD DES POILUS,44300.0,butas,14.0,1.0,1,82000.0,5857.0,876.0,47.232427,-1.531038,44109000AZ0913
2021-08-04,120 BD DES POILUS,44300.0,butas,16.0,2.0,1,91500.0,5719.0,876.0,47.232427,-1.531038,44109000AZ0913
2023-06-27,5 AV DE L'AIGRETTE,44300.0,namas,130.0,6.0,0,620000.0,4769.0,877.0,47.232443,-1.525903,44109000BC0693
2023-07-10,18 RUE DE VIENNE,44000.0,namas,105.0,5.0,1,507000.0,4829.0,877.0,47.230933,-1.535617,44109000BX0431
2022-10-07,66 RUE D ALLONVILLE,44000.0,butas,121.0,4.0,1,412500.0,3409.0,877.0,47.220688,-1.53835,44109000ES0321
2021-07-22,28 RUE GAMBETTA,44000.0,namas,84.0,2.0,0,450000.0,5357.0,879.0,47.223225,-1.539828,44109000ET0204
2025-08-27,15 AV DE LA DEVINIERE,44000.0,butas,37.0,2.0,1,115000.0,3108.0,880.0,47.221269,-1.538874,44109000ES0393
2021-07-29,98 RUE DES CHALATRES,44000.0,namas,88.0,5.0,0,440000.0,5000.0,882.0,47.230654,-1.536208,44109000BX0452
2021-06-17,63 RTE DE STE-LUCE,44300.0,butas,40.0,2.0,2,78000.0,1950.0,882.0,47.231757,-1.522968,44109000BC0091
2023-06-23,63 RTE DE STE-LUCE,44300.0,butas,40.0,2.0,2,79600.0,1990.0,882.0,47.231757,-1.522968,44109000BC0091
2023-06-27,63 RTE DE STE-LUCE,44300.0,butas,40.0,2.0,2,79600.0,1990.0,882.0,47.231757,-1.522968,44109000BC0091
2023-06-30,63 RTE DE STE-LUCE,44300.0,butas,50.0,3.0,2,142000.0,2840.0,882.0,47.231757,-1.522968,44109000BC0091
2022-09-02,63 RTE DE STE-LUCE,44300.0,butas,50.0,3.0,2,187000.0,3740.0,882.0,47.231757,-1.522968,44109000BC0091
2025-11-14,98 RUE DES CHALATRES,44000.0,namas,142.0,6.0,0,525000.0,3697.0,882.0,47.230654,-1.536208,44109000BX0452
2022-11-08,63 RTE DE STE-LUCE,44300.0,butas,50.0,3.0,2,92500.0,1850.0,882.0,47.231757,-1.522968,44109000BC0091
2021-09-15,63 RTE DE STE-LUCE,44300.0,butas,50.0,3.0,2,208000.0,4160.0,882.0,47.231757,-1.522968,44109000BC0091
2022-12-14,63 RTE DE STE-LUCE,44300.0,butas,40.0,2.0,2,136000.0,3400.0,882.0,47.231757,-1.522968,44109000BC0091
2023-08-10,63 RTE DE STE-LUCE,44300.0,butas,40.0,2.0,2,146000.0,3650.0,882.0,47.231757,-1.522968,44109000BC0091
2022-10-06,63 RTE DE STE-LUCE,44300.0,butas,50.0,3.0,2,92500.0,1850.0,882.0,47.231757,-1.522968,44109000BC0091
2021-08-27,34 AV DU SIROCCO,44300.0,namas,85.0,5.0,0,403000.0,4741.0,883.0,47.229441,-1.51899,44109000BV0409
2024-07-12,83 RUE DES CHALATRES,44000.0,namas,154.0,5.0,0,686000.0,4455.0,885.0,47.230395,-1.53667,44109000CD0127
2023-11-17,30 RUE GAMBETTA,44000.0,namas,122.0,4.0,1,446000.0,3656.0,887.0,47.223188,-1.539926,44109000ET0411
2022-07-08,63 RTE DE STE-LUCE,44300.0,butas,134.0,4.0,0,380000.0,2836.0,888.0,47.231904,-1.523208,44109000BC0092
2021-06-25,31 AV LOUIS LACHENAL,44300.0,namas,88.0,5.0,0,325000.0,3693.0,889.0,47.231255,-1.521579,44109000BV0322
2022-06-13,12 AV LOUIS LACHENAL,44300.0,namas,102.0,5.0,0,360000.0,3529.0,889.0,47.231255,-1.521579,44109000BV0322
2023-06-28,9 AV LOUIS LACHENAL,44300.0,namas,115.0,4.0,0,435000.0,3783.0,889.0,47.231255,-1.521579,44109000BV0322
2024-10-23,23 AV LOUIS LACHENAL,44300.0,namas,88.0,5.0,0,330000.0,3750.0,889.0,47.231255,-1.521579,44109000BV0322
2024-08-29,22 AV LOUIS LACHENAL,44300.0,namas,79.0,4.0,0,270500.0,3424.0,889.0,47.231255,-1.521579,44109000BV0322
2024-09-06,13 AV LOUIS LACHENAL,44300.0,namas,88.0,5.0,0,335000.0,3807.0,889.0,47.231255,-1.521579,44109000BV0322
2021-11-02,9 AV LOUIS LACHENAL,44300.0,namas,115.0,4.0,0,440000.0,3826.0,889.0,47.231255,-1.521579,44109000BV0322
2023-05-24,32 AV LOUIS LACHENAL,44300.0,namas,88.0,5.0,0,330000.0,3750.0,889.0,47.231255,-1.521579,44109000BV0322
2024-05-03,31 AV LOUIS LACHENAL,44300.0,namas,88.0,5.0,0,280000.0,3182.0,889.0,47.231255,-1.521579,44109000BV0322
2025-02-14,2 AV LOUIS LACHENAL,44300.0,namas,88.0,5.0,0,275700.0,3133.0,889.0,47.231255,-1.521579,44109000BV0322
2021-08-17,5 RUE DE VIENNE,44000.0,namas,168.0,7.0,0,1112250.0,6621.0,889.0,47.23145,-1.534832,44109000BX0535
2021-03-09,17 AV LOUIS LACHENAL,44300.0,namas,88.0,5.0,0,313182.0,3559.0,889.0,47.231255,-1.521579,44109000BV0322
2021-11-25,15 AV LOUIS LACHENAL,44300.0,namas,88.0,5.0,0,395000.0,4489.0,889.0,47.231255,-1.521579,44109000BV0322
2025-10-17,10 AV LOUIS LACHENAL,44300.0,namas,88.0,5.0,0,260000.0,2955.0,889.0,47.231255,-1.521579,44109000BV0322
2022-09-21,36 AV DU SIROCCO,44300.0,namas,80.0,4.0,0,345000.0,4312.0,890.0,47.229461,-1.518898,44109000BV0410
2025-10-23,49 RUE AURELLE DE PALADINES,44000.0,namas,115.0,6.0,0,478000.0,4157.0,890.0,47.225987,-1.540058,44109000ET0154
2021-02-26,12 RUE DE VIENNE,44000.0,namas,108.0,4.0,0,720000.0,6667.0,891.0,47.23119,-1.535427,44109000BX0434
2025-08-27,85 RUE DES CHALATRES,44000.0,butas,49.0,3.0,1,185000.0,3776.0,897.0,47.23049,-1.536757,44109000CD0126
2023-09-27,85 RUE DES CHALATRES,44000.0,butas,49.0,3.0,1,171000.0,3490.0,897.0,47.23049,-1.536757,44109000CD0126
2024-04-16,1 RUE DU PETIT BLOTTEREAU,44300.0,namas,65.0,3.0,1,283000.0,4354.0,899.0,47.224639,-1.516529,44109000BT0171
2025-06-26,14 AV DE LA PAJAUDIERE,44000.0,namas,176.0,7.0,1,940000.0,5341.0,902.0,47.226583,-1.540039,44109000CD0044
2021-09-03,124 BD DES POILUS,44300.0,namas,45.0,3.0,0,235000.0,5222.0,903.0,47.23255,-1.531724,44109000AZ0606
2023-03-16,23 RUE GABRIELLE LE PAN DE LIGNY,44000.0,namas,95.0,5.0,0,232080.03,2443.0,904.0,47.228116,-1.539306,44109000CD0431
2023-05-24,20 RUE DE L OUCHETTE,44000.0,namas,119.0,5.0,1,650000.0,5462.0,904.0,47.232277,-1.532939,44109000BX0111
2022-03-04,21 RUE DE LA LAICITE,44000.0,namas,102.0,5.0,0,260167.0,2551.0,905.0,47.226967,-1.539939,44109000CD0385
2022-08-19,5 ALL VICTOR DEHAYES,44000.0,namas,83.0,4.0,0,216909.0,2613.0,905.0,47.226967,-1.539939,44109000CD0385
2022-01-31,23 RUE DE LA LAICITE,44000.0,namas,82.0,4.0,0,214160.0,2612.0,905.0,47.226967,-1.539939,44109000CD0385
2022-01-31,13 RUE DE LA LAICITE,44000.0,namas,84.0,4.0,0,211440.0,2517.0,905.0,47.226967,-1.539939,44109000CD0385
2022-07-13,27 RUE DE LA LAICITE,44000.0,namas,81.0,4.0,0,214236.0,2645.0,905.0,47.226967,-1.539939,44109000CD0385
2025-05-05,9 AV DU SIROCCO,44300.0,namas,80.0,4.0,0,295000.0,3688.0,905.0,47.229706,-1.518932,44109000BV0388
2022-03-23,11 RUE DE LA LAICITE,44000.0,namas,98.0,5.0,0,250188.0,2553.0,905.0,47.226967,-1.539939,44109000CD0385
2021-12-27,25 RUE DE LA LAICITE,44000.0,namas,102.0,5.0,0,282168.0,2766.0,905.0,47.226967,-1.539939,44109000CD0385
2022-02-01,19 RUE DE LA LAICITE,44000.0,namas,84.0,4.0,0,221180.0,2633.0,905.0,47.226967,-1.539939,44109000CD0385
2022-03-31,17 RUE DE LA LAICITE,44000.0,namas,98.0,5.0,0,266188.0,2716.0,905.0,47.226967,-1.539939,44109000CD0385
2022-02-28,15 RUE DE LA LAICITE,44000.0,namas,83.0,4.0,0,216320.0,2606.0,905.0,47.226967,-1.539939,44109000CD0385
2025-01-30,21 RUE GABRIELLE LE PAN DE LIGNY,44000.0,namas,84.0,4.0,0,401000.0,4774.0,907.0,47.228088,-1.539365,44109000CD0430
2022-06-01,21 RUE GABRIELLE LE PAN DE LIGNY,44000.0,namas,84.0,4.0,0,219947.56,2618.0,907.0,47.228088,-1.539365,44109000CD0430
2022-10-19,19 RUE GABRIELLE LE PAN DE LIGNY,44000.0,namas,84.0,4.0,0,212871.48,2534.0,908.0,47.228048,-1.539404,44109000CD0429
2021-03-31,74 RUE D ALLONVILLE,44000.0,butas,53.0,3.0,0,190000.0,3585.0,909.0,47.220459,-1.538646,44109000ES0092
2022-06-15,74 RUE D ALLONVILLE,44000.0,butas,27.0,1.0,1,80000.0,2963.0,909.0,47.220459,-1.538646,44109000ES0092
2021-06-07,17 AV DE LA PAJAUDIERE,44000.0,namas,153.0,5.0,0,618000.0,4039.0,910.0,47.226788,-1.540083,44109000CD0045
2022-05-06,13 RUE GABRIELLE LE PAN DE LIGNY,44000.0,namas,96.0,5.0,0,234905.98,2447.0,910.0,47.227909,-1.539532,44109000CD0426
2024-01-15,22 RUE DE L OUCHETTE,44000.0,namas,169.0,5.0,0,670000.0,3964.0,911.0,47.232316,-1.533033,44109000BX0108
2025-05-07,25 RUE DE L OUCHETTE,44000.0,namas,145.0,6.0,1,520000.0,3586.0,911.0,47.232075,-1.533824,44109000BX0211
2022-05-20,17 RUE GABRIELLE LE PAN DE LIGNY,44000.0,namas,84.0,4.0,0,213485.34,2541.0,911.0,47.228011,-1.539471,44109000CD0428
2021-02-03,14 AV DE MONTYS,44000.0,butas,38.0,1.0,0,520000.0,13684.0,911.0,47.221047,-1.539164,44109000ES0082
2024-05-24,50 AV DU SIROCCO,44300.0,namas,80.0,4.0,0,280000.0,3500.0,912.0,47.229316,-1.518405,44109000BV0417
2021-01-27,8 IMP DES GARDENIAS,44300.0,namas,107.0,5.0,0,465000.0,4346.0,912.0,47.226435,-1.516607,44109000BT0540
2022-05-02,15 RUE GABRIELLE LE PAN DE LIGNY,44000.0,namas,82.0,4.0,0,214925.12,2621.0,912.0,47.227969,-1.539516,44109000CD0427
2022-07-26,5 IMP DES GARDENIAS,44300.0,namas,92.0,5.0,0,517000.0,5620.0,912.0,47.226078,-1.516509,44109000BT0550
2024-04-11,31 RUE DE L OUCHETTE,44000.0,namas,101.0,5.0,1,400000.0,3960.0,913.0,47.231984,-1.534142,44109000BX0214
2021-06-07,23 RUE DE L OUCHETTE,44000.0,namas,40.0,2.0,0,190000.0,4750.0,914.0,47.232129,-1.533743,44109000BX0513
2022-03-11,23 RUE DE L OUCHETTE,44000.0,namas,40.0,2.0,0,290000.0,7250.0,914.0,47.232129,-1.533743,44109000BX0513
2022-10-26,4 RUE JEAN-JULIEN LEMORDANT,44300.0,namas,77.0,3.0,0,350000.0,4545.0,915.0,47.230591,-1.519892,44109000BV0347
2023-01-24,14 RUE JEAN-JULIEN LEMORDANT,44300.0,namas,77.0,3.0,0,325000.0,4221.0,915.0,47.230591,-1.519892,44109000BV0347
2021-09-09,11 AV CHARLIE CHAPLIN,44300.0,namas,94.0,4.0,0,420000.0,4468.0,915.0,47.230591,-1.519892,44109000BV0347
2022-06-21,25 AV CHARLIE CHAPLIN,44300.0,namas,94.0,4.0,0,380000.0,4043.0,915.0,47.230591,-1.519892,44109000BV0347
2022-09-28,1 AV CHARLIE CHAPLIN,44300.0,namas,94.0,4.0,0,440000.0,4681.0,915.0,47.230591,-1.519892,44109000BV0347
2025-02-14,7 AV CHARLIE CHAPLIN,44300.0,namas,94.0,4.0,0,353000.0,3755.0,915.0,47.230591,-1.519892,44109000BV0347
2022-05-23,11 RUE GABRIELLE LE PAN DE LIGNY,44000.0,namas,86.0,4.0,0,217979.9,2535.0,916.0,47.227863,-1.539641,44109000CD0425
2022-10-07,9 RUE GABRIELLE LE PAN DE LIGNY,44000.0,namas,83.0,4.0,0,216406.55,2607.0,916.0,47.227832,-1.539654,44109000CD0424
2022-06-29,2 AV DE L'AIGRETTE,44300.0,namas,108.0,5.0,0,560000.0,5185.0,916.0,47.232851,-1.526215,44109000BC0687
2021-08-31,20 AV DE MONTYS,44000.0,namas,57.0,3.0,1,323170.72,5670.0,918.0,47.221217,-1.539386,44109000ES0079
2022-06-08,7 RUE GABRIELLE LE PAN DE LIGNY,44000.0,namas,97.0,5.0,0,239849.81,2473.0,919.0,47.22776,-1.53974,44109000CD0423
2021-01-15,50 RUE CAMILLE DESMOULINS,44300.0,namas,124.0,5.0,0,473000.0,3815.0,920.0,47.232813,-1.525695,44109000BC0699
2022-09-13,12 RUE AURELLE DE PALADINES,44000.0,namas,148.0,5.0,0,900000.0,6081.0,922.0,47.226024,-1.54047,44109000CD0257
2025-09-19,1 AV DU SIROCCO,44300.0,namas,110.0,6.0,0,430000.0,3909.0,922.0,47.230015,-1.518996,44109000BV0392
2022-08-09,3 RUE GABRIELLE LE PAN DE LIGNY,44000.0,namas,84.0,4.0,0,217749.16,2592.0,923.0,47.227648,-1.539863,44109000CD0421
2021-01-27,88 RUE CAMILLE DESMOULINS,44300.0,butas,59.0,3.0,0,81600.0,1383.0,924.0,47.232483,-1.523942,44109000BC0813
2023-01-12,17 AV DE LA PAJAUDIERE,44000.0,namas,124.0,6.0,1,525000.0,4234.0,925.0,47.22691,-1.540238,44109000CD0046
2022-09-07,1 RUE GABRIELLE LE PAN DE LIGNY,44000.0,namas,82.0,4.0,0,214361.52,2614.0,926.0,47.227609,-1.539921,44109000CD0420
2024-09-23,6 AV GANDHI,44000.0,namas,54.0,3.0,1,370000.0,6852.0,926.0,47.226301,-1.540454,44109000CD0031
2022-09-02,54 RUE CAMILLE DESMOULINS,44300.0,namas,113.0,5.0,0,550000.0,4867.0,926.0,47.232803,-1.525292,44109000BC0701
2025-06-13,2 ALL VICTOR DEHAYES,44000.0,namas,103.0,5.0,0,470000.0,4563.0,926.0,47.227469,-1.539997,44109000CD0418
2022-05-10,2 ALL VICTOR DEHAYES,44000.0,namas,103.0,5.0,0,269453.56,2616.0,926.0,47.227469,-1.539997,44109000CD0418
2025-08-21,86 RUE DE COULMIERS,44000.0,namas,100.0,4.0,0,700000.0,7000.0,930.0,47.225965,-1.540594,44109000CD0037
2021-10-15,115 RUE DE COULMIERS,44000.0,namas,152.0,7.0,0,150000.0,987.0,930.0,47.225678,-1.540648,44109000ET0144
2022-05-20,4 ALL VICTOR DEHAYES,44000.0,namas,84.0,4.0,0,214125.16,2549.0,932.0,47.227494,-1.540067,44109000CD0417
2022-11-25,92 RUE CAMILLE DESMOULINS,44300.0,butas,59.0,3.0,1,170500.0,2890.0,936.0,47.232433,-1.523354,44109000BC0814
2022-03-29,43 RUE DU BRULIS,44300.0,butas,46.0,2.0,1,190000.0,4130.0,937.0,47.225957,-1.516149,44109000BT0558
2022-07-29,43 RUE DU BRULIS,44300.0,butas,46.0,2.0,1,167000.0,3630.0,937.0,47.225957,-1.516149,44109000BT0558
2022-05-03,6 ALL VICTOR DEHAYES,44000.0,namas,90.0,4.0,0,228190.69,2535.0,939.0,47.227543,-1.540143,44109000CD0416
2023-12-08,6 ALL VICTOR DEHAYES,44000.0,namas,90.0,4.0,0,420000.0,4667.0,939.0,47.227543,-1.540143,44109000CD0416
2022-05-03,90 RUE DE COULMIERS,44000.0,namas,133.0,6.0,1,500000.0,3759.0,943.0,47.22614,-1.540732,44109000CD0035
2022-12-15,115 RUE DE COULMIERS,44000.0,butas,30.0,1.0,1,105000.0,3500.0,945.0,47.225806,-1.54082,44109000ET0143
2023-03-01,51 RUE CAMILLE DESMOULINS,44300.0,namas,95.0,3.0,0,375000.0,3947.0,946.0,47.233202,-1.527009,44109000BC0802
2021-01-08,121 BD DES POILUS,44300.0,namas,118.0,6.0,0,878000.0,7441.0,946.0,47.232701,-1.532848,44109000BX0543
2025-06-05,18 RUE DU PETIT BLOTTEREAU,44300.0,namas,163.0,6.0,1,630000.0,3865.0,948.0,47.223658,-1.515988,44109000BT0288
2022-07-13,86 RTE DE STE-LUCE,44300.0,butas,93.0,5.0,0,290000.0,3118.0,949.0,47.23195,-1.521672,44109000BV0366
2023-06-09,82 RTE DE STE-LUCE,44300.0,butas,78.0,4.0,2,215500.0,2763.0,949.0,47.23195,-1.521672,44109000BV0366
2025-10-30,88 RTE DE STE-LUCE,44300.0,butas,78.0,4.0,2,160000.0,2051.0,949.0,47.23195,-1.521672,44109000BV0366
2021-05-10,82 RTE DE STE-LUCE,44300.0,butas,62.0,3.0,0,185000.0,2984.0,949.0,47.23195,-1.521672,44109000BV0366
2024-11-29,82 RTE DE STE-LUCE,44300.0,butas,78.0,4.0,1,208000.0,2667.0,949.0,47.23195,-1.521672,44109000BV0366
2023-07-12,84 RTE DE STE-LUCE,44300.0,butas,62.0,3.0,1,182000.0,2935.0,949.0,47.23195,-1.521672,44109000BV0366
2025-03-19,86 RTE DE STE-LUCE,44300.0,butas,90.0,5.0,1,85000.0,944.0,949.0,47.23195,-1.521672,44109000BV0366
2021-05-07,1 AV DES 3 FRERES,44000.0,namas,120.0,5.0,0,700000.0,5833.0,952.0,47.220301,-1.539162,44109000ES0397
2022-11-22,100 RUE CAMILLE DESMOULINS,44300.0,butas,72.0,3.0,1,142800.0,1983.0,953.0,47.232323,-1.522512,44109000BC0742
2022-11-18,102 RUE CAMILLE DESMOULINS,44300.0,butas,73.0,3.0,1,122500.0,1678.0,953.0,47.232323,-1.522512,44109000BC0742
2021-12-07,100 RUE CAMILLE DESMOULINS,44300.0,butas,90.0,4.0,1,165100.0,1834.0,953.0,47.232323,-1.522512,44109000BC0742
2022-06-09,79 RTE DE STE-LUCE,44300.0,butas,52.0,2.0,0,115100.0,2213.0,953.0,47.232323,-1.522512,44109000BC0742
2022-01-20,79 RTE DE STE-LUCE,44300.0,butas,54.0,2.0,1,121700.0,2254.0,953.0,47.232323,-1.522512,44109000BC0742
2023-05-11,77 RTE DE STE-LUCE,44300.0,butas,86.0,4.0,1,177000.0,2058.0,953.0,47.232323,-1.522512,44109000BC0742
2025-09-24,79 RTE DE STE-LUCE,44300.0,butas,90.0,4.0,0,159000.0,1767.0,953.0,47.232323,-1.522512,44109000BC0742
2023-05-12,77 RTE DE STE-LUCE,44300.0,butas,72.0,3.0,1,157000.0,2181.0,953.0,47.232323,-1.522512,44109000BC0742
2025-06-24,102 RUE CAMILLE DESMOULINS,44300.0,butas,74.0,3.0,0,139000.0,1878.0,953.0,47.232323,-1.522512,44109000BC0742
2021-10-15,3 AV GANDHI,44000.0,namas,50.0,3.0,1,400000.0,8000.0,953.0,47.226407,-1.540786,44109000CD0023
2021-11-23,79 RTE DE STE-LUCE,44300.0,butas,52.0,2.0,1,111600.0,2146.0,953.0,47.232323,-1.522512,44109000BC0742
2022-10-19,102 RUE CAMILLE DESMOULINS,44300.0,butas,74.0,3.0,1,147800.0,1997.0,953.0,47.232323,-1.522512,44109000BC0742
2023-06-02,102 RUE CAMILLE DESMOULINS,44300.0,butas,99.0,5.0,1,154000.0,1556.0,953.0,47.232323,-1.522512,44109000BC0742
2023-05-09,79 RTE DE STE-LUCE,44300.0,butas,80.0,3.0,1,147000.0,1838.0,953.0,47.232323,-1.522512,44109000BC0742
2023-02-09,102 RUE CAMILLE DESMOULINS,44300.0,butas,72.0,3.0,1,128300.0,1782.0,953.0,47.232323,-1.522512,44109000BC0742
2021-09-09,88 RUE CAMILLE DESMOULINS,44300.0,butas,71.0,4.0,1,193000.0,2718.0,955.0,47.232792,-1.523981,44109000BC0815
2023-11-15,88 RUE CAMILLE DESMOULINS,44300.0,butas,86.0,5.0,1,133900.0,1557.0,955.0,47.232792,-1.523981,44109000BC0815
2023-10-26,88 RUE CAMILLE DESMOULINS,44300.0,butas,86.0,5.0,1,235000.0,2733.0,955.0,47.232792,-1.523981,44109000BC0815
2025-07-04,88 RUE CAMILLE DESMOULINS,44300.0,butas,71.0,4.0,1,170100.0,2396.0,955.0,47.232792,-1.523981,44109000BC0815
2021-10-01,55 RUE CAMILLE DESMOULINS,44300.0,namas,42.0,2.0,1,355000.0,8452.0,956.0,47.233266,-1.526731,44109000BC0158
2024-02-09,4 AV DES 3 FRERES,44000.0,namas,71.0,4.0,1,400000.0,5634.0,958.0,47.220421,-1.539362,44109000ES0118
2024-03-05,20 RUE DE LA MARRIERE,44300.0,butas,46.0,2.0,1,165100.0,3589.0,959.0,47.233094,-1.531623,44109000AZ0914
2021-06-16,4 RUE ROGER GLOTIN,44300.0,butas,50.0,2.0,1,189000.0,3780.0,959.0,47.233094,-1.531623,44109000AZ0914
2022-12-19,20 RUE DE LA MARRIERE,44300.0,butas,81.0,4.0,1,301000.0,3716.0,959.0,47.233094,-1.531623,44109000AZ0914
2025-07-22,19 RUE ROGER GLOTIN,44300.0,butas,85.0,4.0,1,350000.0,4118.0,959.0,47.233094,-1.531623,44109000AZ0914
2025-04-29,4 RUE ROGER GLOTIN,44300.0,butas,64.0,3.0,1,234000.0,3656.0,959.0,47.233094,-1.531623,44109000AZ0914
2025-09-30,20 RUE DE LA MARRIERE,44300.0,butas,81.0,4.0,1,310000.0,3827.0,959.0,47.233094,-1.531623,44109000AZ0914
2024-04-10,34 RUE GAMBETTA,44000.0,butas,110.0,4.0,3,324000.0,2945.0,960.0,47.223044,-1.54087,44109000ET0307
2022-09-06,38 RUE GAMBETTA,44000.0,butas,47.0,2.0,2,249000.0,5298.0,960.0,47.223044,-1.54087,44109000ET0307
2024-05-29,36 RUE GAMBETTA,44000.0,butas,45.0,2.0,2,185000.0,4111.0,960.0,47.223044,-1.54087,44109000ET0307
2023-02-14,34 RUE GAMBETTA,44000.0,butas,110.0,4.0,3,433500.0,3941.0,960.0,47.223044,-1.54087,44109000ET0307
2021-09-17,34 RUE GAMBETTA,44000.0,butas,69.0,3.0,2,231000.0,3348.0,960.0,47.223044,-1.54087,44109000ET0307
2023-12-07,36 RUE GAMBETTA,44000.0,butas,71.0,3.0,2,210000.0,2958.0,960.0,47.223044,-1.54087,44109000ET0307
2021-01-05,40 RUE GAMBETTA,44000.0,butas,71.0,3.0,1,279580.0,3938.0,960.0,47.223044,-1.54087,44109000ET0307
2023-05-16,34 RUE GAMBETTA,44000.0,butas,69.0,3.0,2,244000.0,3536.0,960.0,47.223044,-1.54087,44109000ET0307
2025-12-15,34 RUE GAMBETTA,44000.0,butas,110.0,4.0,3,465000.0,4227.0,960.0,47.223044,-1.54087,44109000ET0307
2022-11-15,34 RUE GAMBETTA,44000.0,butas,41.0,2.0,2,165000.0,4024.0,960.0,47.223044,-1.54087,44109000ET0307
2024-02-28,40 RUE GAMBETTA,44000.0,butas,50.0,2.0,1,150000.0,3000.0,960.0,47.223044,-1.54087,44109000ET0307
2025-10-16,38 RUE GAMBETTA,44000.0,butas,46.0,2.0,1,135500.0,2946.0,960.0,47.223044,-1.54087,44109000ET0307
2025-04-15,40 RUE GAMBETTA,44000.0,butas,45.0,2.0,2,160000.0,3556.0,960.0,47.223044,-1.54087,44109000ET0307
2023-06-30,36 RUE GAMBETTA,44000.0,butas,71.0,3.0,2,315000.0,4437.0,960.0,47.223044,-1.54087,44109000ET0307
2022-07-13,40 RUE GAMBETTA,44000.0,butas,98.0,4.0,2,390000.0,3980.0,960.0,47.223044,-1.54087,44109000ET0307
2021-03-19,40 RUE GAMBETTA,44000.0,butas,98.0,4.0,1,372000.0,3796.0,960.0,47.223044,-1.54087,44109000ET0307
2023-01-20,40 RUE GAMBETTA,44000.0,butas,71.0,3.0,2,270000.0,3803.0,960.0,47.223044,-1.54087,44109000ET0307
2022-04-20,36 RUE GAMBETTA,44000.0,butas,71.0,3.0,2,329200.0,4637.0,960.0,47.223044,-1.54087,44109000ET0307
2022-01-31,34 RUE GAMBETTA,44000.0,butas,110.0,4.0,3,480000.0,4364.0,960.0,47.223044,-1.54087,44109000ET0307
2021-09-10,34 RUE GAMBETTA,44000.0,butas,69.0,3.0,2,270000.0,3913.0,960.0,47.223044,-1.54087,44109000ET0307
2021-10-26,38 RUE GAMBETTA,44000.0,butas,71.0,3.0,2,293000.0,4127.0,960.0,47.223044,-1.54087,44109000ET0307
2021-11-12,20 AV LT CHAPUS,44000.0,namas,55.0,3.0,0,368000.0,6691.0,960.0,47.227356,-1.540532,44109000CD0067
2022-03-21,34 RUE GAMBETTA,44000.0,butas,69.0,3.0,1,315000.0,4565.0,960.0,47.223044,-1.54087,44109000ET0307
2024-06-10,34 RUE GAMBETTA,44000.0,butas,41.0,2.0,2,165000.0,4024.0,960.0,47.223044,-1.54087,44109000ET0307
2024-02-16,34 RUE GAMBETTA,44000.0,butas,41.0,2.0,1,170100.0,4149.0,960.0,47.223044,-1.54087,44109000ET0307
2021-07-19,34 RUE GAMBETTA,44000.0,butas,110.0,4.0,2,370000.0,3364.0,960.0,47.223044,-1.54087,44109000ET0307
2022-07-02,38 RUE GAMBETTA,44000.0,butas,36.0,1.0,2,156500.0,4347.0,960.0,47.223044,-1.54087,44109000ET0307
2025-04-23,15 AV LT CHAPUS,44000.0,namas,109.0,6.0,0,545000.0,5000.0,961.0,47.227715,-1.540366,44109000CD0070
2024-04-03,82 RUE D ALLONVILLE,44000.0,namas,52.0,1.0,0,345000.0,6635.0,962.0,47.220166,-1.539197,44109000ES0405
2024-04-30,24 RUE DU PETIT BLOTTEREAU,44300.0,namas,158.0,8.0,1,610000.0,3861.0,962.0,47.223282,-1.515878,44109000BT0285
2023-12-12,6 AV DES 3 FRERES,44000.0,namas,175.0,6.0,1,210000.0,1200.0,963.0,47.220525,-1.539531,44109000ES0116
2025-08-29,59 RUE CAMILLE DESMOULINS,44300.0,butas,70.0,4.0,2,280000.0,4000.0,964.0,47.233315,-1.526476,44109000BC0160
2022-11-07,59 RUE CAMILLE DESMOULINS,44300.0,butas,70.0,4.0,1,305000.0,4357.0,964.0,47.233315,-1.526476,44109000BC0160
2022-08-22,8 AV DES 3 FRERES,44000.0,butas,50.0,2.0,1,253630.0,5073.0,965.0,47.220659,-1.539675,44109000ES0114
2021-09-30,53 RUE DU BRULIS,44300.0,namas,143.0,5.0,1,578000.0,4042.0,967.0,47.226318,-1.515842,44109000BT0482
2022-07-11,3 AV DE FREMEUR,44000.0,namas,110.0,4.0,0,520000.0,4727.0,967.0,47.232367,-1.53458,44109000BX0083
2023-12-08,20 AV DES PETALES,44300.0,namas,130.0,6.0,0,475000.0,3654.0,967.0,47.23336,-1.530183,44109000BC0642
2022-06-24,16 RUE FRANCOIS EVELLIN,44000.0,butas,29.0,2.0,0,117500.0,4052.0,968.0,47.219709,-1.538843,44109000ES0170
2025-11-26,11 AV DES 3 FRERES,44000.0,butas,90.0,4.0,0,300000.0,3333.0,968.0,47.220819,-1.53984,44109000ES0111
2024-05-30,16 RUE FRANCOIS EVELLIN,44000.0,butas,29.0,2.0,0,95950.0,3309.0,968.0,47.219709,-1.538843,44109000ES0170
2022-05-13,16 RUE FRANCOIS EVELLIN,44000.0,butas,29.0,2.0,0,115000.0,3966.0,968.0,47.219709,-1.538843,44109000ES0170
2021-12-03,2 RUE FRANCOIS EVELLIN,44000.0,butas,41.0,2.0,2,192000.0,4683.0,969.0,47.219189,-1.538273,44109000ES0378
2023-11-07,4 RUE FRANCOIS EVELLIN,44000.0,butas,60.0,3.0,1,230000.0,3833.0,969.0,47.219189,-1.538273,44109000ES0378
2021-07-30,4 RUE FRANCOIS EVELLIN,44000.0,butas,100.0,4.0,2,383410.0,3834.0,969.0,47.219189,-1.538273,44109000ES0378
2021-09-02,2 RUE FRANCOIS EVELLIN,44000.0,butas,47.0,2.0,2,182000.0,3872.0,969.0,47.219189,-1.538273,44109000ES0378
2021-10-11,4 RUE FRANCOIS EVELLIN,44000.0,butas,60.0,3.0,2,245000.0,4083.0,969.0,47.219189,-1.538273,44109000ES0378
2023-12-19,46 RUE GAMBETTA,44000.0,butas,32.0,1.0,1,128000.0,4000.0,970.0,47.222727,-1.5409,44109000ET0330
2021-06-15,46 RUE GAMBETTA,44000.0,butas,50.0,1.0,1,225000.0,4500.0,970.0,47.222727,-1.5409,44109000ET0330
2025-01-28,46 RUE GAMBETTA,44000.0,butas,32.0,1.0,1,135000.0,4219.0,970.0,47.222727,-1.5409,44109000ET0330
2025-11-19,106 RUE DES CHALATRES,44000.0,butas,38.0,1.0,1,102350.0,2693.0,971.0,47.231333,-1.536851,44109000BX0530
2022-02-25,106 RUE DES CHALATRES,44000.0,butas,62.0,2.0,2,200000.0,3226.0,971.0,47.231333,-1.536851,44109000BX0530
2025-09-30,106 RUE DES CHALATRES,44000.0,butas,84.0,3.0,2,285000.0,3393.0,971.0,47.231333,-1.536851,44109000BX0530
2022-06-14,106 RUE DES CHALATRES,44000.0,butas,41.0,2.0,2,180018.0,4391.0,971.0,47.231333,-1.536851,44109000BX0530
2025-10-23,106 RUE DES CHALATRES,44000.0,butas,35.0,1.0,1,67000.0,1914.0,971.0,47.231333,-1.536851,44109000BX0530
2024-09-19,106 RUE DES CHALATRES,44000.0,butas,52.0,2.0,2,180000.0,3462.0,971.0,47.231333,-1.536851,44109000BX0530
2025-08-07,106 RUE DES CHALATRES,44000.0,butas,80.0,3.0,2,292000.0,3650.0,971.0,47.231333,-1.536851,44109000BX0530
2021-05-25,106 RUE DES CHALATRES,44000.0,butas,34.0,1.0,1,125000.0,3676.0,971.0,47.231333,-1.536851,44109000BX0530
2023-07-03,106 RUE DES CHALATRES,44000.0,butas,87.0,3.0,2,497230.0,5715.0,971.0,47.231333,-1.536851,44109000BX0530
2025-02-20,106 RUE DES CHALATRES,44000.0,butas,34.0,1.0,1,32000.0,941.0,971.0,47.231333,-1.536851,44109000BX0530
2023-06-30,106 RUE DES CHALATRES,44000.0,butas,67.0,3.0,1,267000.0,3985.0,971.0,47.231333,-1.536851,44109000BX0530
2022-10-14,17 AV DES PETALES,44300.0,namas,110.0,5.0,0,475000.0,4318.0,974.0,47.233466,-1.529611,44109000BC0640
2023-06-12,121 RUE DE COULMIERS,44000.0,butas,93.0,3.0,1,640000.0,6882.0,976.0,47.226042,-1.541185,44109000ET0142
2024-02-21,3 RUE VEPHIAN,44000.0,namas,103.0,5.0,0,455000.0,4417.0,979.0,47.231809,-1.53616,44109000BX0621
2025-02-05,1 AV DE L EPERONNIERE,44000.0,namas,131.0,5.0,1,465000.0,3550.0,979.0,47.228986,-1.53977,44109000CD0093
2025-03-26,81 RUE CAMILLE DESMOULINS,44300.0,namas,100.0,5.0,0,407500.0,4075.0,979.0,47.233189,-1.524737,44109000BC0588
2022-06-23,79 RUE CAMILLE DESMOULINS,44300.0,butas,47.0,2.0,1,171000.0,3638.0,983.0,47.233269,-1.524981,44109000BC0177
2021-05-27,79 RUE CAMILLE DESMOULINS,44300.0,butas,66.0,3.0,1,150000.0,2273.0,983.0,47.233269,-1.524981,44109000BC0177
2022-12-29,21 RUE GASTON TURPIN,44000.0,butas,70.0,4.0,2,249000.0,3557.0,983.0,47.224686,-1.541427,44109000ET0242
2023-03-13,79 RUE CAMILLE DESMOULINS,44300.0,butas,38.0,2.0,1,136500.0,3592.0,983.0,47.233269,-1.524981,44109000BC0177
2021-05-17,15 AV DE L EPERONNIERE,44000.0,namas,225.0,6.0,1,1342426.0,5966.0,984.0,47.230694,-1.538064,44109000CD0373
2023-11-14,23 AV DE LA PAJAUDIERE,44000.0,namas,68.0,4.0,1,456000.0,6706.0,985.0,47.226736,-1.541118,44109000CD0019
2022-06-24,5 PL DU 51EME R A,44000.0,butas,21.0,1.0,1,132500.0,6310.0,986.0,47.228513,-1.54023,44109000CD0283
2021-05-21,127 RUE D ALLONVILLE,44000.0,namas,114.0,4.0,0,475000.0,4167.0,987.0,47.219813,-1.539256,44109000ES0298
2023-01-05,88 RUE D ALLONVILLE,44000.0,butas,85.0,5.0,1,399900.0,4705.0,987.0,47.220051,-1.539485,44109000ES0295
2023-04-24,88 RUE D ALLONVILLE,44000.0,butas,73.0,3.0,1,327000.0,4479.0,987.0,47.220051,-1.539485,44109000ES0295
2023-02-21,88 RUE D ALLONVILLE,44000.0,butas,37.0,2.0,1,130000.0,3514.0,987.0,47.220051,-1.539485,44109000ES0295
2023-06-19,22 AV DU FORGERON,44300.0,namas,240.0,15.0,1,550000.0,2292.0,992.0,47.222754,-1.515638,44109000CI0704
2023-12-28,12 AV DE LA MILLETIERE,44000.0,namas,140.0,8.0,0,625000.0,4464.0,994.0,47.232534,-1.534871,44109000BX0050
2022-12-13,39 RUE GAL BUAT,44000.0,namas,87.0,4.0,1,550000.0,6322.0,995.0,47.231368,-1.537283,44109000BX0480
2022-09-15,40 RUE JOSEPH DOURY,44300.0,namas,51.0,3.0,0,289000.0,5667.0,995.0,47.229736,-1.517492,44109000BV0553
2023-07-20,5 AV DE L ENCLUME,44300.0,namas,91.0,5.0,0,415000.0,4560.0,995.0,47.224531,-1.515269,44109000BT0295
2022-08-05,9 AV DE LA PAJAUDIERE,44000.0,namas,89.0,5.0,1,590000.0,6629.0,996.0,47.227297,-1.541053,44109000CD0050
2025-07-18,13 AV DES PETALES,44300.0,namas,76.0,4.0,0,590000.0,7763.0,998.0,47.23369,-1.529582,44109000BC0638
2021-04-22,129 RUE D ALLONVILLE,44000.0,butas,32.0,2.0,0,131100.0,4097.0,1000.0,47.219745,-1.539394,44109000ES0163
2021-09-09,6 AV HAUTE DE LA MARRIERE,44300.0,namas,90.0,4.0,1,330000.0,3667.0,1000.0,47.233553,-1.525723,44109000BC0172
2022-08-25,6 AV HAUTE DE LA MARRIERE,44300.0,namas,90.0,4.0,1,657604.0,7307.0,1000.0,47.233553,-1.525723,44109000BC0172
2025-03-26,53 RUE GAL BUAT,44000.0,butas,31.0,1.0,2,27000.0,871.0,1002.0,47.230383,-1.53877,44109000CD0110
2022-09-27,53 RUE GAL BUAT,44000.0,butas,88.0,3.0,2,385000.0,4375.0,1002.0,47.230383,-1.53877,44109000CD0110
2024-08-27,53 RUE GAL BUAT,44000.0,butas,56.0,2.0,2,185000.0,3304.0,1002.0,47.230383,-1.53877,44109000CD0110
2024-09-16,12 RUE DE LA MARRIERE,44300.0,namas,55.0,3.0,0,357000.0,6491.0,1002.0,47.233385,-1.53219,44109000AZ0595
2023-11-08,53 RUE GAL BUAT,44000.0,butas,31.0,1.0,2,117000.0,3774.0,1002.0,47.230383,-1.53877,44109000CD0110
2025-03-28,53 RUE GAL BUAT,44000.0,butas,118.0,4.0,2,497000.0,4212.0,1002.0,47.230383,-1.53877,44109000CD0110
2023-09-29,53 RUE GAL BUAT,44000.0,butas,109.0,4.0,1,537000.0,4927.0,1002.0,47.230383,-1.53877,44109000CD0110
2023-07-01,26 RUE DU LANDREAU,44300.0,namas,145.0,4.0,0,718000.0,4952.0,1002.0,47.231692,-1.519968,44109000BV0476
2024-01-23,53 RUE GAL BUAT,44000.0,butas,15.0,1.0,0,66069.0,4405.0,1002.0,47.230383,-1.53877,44109000CD0110
2024-10-16,10 AV FABRE D EGLANTINE,44300.0,namas,166.0,7.0,0,520000.0,3133.0,1003.0,47.233761,-1.527887,44109000BC0373
2022-04-05,5 AV FABRE D EGLANTINE,44300.0,namas,123.0,6.0,0,502000.0,4081.0,1003.0,47.233761,-1.527887,44109000BC0373
2021-09-02,17 AV FABRE D EGLANTINE,44300.0,namas,123.0,6.0,1,525000.0,4268.0,1003.0,47.233761,-1.527887,44109000BC0373
2024-04-19,8 AV FABRE D EGLANTINE,44300.0,namas,188.0,7.0,1,625000.0,3324.0,1003.0,47.233761,-1.527887,44109000BC0373
2025-05-05,22 RUE GASTON TURPIN,44000.0,namas,170.0,7.0,0,1210000.0,7118.0,1003.0,47.224954,-1.541683,44109000ET0106
2021-04-09,10 AV BOTREL,44000.0,namas,122.0,5.0,0,600000.0,4918.0,1003.0,47.225248,-1.541662,44109000ET0111
2022-06-03,19 AV FABRE D EGLANTINE,44300.0,namas,171.0,7.0,0,667000.0,3901.0,1003.0,47.233761,-1.527887,44109000BC0373
2023-07-13,3 AV FABRE D EGLANTINE,44300.0,namas,95.0,5.0,0,430000.0,4526.0,1003.0,47.233761,-1.527887,44109000BC0373
2025-07-08,4 AV GUILLON,44000.0,butas,37.0,2.0,1,160000.0,4324.0,1004.0,47.220205,-1.539892,44109000ES0126
2022-07-20,4 AV GUILLON,44000.0,butas,47.0,3.0,1,240000.0,5106.0,1004.0,47.220205,-1.539892,44109000ES0126
2023-12-04,14 AV DE LA MILLETIERE,44000.0,namas,66.0,3.0,0,480000.0,7273.0,1004.0,47.232648,-1.534864,44109000BX0051
2025-07-07,25 BD AUGUSTE PENEAU,44300.0,namas,56.0,3.0,0,300000.0,5357.0,1006.0,47.227779,-1.515887,44109000BT0107
2022-04-01,14 RUE DU LANDREAU,44300.0,namas,165.0,7.0,0,1375000.0,8333.0,1006.0,47.232179,-1.520832,44109000BV0551
2022-09-27,8 AV LT CHAPUS,44000.0,namas,220.0,8.0,0,1137000.0,5168.0,1007.0,47.227616,-1.541061,44109000CD0061
2024-11-22,1 RUE DES PERRINES,44300.0,butas,67.0,3.0,2,126200.0,1884.0,1009.0,47.227993,-1.515956,44109000BT0676
2022-11-28,17 RUE FRANCOIS EVELLIN,44000.0,butas,25.0,1.0,1,135000.0,5400.0,1009.0,47.219603,-1.539399,44109000ES0347
2021-04-30,51 RUE GAL BUAT,44000.0,butas,95.0,5.0,1,533000.0,5611.0,1009.0,47.230617,-1.538611,44109000CD0114
2024-04-04,3 RUE DES PERRINES,44300.0,butas,70.0,3.0,1,128700.0,1839.0,1009.0,47.227993,-1.515956,44109000BT0676
2025-05-23,3 RUE DES PERRINES,44300.0,butas,58.0,2.0,1,107700.0,1857.0,1009.0,47.227993,-1.515956,44109000BT0676
2025-09-10,3 RUE DES PERRINES,44300.0,butas,70.0,3.0,1,200000.0,2857.0,1009.0,47.227993,-1.515956,44109000BT0676
2025-06-11,17 RUE FRANCOIS EVELLIN,44000.0,butas,35.0,1.0,2,134700.0,3849.0,1009.0,47.219603,-1.539399,44109000ES0347
2024-12-16,1 RUE DES PERRINES,44300.0,butas,86.0,4.0,1,244000.0,2837.0,1009.0,47.227993,-1.515956,44109000BT0676
2024-12-27,1 RUE DES PERRINES,44300.0,butas,67.0,3.0,1,123100.0,1837.0,1009.0,47.227993,-1.515956,44109000BT0676
2023-01-25,17 RUE FRANCOIS EVELLIN,44000.0,butas,49.0,2.0,2,191000.0,3898.0,1009.0,47.219603,-1.539399,44109000ES0347
2021-10-01,90 RUE D ALLONVILLE,44000.0,butas,41.0,2.0,1,150000.0,3659.0,1011.0,47.219967,-1.539781,44109000ES0123
2024-01-29,90 RUE D ALLONVILLE,44000.0,butas,42.0,2.0,1,190000.0,4524.0,1011.0,47.219967,-1.539781,44109000ES0123
2021-11-09,90 RUE D ALLONVILLE,44000.0,butas,45.0,2.0,1,153000.0,3400.0,1011.0,47.219967,-1.539781,44109000ES0123
2024-03-15,90 RUE D ALLONVILLE,44000.0,butas,37.0,2.0,1,143000.0,3865.0,1011.0,47.219967,-1.539781,44109000ES0123
2022-09-23,90 RUE D ALLONVILLE,44000.0,butas,46.0,2.0,1,195000.0,4239.0,1011.0,47.219967,-1.539781,44109000ES0123
2023-12-15,133 BD DES POILUS,44300.0,namas,110.0,6.0,0,760000.0,6909.0,1013.0,47.233184,-1.533481,44109000BX0662
2024-08-14,4 RUE DE LA MARRIERE,44300.0,namas,146.0,7.0,0,400000.0,2740.0,1015.0,47.233395,-1.53271,44109000AZ0589
2022-09-05,24 RUE GASTON TURPIN,44000.0,namas,81.0,3.0,0,400000.0,4938.0,1015.0,47.224887,-1.541846,44109000ET0070
2025-11-28,8 IMP DU CHALET DE LA MARRIERE,44300.0,namas,130.0,6.0,0,370000.0,2846.0,1016.0,47.233803,-1.52659,44109000BC0380
2024-12-27,5 AV DE L EPERONNIERE,44000.0,namas,64.0,3.0,0,200000.0,3125.0,1018.0,47.229638,-1.539806,44109000CD0102
2025-04-24,10 AV DES PAMPRES,44300.0,namas,106.0,4.0,1,370000.0,3491.0,1018.0,47.233526,-1.524615,44109000BC0596
2023-09-08,59 RUE DE L OUCHETTE,44000.0,butas,51.0,3.0,1,160000.0,3137.0,1019.0,47.231961,-1.536746,44109000BX0464
2022-07-12,59 RUE DE L OUCHETTE,44000.0,butas,47.0,2.0,1,157000.0,3340.0,1019.0,47.231961,-1.536746,44109000BX0464
2024-07-10,59 RUE DE L OUCHETTE,44000.0,butas,52.0,3.0,1,130000.0,2500.0,1019.0,47.231961,-1.536746,44109000BX0464
2022-12-05,59 RUE DE L OUCHETTE,44000.0,butas,51.0,3.0,1,105000.0,2059.0,1019.0,47.231961,-1.536746,44109000BX0464
2025-01-21,59 RUE DE L OUCHETTE,44000.0,butas,51.0,3.0,1,135605.0,2659.0,1019.0,47.231961,-1.536746,44109000BX0464
2023-08-16,59 RUE DE L OUCHETTE,44000.0,butas,40.0,2.0,1,142000.0,3550.0,1019.0,47.231961,-1.536746,44109000BX0464
2025-04-30,6 AV LT CHAPUS,44000.0,namas,124.0,9.0,0,660001.0,5323.0,1019.0,47.22769,-1.541185,44109000CD0060
2021-12-16,18 AV DE LA MILLETIERE,44000.0,namas,94.0,5.0,0,525000.0,5585.0,1020.0,47.232777,-1.534944,44109000BX0053
2025-11-14,131 RUE DE COULMIERS,44000.0,butas,65.0,3.0,2,220000.0,3385.0,1020.0,47.226342,-1.541714,44109000ET0139
2022-04-14,104 RUE DE COULMIERS,44000.0,namas,98.0,4.0,0,502000.0,5122.0,1021.0,47.226774,-1.541598,44109000CD0015
2023-11-21,2 RUE DE LA MARRIERE,44300.0,butas,64.0,3.0,1,290000.0,4531.0,1024.0,47.233435,-1.532921,44109000AZ0587
2023-11-08,41 RUE GAL BUAT,44000.0,butas,146.0,6.0,2,600000.0,4110.0,1026.0,47.231383,-1.537857,44109000BX0482
2024-03-05,41 RUE GAL BUAT,44000.0,butas,146.0,6.0,2,492000.0,3370.0,1026.0,47.231383,-1.537857,44109000BX0482
2023-01-31,41 RUE GAL BUAT,44000.0,butas,145.0,5.0,2,570000.0,3931.0,1026.0,47.231383,-1.537857,44109000BX0482
2025-06-20,143 BD DES POILUS,44300.0,namas,100.0,4.0,2,700000.0,7000.0,1027.0,47.23312,-1.534148,44109000BX0545
2023-05-10,34 RUE DE LA MARRIERE,44300.0,namas,151.0,8.0,0,500000.0,3311.0,1029.0,47.233879,-1.530606,44109000AZ0622
2022-04-26,60 RUE DE L OUCHETTE,44000.0,namas,68.0,3.0,0,490000.0,7206.0,1029.0,47.232306,-1.536287,44109000BX0028
2023-02-13,77 RUE GAL BUAT,44000.0,butas,50.0,2.0,0,197000.0,3940.0,1030.0,47.228364,-1.54097,44109000CD0377
2022-04-26,75 RUE GAL BUAT,44000.0,butas,80.0,3.0,0,288000.0,3600.0,1030.0,47.228364,-1.54097,44109000CD0377
2021-09-03,77 RUE GAL BUAT,44000.0,butas,21.0,1.0,0,101000.0,4810.0,1030.0,47.228364,-1.54097,44109000CD0377
2024-12-19,77 RUE GAL BUAT,44000.0,butas,23.0,1.0,0,107000.0,4652.0,1030.0,47.228364,-1.54097,44109000CD0377
2023-06-15,77 RUE GAL BUAT,44000.0,butas,14.0,1.0,0,69000.0,4929.0,1030.0,47.228364,-1.54097,44109000CD0377
2023-04-03,77 RUE GAL BUAT,44000.0,butas,20.0,1.0,0,78000.0,3900.0,1030.0,47.228364,-1.54097,44109000CD0377
2025-12-18,77 RUE GAL BUAT,44000.0,butas,22.0,1.0,0,85000.0,3864.0,1030.0,47.228364,-1.54097,44109000CD0377
2023-07-20,16 RUE GENTIANE,44300.0,namas,178.0,7.0,0,713000.0,4006.0,1030.0,47.224705,-1.514791,44109000BT0259
2022-02-01,62 RUE JOSEPH DOURY,44300.0,namas,125.0,5.0,0,580000.0,4640.0,1031.0,47.230825,-1.518113,44109000BV0095
2024-05-28,135 RUE D ALLONVILLE,44000.0,butas,28.0,1.0,0,116000.0,4143.0,1032.0,47.219655,-1.539811,44109000ES0161
2023-02-10,135 RUE D ALLONVILLE,44000.0,butas,26.0,1.0,1,118000.0,4538.0,1032.0,47.219655,-1.539811,44109000ES0161
2021-10-05,75 RUE JOSEPH DOURY,44300.0,namas,110.0,4.0,1,385000.0,3500.0,1033.0,47.231367,-1.518822,44109000BV0079
2024-10-10,133 RUE DE COULMIERS,44000.0,namas,198.0,8.0,1,950000.0,4798.0,1033.0,47.226343,-1.541886,44109000ET0138
2024-07-22,10 AV HAUTE DE LA MARRIERE,44300.0,namas,136.0,5.0,0,472000.0,3471.0,1035.0,47.233871,-1.525708,44109000BC0419
2025-07-09,3 RUE FRANCOIS EVELLIN,44000.0,butas,60.0,3.0,1,250540.0,4176.0,1036.0,47.218932,-1.539111,44109000ES0418
2024-03-15,108 RUE DE COULMIERS,44000.0,namas,103.0,5.0,0,733800.0,7124.0,1036.0,47.226893,-1.541764,44109000CD0010
2023-10-05,3 CHE VERT,44300.0,namas,126.0,5.0,1,573000.0,4548.0,1036.0,47.230725,-1.517907,44109000BV0094
2024-10-10,3 RUE FRANCOIS EVELLIN,44000.0,butas,33.0,2.0,1,146000.0,4424.0,1036.0,47.218932,-1.539111,44109000ES0418
2025-10-17,3 RUE FRANCOIS EVELLIN,44000.0,butas,58.0,2.0,1,220000.0,3793.0,1036.0,47.218932,-1.539111,44109000ES0418
2022-08-02,37 RUE GAL BUAT,44000.0,butas,50.0,3.0,1,187000.0,3740.0,1037.0,47.23163,-1.537685,44109000BX0600
2021-06-16,77 RUE JOSEPH DOURY,44300.0,namas,59.0,2.0,0,70000.0,1186.0,1037.0,47.231419,-1.518837,44109000BV0078
2022-07-12,37 RUE GAL BUAT,44000.0,butas,24.0,1.0,1,105000.0,4375.0,1037.0,47.23163,-1.537685,44109000BX0600
2025-11-03,5 AV DES TROPIQUES,44300.0,namas,101.0,5.0,0,355000.0,3515.0,1038.0,47.223752,-1.514765,44109000BT0330
2022-05-31,64 RUE DE L OUCHETTE,44000.0,butas,80.0,4.0,0,279000.0,3488.0,1041.0,47.232378,-1.536399,44109000BX0027
2021-06-30,33 BD AUGUSTE PENEAU,44300.0,namas,110.0,4.0,0,520000.0,4727.0,1041.0,47.227838,-1.515427,44109000BT0111
2024-09-20,15 RUE DE LA MARRIERE,44300.0,butas,78.0,4.0,2,314300.0,4029.0,1042.0,47.233766,-1.532149,44109000AZ0871
2025-03-27,15 RUE DE LA MARRIERE,44300.0,butas,68.0,3.0,2,250000.0,3676.0,1042.0,47.233766,-1.532149,44109000AZ0871
2021-04-15,15 RUE DE LA MARRIERE,44300.0,butas,40.0,2.0,1,175000.0,4375.0,1042.0,47.233766,-1.532149,44109000AZ0871
2024-09-06,15 RUE DE LA MARRIERE,44300.0,butas,41.0,2.0,1,138000.0,3366.0,1042.0,47.233766,-1.532149,44109000AZ0871
2022-12-07,15 RUE DE LA MARRIERE,44300.0,butas,75.0,4.0,2,320000.0,4267.0,1042.0,47.233766,-1.532149,44109000AZ0871
2022-10-13,13 RUE FRANCOIS EVELLIN,44000.0,butas,38.0,1.0,2,146000.0,3842.0,1043.0,47.219226,-1.53956,44109000ES0167
2025-03-18,13 RUE FRANCOIS EVELLIN,44000.0,butas,64.0,3.0,2,170000.0,2656.0,1043.0,47.219226,-1.53956,44109000ES0167
2023-02-28,9 RUE FRANCOIS EVELLIN,44000.0,butas,62.0,3.0,2,225000.0,3629.0,1043.0,47.219226,-1.53956,44109000ES0167
2023-08-04,11 RUE FRANCOIS EVELLIN,44000.0,butas,67.0,3.0,2,260000.0,3881.0,1043.0,47.219226,-1.53956,44109000ES0167
2023-08-04,9 RUE FRANCOIS EVELLIN,44000.0,butas,61.0,3.0,2,223000.0,3656.0,1043.0,47.219226,-1.53956,44109000ES0167
2023-04-19,9 RUE FRANCOIS EVELLIN,44000.0,butas,44.0,2.0,2,196750.0,4472.0,1043.0,47.219226,-1.53956,44109000ES0167
2023-04-11,9 RUE FRANCOIS EVELLIN,44000.0,butas,33.0,1.0,1,170000.0,5152.0,1043.0,47.219226,-1.53956,44109000ES0167
2024-10-01,9 RUE FRANCOIS EVELLIN,44000.0,butas,24.0,1.0,1,97000.0,4042.0,1043.0,47.219226,-1.53956,44109000ES0167
2024-10-30,11 RUE FRANCOIS EVELLIN,44000.0,butas,69.0,3.0,2,255250.0,3699.0,1043.0,47.219226,-1.53956,44109000ES0167
2024-03-28,9 RUE FRANCOIS EVELLIN,44000.0,butas,24.0,1.0,2,90000.0,3750.0,1043.0,47.219226,-1.53956,44109000ES0167
2025-11-20,9 RUE FRANCOIS EVELLIN,44000.0,butas,44.0,2.0,2,155000.0,3523.0,1043.0,47.219226,-1.53956,44109000ES0167
2024-04-15,13 RUE FRANCOIS EVELLIN,44000.0,butas,64.0,3.0,2,190000.0,2969.0,1043.0,47.219226,-1.53956,44109000ES0167
2023-04-27,11 RUE FRANCOIS EVELLIN,44000.0,butas,77.0,4.0,2,229350.0,2979.0,1043.0,47.219226,-1.53956,44109000ES0167
2023-10-03,13 RUE FRANCOIS EVELLIN,44000.0,butas,38.0,1.0,1,120000.0,3158.0,1043.0,47.219226,-1.53956,44109000ES0167
2024-02-23,11 RUE FRANCOIS EVELLIN,44000.0,butas,69.0,3.0,2,205000.0,2971.0,1043.0,47.219226,-1.53956,44109000ES0167
2025-09-22,11 RUE FRANCOIS EVELLIN,44000.0,butas,44.0,2.0,2,140000.0,3182.0,1043.0,47.219226,-1.53956,44109000ES0167
2024-01-24,9 RUE FRANCOIS EVELLIN,44000.0,butas,77.0,4.0,1,296000.0,3844.0,1043.0,47.219226,-1.53956,44109000ES0167
2025-10-29,9 RUE FRANCOIS EVELLIN,44000.0,butas,67.0,3.0,1,226250.0,3377.0,1043.0,47.219226,-1.53956,44109000ES0167
2023-10-11,64 RUE JOSEPH DOURY,44300.0,namas,94.0,4.0,0,275220.0,2928.0,1044.0,47.231002,-1.518124,44109000BV0101
2025-08-26,8 RUE DES CLEMATITES,44300.0,namas,111.0,5.0,0,420000.0,3784.0,1047.0,47.233773,-1.52449,44109000BC0472
2025-02-18,17 RUE DE LA MARRIERE,44300.0,butas,68.0,3.0,2,184000.0,2706.0,1050.0,47.233897,-1.531847,44109000AZ0850
2021-07-23,23 RUE GAL BUAT,44000.0,butas,20.0,1.0,0,91000.0,4550.0,1050.0,47.232185,-1.536986,44109000BX0466
2022-05-02,23 RUE GAL BUAT,44000.0,butas,45.0,2.0,1,200000.0,4444.0,1050.0,47.232185,-1.536986,44109000BX0466
2025-01-03,17 RUE DE LA MARRIERE,44300.0,butas,40.0,1.0,1,137500.0,3438.0,1050.0,47.233897,-1.531847,44109000AZ0850
2024-01-12,17 RUE DE LA MARRIERE,44300.0,butas,45.0,2.0,1,165000.0,3667.0,1050.0,47.233897,-1.531847,44109000AZ0850
2022-12-15,17 RUE DE LA MARRIERE,44300.0,butas,24.0,1.0,0,105000.0,4375.0,1050.0,47.233897,-1.531847,44109000AZ0850
2024-10-16,17 RUE DE LA MARRIERE,44300.0,butas,24.0,1.0,0,93000.0,3875.0,1050.0,47.233897,-1.531847,44109000AZ0850
2021-02-16,17 RUE DE L ENCHANTERIE,44300.0,namas,89.0,5.0,0,405000.0,4551.0,1051.0,47.22535,-1.514545,44109000BT0131
2022-05-13,9 AV GUILLON,44000.0,namas,75.0,3.0,1,708000.0,9440.0,1052.0,47.220105,-1.540535,44109000ES0146
2024-11-18,11 AV GUILLON,44000.0,namas,88.0,4.0,1,495000.0,5625.0,1053.0,47.220152,-1.540589,44109000ES0145
2023-03-03,101 RUE CAMILLE DESMOULINS,44300.0,butas,48.0,2.0,2,147000.0,3062.0,1055.0,47.233407,-1.522723,44109000BC0322
2022-10-11,105 RUE CAMILLE DESMOULINS,44300.0,butas,62.0,3.0,2,175000.0,2823.0,1055.0,47.233407,-1.522723,44109000BC0322
2025-06-06,101 RUE CAMILLE DESMOULINS,44300.0,butas,48.0,2.0,2,110000.0,2292.0,1055.0,47.233407,-1.522723,44109000BC0322
2021-10-18,103 RUE CAMILLE DESMOULINS,44300.0,butas,47.0,2.0,2,152000.0,3234.0,1055.0,47.233407,-1.522723,44109000BC0322
2024-11-29,101 RUE CAMILLE DESMOULINS,44300.0,butas,48.0,2.0,2,137000.0,2854.0,1055.0,47.233407,-1.522723,44109000BC0322
2023-09-15,64 RUE DU BRULIS,44300.0,namas,42.0,1.0,1,210000.0,5000.0,1055.0,47.226774,-1.514792,44109000BT0144
2021-04-13,103 RUE CAMILLE DESMOULINS,44300.0,butas,47.0,2.0,1,140000.0,2979.0,1055.0,47.233407,-1.522723,44109000BC0322
2021-03-26,103 RUE CAMILLE DESMOULINS,44300.0,butas,47.0,2.0,1,115000.0,2447.0,1055.0,47.233407,-1.522723,44109000BC0322
2024-10-07,103 RUE CAMILLE DESMOULINS,44300.0,butas,42.0,2.0,2,147000.0,3500.0,1055.0,47.233407,-1.522723,44109000BC0322
2024-11-20,103 RUE CAMILLE DESMOULINS,44300.0,butas,42.0,2.0,2,135000.0,3214.0,1055.0,47.233407,-1.522723,44109000BC0322
2022-08-09,101 RUE CAMILLE DESMOULINS,44300.0,butas,65.0,3.0,2,190000.0,2923.0,1055.0,47.233407,-1.522723,44109000BC0322
2023-03-24,103 RUE CAMILLE DESMOULINS,44300.0,butas,91.0,5.0,2,220000.0,2418.0,1055.0,47.233407,-1.522723,44109000BC0322
2023-10-31,107 RUE CAMILLE DESMOULINS,44300.0,butas,62.0,3.0,2,185000.0,2984.0,1055.0,47.233407,-1.522723,44109000BC0322
2022-03-14,101 RUE CAMILLE DESMOULINS,44300.0,butas,74.0,4.0,2,208000.0,2811.0,1055.0,47.233407,-1.522723,44109000BC0322
2024-05-02,101 RUE CAMILLE DESMOULINS,44300.0,butas,65.0,3.0,2,160000.0,2462.0,1055.0,47.233407,-1.522723,44109000BC0322
2025-10-02,105 RUE CAMILLE DESMOULINS,44300.0,butas,58.0,3.0,2,136000.0,2345.0,1055.0,47.233407,-1.522723,44109000BC0322
2024-04-22,101 RUE CAMILLE DESMOULINS,44300.0,butas,38.0,1.0,2,85000.0,2237.0,1055.0,47.233407,-1.522723,44109000BC0322
2023-02-07,103 RUE CAMILLE DESMOULINS,44300.0,butas,42.0,2.0,2,112000.0,2667.0,1055.0,47.233407,-1.522723,44109000BC0322
2022-03-15,101 RUE CAMILLE DESMOULINS,44300.0,butas,74.0,4.0,2,215000.0,2905.0,1055.0,47.233407,-1.522723,44109000BC0322
2022-03-23,107 RUE CAMILLE DESMOULINS,44300.0,butas,58.0,3.0,2,175000.0,3017.0,1055.0,47.233407,-1.522723,44109000BC0322
2025-10-22,103 RUE CAMILLE DESMOULINS,44300.0,butas,75.0,4.0,2,124500.0,1660.0,1055.0,47.233407,-1.522723,44109000BC0322
2022-11-29,101 RUE CAMILLE DESMOULINS,44300.0,butas,65.0,3.0,2,160000.0,2462.0,1055.0,47.233407,-1.522723,44109000BC0322
2022-04-19,107 RUE CAMILLE DESMOULINS,44300.0,butas,62.0,3.0,2,195000.0,3145.0,1055.0,47.233407,-1.522723,44109000BC0322
2024-04-16,103 RUE CAMILLE DESMOULINS,44300.0,butas,61.0,3.0,2,170000.0,2787.0,1055.0,47.233407,-1.522723,44109000BC0322
2021-12-01,149 BD DES POILUS,44300.0,namas,72.0,3.0,1,135000.0,1875.0,1056.0,47.233218,-1.534749,44109000BX0061
2022-03-09,67 RUE DE L OUCHETTE,44000.0,butas,54.0,3.0,0,160000.0,2963.0,1057.0,47.232272,-1.536967,44109000BX0465
2025-03-31,67 RUE DE L OUCHETTE,44000.0,butas,75.0,3.0,1,215000.0,2867.0,1057.0,47.232272,-1.536967,44109000BX0465
2021-09-14,67 RUE DE L OUCHETTE,44000.0,butas,75.0,3.0,1,215000.0,2867.0,1057.0,47.232272,-1.536967,44109000BX0465
2023-06-27,67 RUE DE L OUCHETTE,44000.0,butas,68.0,3.0,2,220000.0,3235.0,1057.0,47.232272,-1.536967,44109000BX0465
2024-07-19,3 AV DES PETALES,44300.0,namas,77.0,4.0,0,270000.0,3506.0,1057.0,47.234221,-1.529534,44109000BC0633
2025-12-30,11 RUE GENTIANE,44300.0,namas,86.0,4.0,0,421000.0,4895.0,1058.0,47.225044,-1.514436,44109000BT0256
2023-05-22,20 RUE FREDERIC CAILLIAUD,44000.0,butas,48.0,3.0,1,200000.0,4167.0,1059.0,47.220471,-1.54093,44109000ES0137
2022-03-02,22 RUE FREDERIC CAILLIAUD,44000.0,butas,24.0,1.0,0,132500.0,5521.0,1059.0,47.220471,-1.54093,44109000ES0137
2024-03-22,20 RUE FREDERIC CAILLIAUD,44000.0,butas,53.0,2.0,0,225000.0,4245.0,1059.0,47.220471,-1.54093,44109000ES0137
2022-01-17,28 RUE FREDERIC CAILLIAUD,44000.0,butas,46.0,2.0,1,203500.0,4424.0,1059.0,47.220471,-1.54093,44109000ES0137
2025-02-21,28 RUE FREDERIC CAILLIAUD,44000.0,butas,53.0,3.0,1,244000.0,4604.0,1059.0,47.220471,-1.54093,44109000ES0137
2022-03-24,20 RUE FREDERIC CAILLIAUD,44000.0,butas,59.0,3.0,1,293000.0,4966.0,1059.0,47.220471,-1.54093,44109000ES0137
2024-12-19,30 RUE FREDERIC CAILLIAUD,44000.0,butas,46.0,2.0,0,269000.0,5848.0,1059.0,47.220471,-1.54093,44109000ES0137
2022-06-24,30 RUE FREDERIC CAILLIAUD,44000.0,butas,28.0,2.0,0,136000.0,4857.0,1059.0,47.220471,-1.54093,44109000ES0137
2025-08-27,30 RUE FREDERIC CAILLIAUD,44000.0,butas,48.0,2.0,1,225000.0,4688.0,1059.0,47.220471,-1.54093,44109000ES0137
2022-08-24,28 RUE FREDERIC CAILLIAUD,44000.0,butas,46.0,2.0,0,175000.0,3804.0,1059.0,47.220471,-1.54093,44109000ES0137
2021-08-24,20 RUE FREDERIC CAILLIAUD,44000.0,butas,57.0,2.0,0,210000.0,3684.0,1059.0,47.220471,-1.54093,44109000ES0137
2023-07-21,30 RUE FREDERIC CAILLIAUD,44000.0,butas,68.0,3.0,1,345000.0,5074.0,1059.0,47.220471,-1.54093,44109000ES0137
2021-01-08,30 RUE FREDERIC CAILLIAUD,44000.0,butas,59.0,3.0,0,303000.0,5136.0,1059.0,47.220471,-1.54093,44109000ES0137
2021-07-01,28 RUE FREDERIC CAILLIAUD,44000.0,butas,46.0,2.0,0,185000.0,4022.0,1059.0,47.220471,-1.54093,44109000ES0137
2023-12-29,18 RUE FREDERIC CAILLIAUD,44000.0,butas,45.0,2.0,0,155000.0,3444.0,1059.0,47.220471,-1.54093,44109000ES0137
2025-06-23,89 RUE GAL BUAT,44000.0,butas,122.0,5.0,0,500000.0,4098.0,1059.0,47.227746,-1.541719,44109000CD0056
2022-02-04,100 RUE GAL BUAT,44000.0,namas,65.0,3.0,0,200000.0,3077.0,1061.0,47.229371,-1.540696,44109000BY0556
2021-03-31,18 RUE DES CLEMATITES,44300.0,namas,134.0,6.0,0,580000.0,4328.0,1061.0,47.233984,-1.524896,44109000BC0482
2025-10-08,14 BD AUGUSTE PENEAU,44300.0,namas,71.0,3.0,1,230000.0,3239.0,1062.0,47.227453,-1.514946,44109000BT0116
2023-03-22,21 RUE OLIVIER D ORMESSON,44300.0,namas,164.0,8.0,0,520000.0,3171.0,1063.0,47.234301,-1.528829,44109000BC0394
2021-06-03,102 RUE GAL BUAT,44000.0,namas,169.0,9.0,1,844200.0,4995.0,1063.0,47.229343,-1.540755,44109000BY0377
2023-09-18,2 RUE OLIVIER D ORMESSON,44300.0,namas,92.0,5.0,1,547640.0,5953.0,1063.0,47.234301,-1.528829,44109000BC0394
2021-10-28,7 RUE OLIVIER D ORMESSON,44300.0,namas,151.0,6.0,0,625000.0,4139.0,1063.0,47.234301,-1.528829,44109000BC0394
2022-01-19,16 RUE OLIVIER D ORMESSON,44300.0,namas,153.0,7.0,0,772000.0,5046.0,1063.0,47.234301,-1.528829,44109000BC0394
2023-10-11,27 RUE GAL BUAT,44000.0,namas,60.0,3.0,0,208000.0,3467.0,1064.0,47.232114,-1.537397,44109000BX0468
2021-06-29,17 RUE GAL BUAT,44000.0,namas,88.0,3.0,0,215000.0,2443.0,1067.0,47.232563,-1.536622,44109000BX0024
2022-08-01,17 RUE GAL BUAT,44000.0,namas,124.0,5.0,0,665000.0,5363.0,1067.0,47.232563,-1.536622,44109000BX0024
2025-09-15,3 MAIL PABLO PICASSO,44000.0,butas,58.0,3.0,1,232000.0,4000.0,1069.0,47.215875,-1.53379,44109000WZ0033
2025-01-15,3 MAIL PABLO PICASSO,44000.0,butas,43.0,2.0,0,161500.0,3756.0,1069.0,47.215875,-1.53379,44109000WZ0033
2024-04-16,3 MAIL PABLO PICASSO,44000.0,butas,53.0,2.0,0,192000.0,3623.0,1069.0,47.215875,-1.53379,44109000WZ0033
2025-10-02,3 MAIL PABLO PICASSO,44000.0,butas,78.0,4.0,1,257000.0,3295.0,1069.0,47.215875,-1.53379,44109000WZ0033
2024-09-25,3 MAIL PABLO PICASSO,44000.0,butas,41.0,2.0,1,175000.0,4268.0,1069.0,47.215875,-1.53379,44109000WZ0033
2023-06-30,110 RUE GAL BUAT,44000.0,butas,83.0,4.0,1,345000.0,4157.0,1069.0,47.229005,-1.5411,44109000BZ0165
2024-11-12,10 AV DE L ENCLUME,44300.0,namas,85.0,4.0,0,310000.0,3647.0,1069.0,47.2241,-1.514316,44109000BT0301
2025-01-13,17 BD STALINGRAD,44000.0,butas,45.0,2.0,1,115000.0,2556.0,1069.0,47.218703,-1.539397,44109000ES0417
2023-10-17,3 MAIL PABLO PICASSO,44000.0,butas,59.0,3.0,1,247100.0,4188.0,1069.0,47.215875,-1.53379,44109000WZ0033
2025-02-28,3 MAIL PABLO PICASSO,44000.0,butas,70.0,4.0,1,280000.0,4000.0,1069.0,47.215875,-1.53379,44109000WZ0033
2022-02-25,3 MAIL PABLO PICASSO,44000.0,butas,100.0,4.0,3,320000.0,3200.0,1069.0,47.215875,-1.53379,44109000WZ0033
2024-05-24,3 MAIL PABLO PICASSO,44000.0,butas,65.0,3.0,1,231000.0,3554.0,1069.0,47.215875,-1.53379,44109000WZ0033
2024-04-30,3 MAIL PABLO PICASSO,44000.0,butas,75.0,3.0,0,155000.0,2067.0,1069.0,47.215875,-1.53379,44109000WZ0033
2025-08-26,3 MAIL PABLO PICASSO,44000.0,butas,59.0,3.0,1,210000.0,3559.0,1069.0,47.215875,-1.53379,44109000WZ0033
2025-04-30,3 MAIL PABLO PICASSO,44000.0,butas,58.0,3.0,1,227000.0,3914.0,1069.0,47.215875,-1.53379,44109000WZ0033
2024-01-26,3 MAIL PABLO PICASSO,44000.0,butas,81.0,4.0,2,355000.0,4383.0,1069.0,47.215875,-1.53379,44109000WZ0033
2025-12-16,3 MAIL PABLO PICASSO,44000.0,butas,65.0,3.0,1,260000.0,4000.0,1069.0,47.215875,-1.53379,44109000WZ0033
2025-10-17,3 MAIL PABLO PICASSO,44000.0,butas,65.0,3.0,1,221000.0,3400.0,1069.0,47.215875,-1.53379,44109000WZ0033
2021-12-16,7 RUE DU LANDREAU,44300.0,butas,71.0,3.0,1,282000.0,3972.0,1069.0,47.232897,-1.520917,44109000BE0237
2021-02-18,3 MAIL PABLO PICASSO,44000.0,butas,65.0,3.0,0,240000.0,3692.0,1069.0,47.215875,-1.53379,44109000WZ0033
2025-02-27,3 MAIL PABLO PICASSO,44000.0,butas,75.0,3.0,0,211000.0,2813.0,1069.0,47.215875,-1.53379,44109000WZ0033
2025-09-22,3 MAIL PABLO PICASSO,44000.0,butas,65.0,3.0,0,181100.0,2786.0,1069.0,47.215875,-1.53379,44109000WZ0033
2025-09-30,3 MAIL PABLO PICASSO,44000.0,butas,65.0,3.0,2,234000.0,3600.0,1069.0,47.215875,-1.53379,44109000WZ0033
2023-08-30,110 RUE GAL BUAT,44000.0,butas,83.0,4.0,1,420000.0,5060.0,1069.0,47.229005,-1.5411,44109000BZ0165
2022-05-11,3 MAIL PABLO PICASSO,44000.0,butas,59.0,3.0,1,210000.0,3559.0,1069.0,47.215875,-1.53379,44109000WZ0033
2022-06-20,3 MAIL PABLO PICASSO,44000.0,butas,64.0,3.0,1,320000.0,5000.0,1069.0,47.215875,-1.53379,44109000WZ0033
2023-10-10,7 RUE DU LANDREAU,44300.0,butas,46.0,2.0,1,140000.0,3043.0,1069.0,47.232897,-1.520917,44109000BE0237
2021-06-25,3 MAIL PABLO PICASSO,44000.0,butas,58.0,3.0,1,247400.0,4266.0,1069.0,47.215875,-1.53379,44109000WZ0033
2025-05-12,149 BD DES POILUS,44300.0,butas,106.0,5.0,0,405000.0,3821.0,1071.0,47.233395,-1.534667,44109000BX0059
2021-08-23,20 BD DE BERLIN,44000.0,butas,45.0,2.0,0,109809.0,2440.0,1073.0,47.216991,-1.536821,44109000WZ0138
2021-12-28,20 BD DE BERLIN,44000.0,butas,31.0,1.0,0,70632.54,2278.0,1073.0,47.216991,-1.536821,44109000WZ0138
2021-12-23,20 BD DE BERLIN,44000.0,butas,68.0,3.0,0,161235.36,2371.0,1073.0,47.216991,-1.536821,44109000WZ0138
2021-06-07,20 BD DE BERLIN,44000.0,butas,45.0,2.0,0,106671.6,2370.0,1073.0,47.216991,-1.536821,44109000WZ0138
2021-06-04,20 BD DE BERLIN,44000.0,butas,90.0,4.0,3,491000.0,5456.0,1073.0,47.216991,-1.536821,44109000WZ0138
2021-02-18,73 RUE DU BRULIS,44300.0,namas,75.0,3.0,0,280000.0,3733.0,1073.0,47.227452,-1.514795,44109000BT0362
2021-08-11,20 BD DE BERLIN,44000.0,butas,63.0,3.0,0,149808.0,2378.0,1073.0,47.216991,-1.536821,44109000WZ0138
2021-04-23,20 BD DE BERLIN,44000.0,butas,42.0,2.0,1,255740.0,6089.0,1073.0,47.216991,-1.536821,44109000WZ0138
2021-07-01,20 BD DE BERLIN,44000.0,butas,45.0,2.0,0,108464.4,2410.0,1073.0,47.216991,-1.536821,44109000WZ0138
2021-06-30,20 BD DE BERLIN,44000.0,butas,62.0,3.0,0,153076.0,2469.0,1073.0,47.216991,-1.536821,44109000WZ0138
2021-10-18,20 BD DE BERLIN,44000.0,butas,31.0,1.0,0,72864.0,2350.0,1073.0,47.216991,-1.536821,44109000WZ0138
2021-07-26,20 BD DE BERLIN,44000.0,butas,95.0,4.0,3,493500.0,5195.0,1073.0,47.216991,-1.536821,44109000WZ0138
2022-01-04,20 BD DE BERLIN,44000.0,butas,45.0,2.0,0,109252.05,2428.0,1073.0,47.216991,-1.536821,44109000WZ0138
2021-07-26,20 BD DE BERLIN,44000.0,butas,68.0,3.0,0,159471.0,2345.0,1073.0,47.216991,-1.536821,44109000WZ0138
2021-07-22,20 BD DE BERLIN,44000.0,butas,68.0,3.0,0,156078.0,2295.0,1073.0,47.216991,-1.536821,44109000WZ0138
2021-10-01,20 BD DE BERLIN,44000.0,butas,65.0,3.0,0,160009.5,2462.0,1073.0,47.216991,-1.536821,44109000WZ0138
2021-05-25,20 BD DE BERLIN,44000.0,butas,95.0,4.0,3,500500.0,5268.0,1073.0,47.216991,-1.536821,44109000WZ0138
2021-08-31,20 BD DE BERLIN,44000.0,butas,68.0,3.0,0,163979.2,2411.0,1073.0,47.216991,-1.536821,44109000WZ0138
2021-07-23,20 BD DE BERLIN,44000.0,butas,68.0,3.0,0,156661.6,2304.0,1073.0,47.216991,-1.536821,44109000WZ0138
2021-12-01,20 BD DE BERLIN,44000.0,butas,45.0,2.0,0,110582.21,2457.0,1073.0,47.216991,-1.536821,44109000WZ0138
2021-08-26,20 BD DE BERLIN,44000.0,butas,118.0,4.0,2,720000.0,6102.0,1073.0,47.216991,-1.536821,44109000WZ0138
2021-06-14,20 BD DE BERLIN,44000.0,butas,42.0,2.0,0,103123.9,2455.0,1073.0,47.216991,-1.536821,44109000WZ0138
2021-06-11,20 BD DE BERLIN,44000.0,butas,45.0,2.0,0,107568.0,2390.0,1073.0,47.216991,-1.536821,44109000WZ0138
2021-06-01,20 BD DE BERLIN,44000.0,butas,65.0,3.0,0,154710.6,2380.0,1073.0,47.216991,-1.536821,44109000WZ0138
2021-08-11,20 BD DE BERLIN,44000.0,butas,42.0,2.0,0,101448.0,2415.0,1073.0,47.216991,-1.536821,44109000WZ0138
2024-08-27,118 RUE DE COULMIERS,44000.0,butas,75.0,3.0,2,256000.0,3413.0,1075.0,47.22712,-1.542203,44109000CD0352
2021-02-15,116 RUE DE COULMIERS,44000.0,butas,40.0,3.0,1,172000.0,4300.0,1075.0,47.22712,-1.542203,44109000CD0352
2021-12-30,118 RUE DE COULMIERS,44000.0,butas,29.0,1.0,2,130000.0,4483.0,1075.0,47.22712,-1.542203,44109000CD0352
2021-03-19,1 AV DES PETALES,44300.0,namas,123.0,5.0,0,570000.0,4634.0,1076.0,47.234397,-1.529473,44109000BC0632
2025-07-22,118 RUE GAL BUAT,44000.0,butas,28.0,1.0,0,88709.0,3168.0,1076.0,47.228596,-1.541476,44109000BZ0661
2022-07-27,120 RUE GAL BUAT,44000.0,butas,42.0,2.0,0,128738.15,3065.0,1076.0,47.228356,-1.541636,44109000BZ0180
2022-04-28,118 RUE GAL BUAT,44000.0,butas,26.0,2.0,1,167500.0,6442.0,1076.0,47.228596,-1.541476,44109000BZ0661
2024-12-26,118 RUE GAL BUAT,44000.0,butas,23.0,1.0,0,106175.0,4616.0,1076.0,47.228596,-1.541476,44109000BZ0661
2023-09-21,118 RUE GAL BUAT,44000.0,butas,24.0,1.0,1,86000.0,3583.0,1076.0,47.228596,-1.541476,44109000BZ0661
2021-06-04,7 RUE DE L ENCHANTERIE,44300.0,namas,220.0,6.0,1,800000.0,3636.0,1077.0,47.225936,-1.51428,44109000BT0136
2023-02-08,38 RUE GASTON TURPIN,44000.0,butas,25.0,1.0,1,108500.0,4340.0,1077.0,47.224438,-1.542656,44109000ET0064
2025-11-13,70 RUE DU BRULIS,44300.0,butas,58.0,3.0,0,199000.0,3431.0,1078.0,47.227043,-1.514565,44109000BT0147
2021-01-11,70 RUE DU BRULIS,44300.0,butas,26.0,1.0,0,121000.0,4654.0,1078.0,47.227043,-1.514565,44109000BT0147
2021-04-30,114 RUE GAL BUAT,44000.0,butas,76.0,3.0,0,320000.0,4211.0,1079.0,47.228832,-1.541372,44109000BZ0167
2023-10-04,114 RUE GAL BUAT,44000.0,butas,111.0,4.0,1,523000.0,4712.0,1079.0,47.228832,-1.541372,44109000BZ0167
2022-07-25,114 RUE GAL BUAT,44000.0,butas,76.0,3.0,0,360000.0,4737.0,1079.0,47.228832,-1.541372,44109000BZ0167
2023-06-09,143 RUE DE COULMIERS,44000.0,namas,128.0,6.0,0,625000.0,4883.0,1081.0,47.226815,-1.5424,44109000ET0133
2022-11-09,16 AV HAUTE DE LA MARRIERE,44300.0,namas,96.0,4.0,0,475000.0,4948.0,1085.0,47.234325,-1.525672,44109000BC0422
2022-05-13,32 RUE DU LANDREAU,44300.0,namas,120.0,5.0,1,550000.0,4583.0,1086.0,47.231764,-1.518428,44109000BV0574
2022-09-21,32 RUE DU LANDREAU,44300.0,namas,120.0,5.0,1,472340.0,3936.0,1086.0,47.231764,-1.518428,44109000BV0574
2023-01-03,7 RUE DE CHYPRE,44000.0,butas,60.0,3.0,1,191000.0,3183.0,1087.0,47.215456,-1.524035,44109000CL0140
2023-05-03,4 MAIL DE RUFISQUE,44000.0,butas,69.0,3.0,1,220000.0,3188.0,1087.0,47.215456,-1.524035,44109000CL0140
2022-04-25,4 MAIL DE RUFISQUE,44000.0,butas,49.0,2.0,1,169000.0,3449.0,1087.0,47.215456,-1.524035,44109000CL0140
2025-09-05,2 MAIL DE RUFISQUE,44000.0,butas,68.0,3.0,1,167000.0,2456.0,1087.0,47.215456,-1.524035,44109000CL0140
2022-09-07,4 MAIL DE RUFISQUE,44000.0,butas,60.0,3.0,1,178000.0,2967.0,1087.0,47.215456,-1.524035,44109000CL0140
2025-08-29,7 RUE DE CHYPRE,44000.0,butas,68.0,3.0,1,220000.0,3235.0,1087.0,47.215456,-1.524035,44109000CL0140
2021-10-22,4 MAIL DE RUFISQUE,44000.0,butas,87.0,4.0,1,328000.0,3770.0,1087.0,47.215456,-1.524035,44109000CL0140
2021-06-29,4 MAIL DE RUFISQUE,44000.0,butas,49.0,2.0,1,177500.0,3622.0,1087.0,47.215456,-1.524035,44109000CL0140
2021-10-28,2 MAIL DE RUFISQUE,44000.0,butas,45.0,2.0,1,155000.0,3444.0,1087.0,47.215456,-1.524035,44109000CL0140
2023-01-20,2 MAIL DE RUFISQUE,44000.0,butas,49.0,2.0,1,159900.0,3263.0,1087.0,47.215456,-1.524035,44109000CL0140
2022-05-05,7 RUE DE CHYPRE,44000.0,butas,68.0,3.0,1,254000.0,3735.0,1087.0,47.215456,-1.524035,44109000CL0140
2021-08-12,4 MAIL DE RUFISQUE,44000.0,butas,103.0,5.0,1,389700.0,3783.0,1087.0,47.215456,-1.524035,44109000CL0140
2022-06-24,7 RUE DE CHYPRE,44000.0,butas,45.0,2.0,1,169000.0,3756.0,1087.0,47.215456,-1.524035,44109000CL0140
2023-06-01,7 RUE DE CHYPRE,44000.0,butas,60.0,3.0,1,215000.0,3583.0,1087.0,47.215456,-1.524035,44109000CL0140
2023-11-17,12 BD DE SARREBRUCK,44000.0,butas,45.0,2.0,1,155000.0,3444.0,1087.0,47.215456,-1.524035,44109000CL0140
2021-04-28,4 MAIL DE RUFISQUE,44000.0,butas,45.0,2.0,1,185000.0,4111.0,1087.0,47.215456,-1.524035,44109000CL0140
2022-01-21,7 RUE DE CHYPRE,44000.0,butas,68.0,3.0,1,193000.0,2838.0,1087.0,47.215456,-1.524035,44109000CL0140
2022-06-14,4 MAIL DE RUFISQUE,44000.0,butas,60.0,3.0,1,238000.0,3967.0,1087.0,47.215456,-1.524035,44109000CL0140
2022-09-12,2 MAIL DE RUFISQUE,44000.0,butas,45.0,2.0,1,165000.0,3667.0,1087.0,47.215456,-1.524035,44109000CL0140
2024-05-22,2 MAIL DE RUFISQUE,44000.0,butas,68.0,3.0,1,189573.0,2788.0,1087.0,47.215456,-1.524035,44109000CL0140
2022-09-15,7 RUE DE CHYPRE,44000.0,butas,45.0,2.0,1,170000.0,3778.0,1087.0,47.215456,-1.524035,44109000CL0140
2023-01-13,7 RUE DE CHYPRE,44000.0,butas,45.0,2.0,1,150300.0,3340.0,1087.0,47.215456,-1.524035,44109000CL0140
2021-12-17,2 MAIL DE RUFISQUE,44000.0,butas,45.0,2.0,1,150160.0,3337.0,1087.0,47.215456,-1.524035,44109000CL0140
2025-11-14,2 MAIL DE RUFISQUE,44000.0,butas,60.0,3.0,1,170000.0,2833.0,1087.0,47.215456,-1.524035,44109000CL0140
2022-12-02,7 RUE DE CHYPRE,44000.0,butas,68.0,3.0,1,222000.0,3265.0,1087.0,47.215456,-1.524035,44109000CL0140
2025-07-11,74 RUE GAL BUAT,44000.0,butas,87.0,4.0,1,241400.0,2775.0,1091.0,47.231009,-1.539528,44109000BY0367
2022-08-29,74 RUE GAL BUAT,44000.0,butas,53.0,3.0,2,160000.0,3019.0,1091.0,47.231009,-1.539528,44109000BY0367
2021-08-31,74 RUE GAL BUAT,44000.0,butas,49.0,2.0,1,181052.0,3695.0,1091.0,47.231009,-1.539528,44109000BY0367
2023-02-10,74 RUE GAL BUAT,44000.0,butas,53.0,3.0,2,226000.0,4264.0,1091.0,47.231009,-1.539528,44109000BY0367
2022-05-23,74 RUE GAL BUAT,44000.0,butas,53.0,3.0,2,210000.0,3962.0,1091.0,47.231009,-1.539528,44109000BY0367
2023-02-17,74 RUE GAL BUAT,44000.0,butas,58.0,2.0,0,240000.0,4138.0,1091.0,47.231009,-1.539528,44109000BY0367
2024-04-26,74 RUE GAL BUAT,44000.0,butas,87.0,4.0,2,331100.0,3806.0,1091.0,47.231009,-1.539528,44109000BY0367
2021-12-17,74 RUE GAL BUAT,44000.0,butas,90.0,4.0,2,343000.0,3811.0,1091.0,47.231009,-1.539528,44109000BY0367
2022-05-23,74 RUE GAL BUAT,44000.0,butas,90.0,4.0,2,380000.0,4222.0,1091.0,47.231009,-1.539528,44109000BY0367
2023-06-30,74 RUE GAL BUAT,44000.0,butas,90.0,4.0,2,252500.0,2806.0,1091.0,47.231009,-1.539528,44109000BY0367
2024-07-26,18 BD STALINGRAD,44000.0,butas,49.0,2.0,0,100000.0,2041.0,1092.0,47.218626,-1.539705,44109000ES0243
2024-07-08,13 AV DES TROPIQUES,44300.0,namas,113.0,4.0,0,499900.0,4424.0,1092.0,47.223643,-1.514066,44109000BT0334
2024-11-22,145 RUE D ALLONVILLE,44000.0,butas,70.0,3.0,2,257000.0,3671.0,1094.0,47.219232,-1.540389,44109000ES0348
2023-11-02,145 RUE D ALLONVILLE,44000.0,butas,33.0,1.0,1,127000.0,3848.0,1094.0,47.219232,-1.540389,44109000ES0348
2025-10-14,145 RUE D ALLONVILLE,44000.0,butas,70.0,3.0,2,245000.0,3500.0,1094.0,47.219232,-1.540389,44109000ES0348
2021-03-08,145 RUE D ALLONVILLE,44000.0,butas,126.0,5.0,2,550000.0,4365.0,1094.0,47.219232,-1.540389,44109000ES0348
2025-12-29,145 RUE D ALLONVILLE,44000.0,butas,80.0,4.0,2,319050.0,3988.0,1094.0,47.219232,-1.540389,44109000ES0348
2021-12-28,145 RUE D ALLONVILLE,44000.0,butas,80.0,4.0,2,270248.0,3378.0,1094.0,47.219232,-1.540389,44109000ES0348
2022-05-05,145 RUE D ALLONVILLE,44000.0,butas,70.0,3.0,2,277450.0,3964.0,1094.0,47.219232,-1.540389,44109000ES0348
2024-05-15,124 RUE GAL BUAT,44000.0,butas,39.0,1.0,1,145000.0,3718.0,1096.0,47.228151,-1.542027,44109000BZ0182
2025-03-12,124 RUE GAL BUAT,44000.0,butas,29.0,1.0,1,84000.0,2897.0,1096.0,47.228151,-1.542027,44109000BZ0182
2025-03-31,124 RUE GAL BUAT,44000.0,butas,46.0,3.0,0,210000.0,4565.0,1096.0,47.228151,-1.542027,44109000BZ0182
2025-02-10,93 RTE DE STE-LUCE,44300.0,namas,151.0,7.0,0,630000.0,4172.0,1096.0,47.233603,-1.522057,44109000BC0575
2022-10-18,124 RUE GAL BUAT,44000.0,namas,37.0,1.0,1,163000.0,4405.0,1096.0,47.228151,-1.542027,44109000BZ0182
2021-09-28,159 BD DES POILUS,44300.0,namas,81.0,4.0,1,420000.0,5185.0,1098.0,47.233498,-1.535143,44109000BX0500
2024-11-06,28 AV DES TROPIQUES,44300.0,namas,73.0,3.0,0,375000.0,5137.0,1098.0,47.22403,-1.513936,44109000BT0337
2025-01-31,138 RUE GAL BUAT,44000.0,butas,66.0,3.0,0,220000.0,3333.0,1099.0,47.227637,-1.542327,44109000BZ0188
2025-09-05,4 IMP ST-CHARLES,44000.0,namas,76.0,4.0,0,407000.0,5355.0,1100.0,47.225004,-1.542962,44109000ET0078
2022-07-06,14 IMP DU CHALET DE LA MARRIERE,44300.0,namas,130.0,4.0,0,765000.0,5885.0,1104.0,47.234605,-1.526722,44109000BC0869
2024-06-27,61 RUE DES CLEMATITES,44300.0,namas,97.0,5.0,0,386000.0,3979.0,1105.0,47.233789,-1.522346,44109000BC0456
2021-04-07,16 RUE DES PERRINES,44300.0,butas,70.0,4.0,0,173500.0,2479.0,1107.0,47.228889,-1.515095,44109000BS0211
2024-09-19,1 AV JEAN BAPTISTE PERRIN,44300.0,butas,61.0,4.0,1,110000.0,1803.0,1107.0,47.228889,-1.515095,44109000BS0211
2021-10-25,20 RUE DES PERRINES,44300.0,butas,60.0,4.0,1,207200.0,3453.0,1107.0,47.228889,-1.515095,44109000BS0211
2022-10-12,16 RUE DES PERRINES,44300.0,butas,60.0,3.0,1,174000.0,2900.0,1107.0,47.228889,-1.515095,44109000BS0211
2022-12-15,5 RUE GAL BUAT,44000.0,butas,33.0,1.0,1,120770.0,3660.0,1107.0,47.233295,-1.535917,44109000BX0640
2025-07-02,4 AV JEAN BAPTISTE PERRIN,44300.0,butas,51.0,3.0,0,185000.0,3627.0,1107.0,47.228889,-1.515095,44109000BS0211
2021-10-26,1 AV JEAN BAPTISTE PERRIN,44300.0,butas,61.0,4.0,2,132500.0,2172.0,1107.0,47.228889,-1.515095,44109000BS0211
2023-05-31,5 RUE GAL BUAT,44000.0,butas,33.0,1.0,1,100000.0,3030.0,1107.0,47.233295,-1.535917,44109000BX0640
2021-02-24,16 RUE DES PERRINES,44300.0,butas,68.0,4.0,1,170000.0,2500.0,1107.0,47.228889,-1.515095,44109000BS0211
2021-01-13,20 RUE DES PERRINES,44300.0,butas,51.0,3.0,0,175000.0,3431.0,1107.0,47.228889,-1.515095,44109000BS0211
2021-07-15,2 AV JEAN BAPTISTE PERRIN,44300.0,butas,70.0,4.0,1,183500.0,2621.0,1107.0,47.228889,-1.515095,44109000BS0211
2023-12-20,2 AV JEAN BAPTISTE PERRIN,44300.0,butas,51.0,3.0,1,170000.0,3333.0,1107.0,47.228889,-1.515095,44109000BS0211
2022-09-28,20 RUE DES PERRINES,44300.0,butas,60.0,4.0,1,195000.0,3250.0,1107.0,47.228889,-1.515095,44109000BS0211
2021-07-15,14 RUE DES PERRINES,44300.0,butas,68.0,4.0,1,162000.0,2382.0,1107.0,47.228889,-1.515095,44109000BS0211
2022-01-07,1 AV JEAN BAPTISTE PERRIN,44300.0,butas,60.0,4.0,1,215000.0,3583.0,1107.0,47.228889,-1.515095,44109000BS0211
2023-01-27,5 RUE GAL BUAT,44000.0,butas,30.0,2.0,1,110000.0,3667.0,1107.0,47.233295,-1.535917,44109000BX0640
2021-07-22,16 RUE DES PERRINES,44300.0,butas,61.0,4.0,1,175000.0,2869.0,1107.0,47.228889,-1.515095,44109000BS0211
2022-08-22,20 RUE DES PERRINES,44300.0,butas,60.0,4.0,1,180000.0,3000.0,1107.0,47.228889,-1.515095,44109000BS0211
2025-04-25,19 BD STALINGRAD,44000.0,butas,158.0,5.0,2,650000.0,4114.0,1107.0,47.218655,-1.539977,44109000ES0300
2021-06-02,14 RUE DES PERRINES,44300.0,butas,67.0,4.0,2,185000.0,2761.0,1107.0,47.228889,-1.515095,44109000BS0211
2021-08-06,12 RUE FREDERIC CAILLIAUD,44000.0,butas,108.0,4.0,1,480000.0,4444.0,1108.0,47.219249,-1.540623,44109000ES0155
2021-05-20,12 RUE FREDERIC CAILLIAUD,44000.0,butas,27.0,2.0,0,128000.0,4741.0,1108.0,47.219249,-1.540623,44109000ES0155
2023-02-21,32 RUE GAL BUAT,44000.0,butas,29.0,2.0,1,126100.0,4348.0,1109.0,47.232603,-1.537466,44109000BY0259
2023-01-25,32 RUE GAL BUAT,44000.0,butas,48.0,2.0,1,190000.0,3958.0,1109.0,47.232603,-1.537466,44109000BY0259
2021-09-09,140 RUE GAL BUAT,44000.0,butas,42.0,3.0,0,220000.0,5238.0,1109.0,47.227547,-1.542506,44109000BZ0189
2023-07-07,26 AV DES TROPIQUES,44300.0,namas,89.0,6.0,0,425000.0,4775.0,1111.0,47.224006,-1.513769,44109000BT0338
2025-10-23,8 PL ROSA PARKS,44000.0,butas,72.0,4.0,1,126000.0,1750.0,1112.0,47.214787,-1.529342,44109000CP0500
2025-04-15,8 PL ROSA PARKS,44000.0,butas,52.0,2.0,1,165000.0,3173.0,1112.0,47.214787,-1.529342,44109000CP0500
2025-05-26,8 PL ROSA PARKS,44000.0,butas,72.0,4.0,1,146000.0,2028.0,1112.0,47.214787,-1.529342,44109000CP0500
2022-03-07,8 PL ROSA PARKS,44000.0,butas,72.0,4.0,1,250000.0,3472.0,1112.0,47.214787,-1.529342,44109000CP0500
2021-10-14,18 PL ROSA PARKS,44000.0,butas,45.0,2.0,1,160000.0,3556.0,1112.0,47.214787,-1.529342,44109000CP0500
2022-07-07,18 PL ROSA PARKS,44000.0,butas,45.0,2.0,1,170000.0,3778.0,1112.0,47.214787,-1.529342,44109000CP0500
2025-10-22,18 PL ROSA PARKS,44000.0,butas,63.0,3.0,1,127000.0,2016.0,1112.0,47.214787,-1.529342,44109000CP0500
2022-01-20,18 PL ROSA PARKS,44000.0,butas,45.0,2.0,1,175000.0,3889.0,1112.0,47.214787,-1.529342,44109000CP0500
2022-04-22,8 PL ROSA PARKS,44000.0,butas,85.0,4.0,1,238000.0,2800.0,1112.0,47.214787,-1.529342,44109000CP0500
2025-09-10,8 PL ROSA PARKS,44000.0,butas,52.0,2.0,1,158000.0,3038.0,1112.0,47.214787,-1.529342,44109000CP0500
2022-10-10,18 PL ROSA PARKS,44000.0,butas,45.0,2.0,1,155000.0,3444.0,1112.0,47.214787,-1.529342,44109000CP0500
2025-02-28,40 RUE GAL BUAT,44000.0,namas,156.0,4.0,3,885000.0,5673.0,1112.0,47.232364,-1.537945,44109000BY0263
2023-02-02,18 PL ROSA PARKS,44000.0,butas,106.0,5.0,1,336350.0,3173.0,1112.0,47.214787,-1.529342,44109000CP0500
2022-09-23,158 BD DES POILUS,44300.0,butas,38.0,2.0,2,160000.0,4211.0,1113.0,47.233922,-1.534309,44109000AZ0415
2023-05-30,158 BD DES POILUS,44300.0,butas,48.0,2.0,2,160000.0,3333.0,1113.0,47.233922,-1.534309,44109000AZ0415
2023-12-14,158 BD DES POILUS,44300.0,butas,23.0,1.0,2,110670.0,4812.0,1113.0,47.233922,-1.534309,44109000AZ0415
2023-06-29,158 BD DES POILUS,44300.0,butas,48.0,2.0,2,174000.0,3625.0,1113.0,47.233922,-1.534309,44109000AZ0415
2022-05-24,158 BD DES POILUS,44300.0,butas,35.0,1.0,2,145000.0,4143.0,1113.0,47.233922,-1.534309,44109000AZ0415
2025-03-31,158 BD DES POILUS,44300.0,butas,23.0,1.0,2,90300.0,3926.0,1113.0,47.233922,-1.534309,44109000AZ0415
2025-04-23,49 RUE DE LA MARRIERE,44300.0,namas,94.0,5.0,0,349000.0,3713.0,1114.0,47.234737,-1.529471,44109000AZ0511
2022-01-21,30 RUE GAL BUAT,44000.0,butas,44.0,2.0,1,180000.0,4091.0,1116.0,47.232716,-1.537393,44109000BY0257
2025-05-26,6 RUE DES HIBISCUS,44000.0,namas,165.0,5.0,0,184998.0,1121.0,1116.0,47.226126,-1.513798,44109000BT0610
2022-03-01,6 RUE DES HIBISCUS,44000.0,namas,165.0,5.0,0,715000.0,4333.0,1116.0,47.226126,-1.513798,44109000BT0610
2025-09-19,30 RUE GAL BUAT,44000.0,butas,46.0,2.0,1,149900.0,3259.0,1116.0,47.232716,-1.537393,44109000BY0257
2021-02-26,48 RUE GAL BUAT,44000.0,butas,46.0,2.0,0,166500.0,3620.0,1117.0,47.232243,-1.538267,44109000BY0267
2022-06-01,48 RUE GAL BUAT,44000.0,butas,45.0,2.0,1,110000.0,2444.0,1117.0,47.232243,-1.538267,44109000BY0267
2025-01-03,48 RUE GAL BUAT,44000.0,butas,43.0,3.0,1,115000.0,2674.0,1117.0,47.232243,-1.538267,44109000BY0267
2024-01-31,48 RUE GAL BUAT,44000.0,butas,45.0,2.0,1,189000.0,4200.0,1117.0,47.232243,-1.538267,44109000BY0267
2024-03-29,48 RUE GAL BUAT,44000.0,butas,62.0,3.0,2,175000.0,2823.0,1117.0,47.232243,-1.538267,44109000BY0267
2024-07-15,48 RUE GAL BUAT,44000.0,butas,60.0,3.0,1,188000.0,3133.0,1117.0,47.232243,-1.538267,44109000BY0267
2025-07-17,142 RUE GAL BUAT,44000.0,butas,48.0,2.0,1,175000.0,3646.0,1118.0,47.227448,-1.542665,44109000BZ0190
2025-05-05,142 RUE GAL BUAT,44000.0,butas,22.0,2.0,0,65000.0,2955.0,1118.0,47.227448,-1.542665,44109000BZ0190
2021-06-25,70 RUE GAMBETTA,44000.0,butas,60.0,3.0,1,270000.0,4500.0,1119.0,47.22195,-1.542639,44109000ET0376
2024-10-01,70 RUE GAMBETTA,44000.0,butas,49.0,2.0,1,186000.0,3796.0,1119.0,47.22195,-1.542639,44109000ET0376
2021-03-25,70 RUE GAMBETTA,44000.0,butas,53.0,2.0,1,235000.0,4434.0,1119.0,47.22195,-1.542639,44109000ET0376
2021-06-30,70 RUE GAMBETTA,44000.0,butas,90.0,3.0,1,420100.0,4668.0,1119.0,47.22195,-1.542639,44109000ET0376
2021-12-09,70 RUE GAMBETTA,44000.0,butas,37.0,2.0,1,177000.0,4784.0,1119.0,47.22195,-1.542639,44109000ET0376
2024-10-23,1 RUE GAL BUAT,44000.0,butas,36.0,1.0,1,95000.0,2639.0,1120.0,47.233508,-1.535731,44109000BX0639
2021-09-29,1 RUE GAL BUAT,44000.0,butas,40.0,2.0,1,148000.0,3700.0,1120.0,47.233508,-1.535731,44109000BX0639
2022-01-06,1 RUE GAL BUAT,44000.0,butas,46.0,2.0,1,158100.0,3437.0,1120.0,47.233508,-1.535731,44109000BX0639
2023-08-16,1 RUE GAL BUAT,44000.0,butas,81.0,4.0,1,310000.0,3827.0,1120.0,47.233508,-1.535731,44109000BX0639
2021-06-25,1 RUE GAL BUAT,44000.0,butas,63.0,3.0,1,255400.0,4054.0,1120.0,47.233508,-1.535731,44109000BX0639
2023-06-14,6 RUE FREDERIC CAILLIAUD,44000.0,butas,29.0,1.0,1,140000.0,4828.0,1120.0,47.218826,-1.540394,44109000ES0247
2023-01-04,6 RUE FREDERIC CAILLIAUD,44000.0,butas,29.0,1.0,1,94000.0,3241.0,1120.0,47.218826,-1.540394,44109000ES0247
2021-10-07,1 RUE GAL BUAT,44000.0,butas,28.0,1.0,1,125000.0,4464.0,1120.0,47.233508,-1.535731,44109000BX0639
2024-08-14,1 RUE GAL BUAT,44000.0,butas,40.0,2.0,1,150000.0,3750.0,1120.0,47.233508,-1.535731,44109000BX0639
2022-10-13,1 RUE GAL BUAT,44000.0,butas,45.0,2.0,1,155000.0,3444.0,1120.0,47.233508,-1.535731,44109000BX0639
2024-02-02,1 RUE GAL BUAT,44000.0,butas,28.0,1.0,1,102500.0,3661.0,1120.0,47.233508,-1.535731,44109000BX0639
2021-03-03,1 RUE GAL BUAT,44000.0,butas,81.0,4.0,1,278000.0,3432.0,1120.0,47.233508,-1.535731,44109000BX0639
2022-12-16,6 RUE FREDERIC CAILLIAUD,44000.0,butas,78.0,4.0,1,390000.0,5000.0,1120.0,47.218826,-1.540394,44109000ES0247
2021-10-19,1 RUE GAL BUAT,44000.0,butas,38.0,2.0,1,130000.0,3421.0,1120.0,47.233508,-1.535731,44109000BX0639
2024-11-08,1 RUE GAL BUAT,44000.0,butas,63.0,3.0,1,210000.0,3333.0,1120.0,47.233508,-1.535731,44109000BX0639
2025-12-16,6 RUE FREDERIC CAILLIAUD,44000.0,butas,80.0,5.0,2,398000.0,4975.0,1120.0,47.218826,-1.540394,44109000ES0247
2021-08-31,26 RUE GAL BUAT,44000.0,butas,53.0,2.0,1,247000.0,4660.0,1120.0,47.232876,-1.53718,44109000BY0180
2025-05-14,6 RUE FREDERIC CAILLIAUD,44000.0,butas,31.0,2.0,0,95000.0,3065.0,1120.0,47.218826,-1.540394,44109000ES0247
2022-07-29,8 RUE FREDERIC CAILLIAUD,44000.0,butas,63.0,3.0,1,285000.0,4524.0,1121.0,47.218953,-1.540533,44109000ES0323
2021-04-08,8 RUE FREDERIC CAILLIAUD,44000.0,butas,61.0,3.0,1,205000.0,3361.0,1121.0,47.218953,-1.540533,44109000ES0323
2022-09-30,8 RUE MORAND,44000.0,namas,60.0,3.0,1,837500.0,13958.0,1122.0,47.232015,-1.538721,44109000BY0274
2025-09-15,5 RUE EVEQUE EMILIEN,44000.0,butas,76.0,3.0,1,360000.0,4737.0,1122.0,47.228491,-1.5422,44109000BZ0689
2024-08-22,53 CHE DU PONCEAU,44300.0,namas,78.0,4.0,0,349000.0,4474.0,1125.0,47.226583,-1.513781,44109000BT0155
2024-01-17,4 RUE FREDERIC CAILLIAUD,44000.0,butas,20.0,1.0,1,61500.0,3075.0,1126.0,47.218662,-1.540308,44109000ES0248
2025-10-21,4 RUE DES PERRINES,44300.0,butas,76.0,4.0,2,255000.0,3355.0,1126.0,47.228309,-1.514477,44109000BS0616
2022-07-07,4 RUE FREDERIC CAILLIAUD,44000.0,butas,53.0,2.0,1,198000.0,3736.0,1126.0,47.218662,-1.540308,44109000ES0248
2021-08-10,4 RUE DES PERRINES,44300.0,butas,68.0,3.0,1,300000.0,4412.0,1126.0,47.228309,-1.514477,44109000BS0616
2022-12-30,4 RUE FREDERIC CAILLIAUD,44000.0,butas,46.0,2.0,1,84500.0,1837.0,1126.0,47.218662,-1.540308,44109000ES0248
2025-12-15,4 RUE DES PERRINES,44300.0,butas,39.0,2.0,1,130000.0,3333.0,1126.0,47.228309,-1.514477,44109000BS0616
2022-08-30,4 RUE DES PERRINES,44300.0,butas,28.0,1.0,1,120000.0,4286.0,1126.0,47.228309,-1.514477,44109000BS0616
2022-09-23,4 RUE FREDERIC CAILLIAUD,44000.0,butas,56.0,2.0,1,193500.0,3455.0,1126.0,47.218662,-1.540308,44109000ES0248
2021-12-23,4 RUE DES PERRINES,44300.0,butas,33.0,2.0,1,118000.0,3576.0,1126.0,47.228309,-1.514477,44109000BS0616
2024-07-29,4 RUE FREDERIC CAILLIAUD,44000.0,butas,46.0,2.0,2,87500.0,1902.0,1126.0,47.218662,-1.540308,44109000ES0248
2023-11-17,4 RUE FREDERIC CAILLIAUD,44000.0,butas,46.0,2.0,1,62000.0,1348.0,1126.0,47.218662,-1.540308,44109000ES0248
2022-02-28,166 BD DES POILUS,44300.0,namas,122.0,7.0,1,900000.0,7377.0,1127.0,47.233906,-1.534809,44109000AZ0411
2024-04-05,166 BD DES POILUS,44300.0,namas,122.0,7.0,1,1560000.0,12787.0,1127.0,47.233906,-1.534809,44109000AZ0411
2021-04-16,1 RUE DESAIX,44000.0,butas,60.0,3.0,0,235000.0,3917.0,1128.0,47.227095,-1.542935,44109000EV0216
2024-09-19,19 AV CLAUDE KOGAN,44300.0,butas,31.0,2.0,0,130000.0,4194.0,1130.0,47.234849,-1.526856,44109000BC0151
2024-12-12,19 AV CLAUDE KOGAN,44300.0,butas,33.0,2.0,0,131000.0,3970.0,1130.0,47.234849,-1.526856,44109000BC0151
2025-02-06,19 AV CLAUDE KOGAN,44300.0,butas,24.0,2.0,0,144000.0,6000.0,1130.0,47.234849,-1.526856,44109000BC0151
2023-06-29,24 AV DES TROPIQUES,44300.0,namas,83.0,3.0,0,162500.0,1958.0,1131.0,47.224046,-1.513491,44109000BT0339
2025-04-10,7 RUE ST CHARLES,44000.0,butas,50.0,2.0,2,255000.0,5100.0,1131.0,47.224588,-1.543376,44109000ET0383
2024-09-25,7 RUE ST CHARLES,44000.0,butas,112.0,4.0,1,869600.0,7764.0,1131.0,47.224588,-1.543376,44109000ET0383
2021-05-04,7 RUE ST CHARLES,44000.0,butas,106.0,4.0,1,670000.0,6321.0,1131.0,47.224588,-1.543376,44109000ET0383
2024-04-04,21 BD STALINGRAD,44000.0,butas,100.0,3.0,0,300000.0,3000.0,1131.0,47.21851,-1.540218,44109000ES0249
2022-04-20,7 RUE ST CHARLES,44000.0,butas,24.0,1.0,1,120000.0,5000.0,1131.0,47.224588,-1.543376,44109000ET0383
2022-12-02,7 RUE ST CHARLES,44000.0,butas,112.0,4.0,1,812000.0,7250.0,1131.0,47.224588,-1.543376,44109000ET0383
2021-12-27,7 RUE ST CHARLES,44000.0,butas,76.0,4.0,2,475000.0,6250.0,1131.0,47.224588,-1.543376,44109000ET0383
2022-05-17,6 AV DES DALMATIENS,44300.0,namas,105.0,5.0,0,481500.0,4586.0,1132.0,47.233392,-1.520518,44109000BE0325
2024-09-13,3 AV CHANTEPIE,44000.0,namas,116.0,4.0,0,380000.0,3276.0,1132.0,47.22553,-1.543353,44109000ET0096
2023-01-17,2 RUE FREDERIC CAILLIAUD,44000.0,butas,40.0,1.0,1,170000.0,4250.0,1133.0,47.218555,-1.540299,44109000ES0277
2025-12-29,9 RUE ST-DONATIEN,44000.0,butas,26.0,2.0,0,117000.0,4500.0,1133.0,47.228325,-1.542452,44109000BZ0202
2024-08-21,7 RUE D IRLANDE,44000.0,butas,57.0,3.0,2,203000.0,3561.0,1134.0,47.214719,-1.52588,44109000CP0567
2025-03-17,9 RUE D IRLANDE,44000.0,butas,61.0,3.0,2,230000.0,3770.0,1134.0,47.214719,-1.52588,44109000CP0567
2025-10-02,9 RUE D IRLANDE,44000.0,butas,62.0,3.0,2,255000.0,4113.0,1134.0,47.214719,-1.52588,44109000CP0567
2025-04-30,7 RUE D IRLANDE,44000.0,butas,78.0,4.0,2,245500.0,3147.0,1134.0,47.214719,-1.52588,44109000CP0567
2025-11-27,7 RUE D IRLANDE,44000.0,butas,57.0,3.0,2,184500.0,3237.0,1134.0,47.214719,-1.52588,44109000CP0567
2024-12-26,7 RUE D IRLANDE,44000.0,butas,78.0,4.0,2,230000.0,2949.0,1134.0,47.214719,-1.52588,44109000CP0567
2025-07-18,9 RUE D IRLANDE,44000.0,butas,48.0,2.0,2,157000.0,3271.0,1134.0,47.214719,-1.52588,44109000CP0567
2024-07-12,9 RUE D IRLANDE,44000.0,butas,61.0,3.0,2,245000.0,4016.0,1134.0,47.214719,-1.52588,44109000CP0567
2024-04-25,5 RUE D IRLANDE,44000.0,butas,80.0,4.0,2,300000.0,3750.0,1134.0,47.214719,-1.52588,44109000CP0567
2025-02-10,150 RUE GAL BUAT,44000.0,butas,107.0,6.0,0,420000.0,3925.0,1135.0,47.227008,-1.543058,44109000EV0219
2021-04-06,36 RUE GAL BUAT,44000.0,butas,45.0,2.0,0,137000.0,3044.0,1136.0,47.232618,-1.537994,44109000BY0261
2021-08-23,10 AV DES DANOIS,44300.0,namas,192.0,7.0,1,890000.0,4635.0,1136.0,47.232885,-1.519336,44109000BE0300
2022-09-12,3 RUE DE HAMBOURG,44000.0,butas,67.0,3.0,1,168314.0,2512.0,1136.0,47.214606,-1.526932,44109000CP0516
2023-04-27,74 RUE DE LA MARRIERE,44300.0,namas,94.0,4.0,0,400000.0,4255.0,1136.0,47.234953,-1.52791,44109000BC0680
2023-09-15,3 RUE DE HAMBOURG,44000.0,butas,70.0,3.0,1,193000.0,2757.0,1136.0,47.214606,-1.526932,44109000CP0516
2023-12-01,36 RUE GAL BUAT,44000.0,butas,59.0,3.0,2,150000.0,2542.0,1136.0,47.232618,-1.537994,44109000BY0261
2021-01-20,3 ALL MATHIAS SANDORF,44300.0,namas,94.0,4.0,0,396500.0,4218.0,1136.0,47.234953,-1.52791,44109000BC0680
2021-03-08,10 ALL MATHIAS SANDORF,44300.0,namas,78.0,3.0,0,359000.0,4603.0,1136.0,47.234953,-1.52791,44109000BC0680
2024-06-20,36 RUE GAL BUAT,44000.0,butas,28.0,1.0,2,78000.0,2786.0,1136.0,47.232618,-1.537994,44109000BY0261
2025-12-17,58 RUE DE LA MARRIERE,44300.0,namas,94.0,4.0,0,285000.0,3032.0,1136.0,47.234953,-1.52791,44109000BC0680
2022-11-03,36 RUE GAL BUAT,44000.0,butas,45.0,2.0,2,155000.0,3444.0,1136.0,47.232618,-1.537994,44109000BY0261
2021-08-19,36 RUE GAL BUAT,44000.0,butas,68.0,3.0,2,183000.0,2691.0,1136.0,47.232618,-1.537994,44109000BY0261
2021-05-25,36 RUE GAL BUAT,44000.0,butas,41.0,2.0,1,105000.0,2561.0,1136.0,47.232618,-1.537994,44109000BY0261
2023-04-07,36 RUE GAL BUAT,44000.0,butas,37.0,2.0,1,160000.0,4324.0,1136.0,47.232618,-1.537994,44109000BY0261
2024-10-01,36 RUE GAL BUAT,44000.0,butas,62.0,3.0,2,125000.0,2016.0,1136.0,47.232618,-1.537994,44109000BY0261
2024-03-22,3 PL DES ENFANTS NANTAIS,44000.0,butas,112.0,5.0,2,500000.0,4464.0,1137.0,47.228494,-1.542419,44109000BZ0688
2023-06-01,3 PL DES ENFANTS NANTAIS,44000.0,butas,112.0,5.0,2,585000.0,5223.0,1137.0,47.228494,-1.542419,44109000BZ0688
2021-03-08,3 PL DES ENFANTS NANTAIS,44000.0,butas,112.0,5.0,1,538000.0,4804.0,1137.0,47.228494,-1.542419,44109000BZ0688
2025-02-21,57 AV DES EUCALYPTUS,44300.0,namas,120.0,5.0,0,437000.0,3642.0,1139.0,47.225597,-1.513409,44109000BT0595
2024-07-08,15 AV CLAUDE KOGAN,44300.0,namas,84.0,5.0,1,250000.0,2976.0,1142.0,47.234993,-1.527348,44109000BC0122
2024-12-09,115 RUE GAL BUAT,44000.0,butas,25.0,1.0,1,79400.0,3176.0,1142.0,47.225706,-1.543456,44109000ET0392
2021-05-18,42 AV DES EUCALYPTUS,44300.0,namas,116.0,5.0,0,535000.0,4612.0,1142.0,47.224834,-1.513317,44109000BT0492
2021-10-07,6 RUE DESAIX,44000.0,butas,30.0,1.0,1,105500.0,3517.0,1143.0,47.227403,-1.543029,44109000BZ0193
2023-09-06,6 RUE DESAIX,44000.0,butas,45.0,2.0,0,205000.0,4556.0,1143.0,47.227403,-1.543029,44109000BZ0193
2022-01-21,13 RUE ST-DONATIEN,44000.0,butas,86.0,4.0,1,512900.0,5964.0,1145.0,47.227819,-1.542885,44109000BZ0199
2024-05-30,11 RUE ST-DONATIEN,44000.0,butas,62.0,3.0,1,322000.0,5194.0,1145.0,47.227819,-1.542885,44109000BZ0199
2022-10-17,59 AV DES EUCALYPTUS,44300.0,namas,125.0,5.0,0,561500.0,4492.0,1145.0,47.225794,-1.513351,44109000BT0594
2022-09-30,13 RUE ST-DONATIEN,44000.0,butas,64.0,3.0,1,347000.0,5422.0,1145.0,47.227819,-1.542885,44109000BZ0199
2023-12-20,11 RUE ST-DONATIEN,44000.0,butas,98.0,4.0,2,595000.0,6071.0,1145.0,47.227819,-1.542885,44109000BZ0199
2024-02-07,13 RUE ST-DONATIEN,44000.0,butas,107.0,4.0,1,593000.0,5542.0,1145.0,47.227819,-1.542885,44109000BZ0199
2025-02-12,114 RTE DE STE-LUCE,44300.0,butas,38.0,2.0,1,97000.0,2553.0,1145.0,47.233631,-1.520754,44109000BE0429
2021-10-12,105 RTE DE STE-LUCE,44300.0,butas,39.0,2.0,1,127500.0,3269.0,1146.0,47.233872,-1.521379,44109000BC0720
2023-07-21,105 RTE DE STE-LUCE,44300.0,butas,34.0,1.0,1,115000.0,3382.0,1146.0,47.233872,-1.521379,44109000BC0720
2022-08-31,105 RTE DE STE-LUCE,44300.0,butas,47.0,2.0,1,180000.0,3830.0,1146.0,47.233872,-1.521379,44109000BC0720
2022-12-12,11 RUE DONATIEN BAHAUD,44300.0,namas,81.0,4.0,0,377000.0,4654.0,1147.0,47.234937,-1.530768,44109000AZ0520
2021-08-17,117 RUE GAL BUAT,44000.0,namas,76.0,4.0,1,330000.0,4342.0,1149.0,47.225678,-1.543565,44109000ET0094
2021-10-05,31 AV DES EUCALYPTUS,44300.0,namas,116.0,7.0,0,420000.0,3621.0,1149.0,47.224083,-1.513258,44109000BT0438
2024-11-18,5 RUE DUFOUR,44000.0,namas,61.0,3.0,0,363000.0,5951.0,1150.0,47.22688,-1.543314,44109000EV0427
2022-11-14,5 RUE DUFOUR,44000.0,namas,61.0,3.0,0,400000.0,6557.0,1150.0,47.22688,-1.543314,44109000EV0427
2024-09-20,121 RUE GAL BUAT,44000.0,butas,238.0,6.0,2,550000.0,2311.0,1150.0,47.225331,-1.543603,44109000ET0090
2023-06-29,16 RUE ST CHARLES,44000.0,butas,85.0,5.0,2,375500.0,4418.0,1151.0,47.225168,-1.543637,44109000ET0087
2022-03-16,2 AV CHANTEPIE,44000.0,namas,110.0,5.0,1,620000.0,5636.0,1151.0,47.225433,-1.54361,44109000ET0092
2023-07-07,16 RUE ST CHARLES,44000.0,butas,73.0,4.0,2,346200.0,4742.0,1151.0,47.225168,-1.543637,44109000ET0087
2025-02-27,16 RUE ST CHARLES,44000.0,butas,72.0,4.0,2,289000.0,4014.0,1151.0,47.225168,-1.543637,44109000ET0087
2021-09-03,8 BD JULES VERNE,44300.0,butas,75.0,3.0,2,315000.0,4200.0,1152.0,47.234084,-1.535032,44109000AZ0874
2023-05-10,8 BD JULES VERNE,44300.0,butas,82.0,4.0,2,325000.0,3963.0,1152.0,47.234084,-1.535032,44109000AZ0874
2021-02-25,8 BD JULES VERNE,44300.0,butas,31.0,1.0,0,125000.0,4032.0,1152.0,47.234084,-1.535032,44109000AZ0874
2022-07-21,8 BD JULES VERNE,44300.0,butas,50.0,2.0,2,176000.0,3520.0,1152.0,47.234084,-1.535032,44109000AZ0874
2023-06-29,8 RUE DESAIX,44000.0,butas,82.0,3.0,1,320000.0,3902.0,1152.0,47.227414,-1.543145,44109000BZ0194
2025-06-30,168 BD DES POILUS,44300.0,butas,60.0,3.0,2,207500.0,3458.0,1152.0,47.234084,-1.535032,44109000AZ0874
2023-08-31,14 RUE GAL BUAT,44000.0,butas,120.0,4.0,0,735000.0,6125.0,1152.0,47.233319,-1.536975,44109000BY0174
2025-03-04,8 BD JULES VERNE,44300.0,butas,25.0,1.0,0,70000.0,2800.0,1152.0,47.234084,-1.535032,44109000AZ0874
2021-12-17,168 BD DES POILUS,44300.0,butas,45.0,2.0,1,159000.0,3533.0,1152.0,47.234084,-1.535032,44109000AZ0874
2024-07-08,14 RUE GAL BUAT,44000.0,butas,74.0,3.0,1,268000.0,3622.0,1152.0,47.233319,-1.536975,44109000BY0174
2022-10-06,14 RUE GAL BUAT,44000.0,butas,51.0,2.0,0,195000.0,3824.0,1152.0,47.233319,-1.536975,44109000BY0174
2021-04-12,8 BD JULES VERNE,44300.0,butas,50.0,2.0,1,175000.0,3500.0,1152.0,47.234084,-1.535032,44109000AZ0874
2021-04-19,2 BD JULES VERNE,44300.0,butas,40.0,2.0,0,139000.0,3475.0,1153.0,47.233953,-1.535426,44109000AZ0407
2023-05-02,2 BD JULES VERNE,44300.0,butas,33.0,2.0,0,135000.0,4091.0,1153.0,47.233953,-1.535426,44109000AZ0407
2023-09-05,6 RUE GAL BUAT,44000.0,butas,96.0,5.0,1,490000.0,5104.0,1155.0,47.233551,-1.536539,44109000BY0172
2023-01-24,6 RUE GAL BUAT,44000.0,butas,68.0,3.0,2,215000.0,3162.0,1155.0,47.233551,-1.536539,44109000BY0172
2021-06-11,6 RUE GAL BUAT,44000.0,butas,60.0,3.0,2,265000.0,4417.0,1155.0,47.233551,-1.536539,44109000BY0172
2025-06-05,50 AV DES EUCALYPTUS,44300.0,namas,88.0,4.0,1,443000.0,5034.0,1157.0,47.225365,-1.513146,44109000BT0590
2023-01-27,1 RUE DUFOUR,44000.0,butas,68.0,2.0,1,295000.0,4338.0,1159.0,47.227089,-1.543356,44109000EV0213
2023-11-28,40 AV DES EUCALYPTUS,44300.0,namas,116.0,4.0,0,447350.0,3856.0,1159.0,47.224822,-1.513097,44109000BT0379
2022-11-22,1 RUE DUFOUR,44000.0,butas,14.0,1.0,1,54000.0,3857.0,1159.0,47.227089,-1.543356,44109000EV0213
2022-08-26,1 RUE DUFOUR,44000.0,butas,14.0,1.0,1,70000.0,5000.0,1159.0,47.227089,-1.543356,44109000EV0213
2023-10-09,18 RUE GAL BUAT,44000.0,namas,165.0,5.0,0,860000.0,5212.0,1160.0,47.233227,-1.537365,44109000BY0731
2022-10-03,48 RUE DU LANDREAU,44300.0,namas,81.0,5.0,0,360000.0,4444.0,1160.0,47.231691,-1.516967,44109000BV0515
2021-12-29,10 AV JEAN PATY,44300.0,namas,136.0,5.0,1,656650.0,4828.0,1162.0,47.230716,-1.515808,44109000BS0102
2025-12-09,8 RUE FRERE HENRI,44300.0,namas,88.0,5.0,1,440000.0,5000.0,1162.0,47.235156,-1.529682,44109000AZ0504
2021-07-07,158 RUE GAL BUAT,44000.0,butas,46.0,2.0,2,121000.0,2630.0,1163.0,47.22656,-1.543572,44109000EV0461
2021-12-20,158 RUE GAL BUAT,44000.0,butas,36.0,1.0,1,57000.0,1583.0,1163.0,47.22656,-1.543572,44109000EV0461
2022-05-11,158 RUE GAL BUAT,44000.0,butas,48.0,2.0,1,117000.0,2438.0,1163.0,47.22656,-1.543572,44109000EV0461
2022-08-31,158 RUE GAL BUAT,44000.0,butas,48.0,2.0,2,140000.0,2917.0,1163.0,47.22656,-1.543572,44109000EV0461
2025-02-14,158 RUE GAL BUAT,44000.0,butas,48.0,2.0,1,115000.0,2396.0,1163.0,47.22656,-1.543572,44109000EV0461
2022-11-25,158 RUE GAL BUAT,44000.0,butas,49.0,2.0,0,85000.0,1735.0,1163.0,47.22656,-1.543572,44109000EV0461
2025-02-20,158 RUE GAL BUAT,44000.0,butas,48.0,1.0,1,115000.0,2396.0,1163.0,47.22656,-1.543572,44109000EV0461
2022-10-24,158 RUE GAL BUAT,44000.0,butas,60.0,2.0,2,87000.0,1450.0,1163.0,47.22656,-1.543572,44109000EV0461
2023-06-27,158 RUE GAL BUAT,44000.0,butas,59.0,3.0,1,165500.0,2805.0,1163.0,47.22656,-1.543572,44109000EV0461
2022-05-31,7 RUE DUFOUR,44000.0,butas,18.0,1.0,0,90500.0,5028.0,1163.0,47.22656,-1.543572,44109000EV0461
2021-08-20,158 RUE GAL BUAT,44000.0,butas,35.0,1.0,0,40000.0,1143.0,1163.0,47.22656,-1.543572,44109000EV0461
2022-09-13,158 RUE GAL BUAT,44000.0,butas,48.0,2.0,1,130000.0,2708.0,1163.0,47.22656,-1.543572,44109000EV0461
2021-09-08,158 RUE GAL BUAT,44000.0,butas,39.0,1.0,1,49900.0,1279.0,1163.0,47.22656,-1.543572,44109000EV0461
2023-02-27,158 RUE GAL BUAT,44000.0,butas,48.0,2.0,1,105000.0,2188.0,1163.0,47.22656,-1.543572,44109000EV0461
2024-11-04,158 RUE GAL BUAT,44000.0,butas,48.0,3.0,1,130000.0,2708.0,1163.0,47.22656,-1.543572,44109000EV0461
2022-07-13,158 RUE GAL BUAT,44000.0,butas,52.0,2.0,1,110000.0,2115.0,1163.0,47.22656,-1.543572,44109000EV0461
2025-05-23,158 RUE GAL BUAT,44000.0,butas,48.0,2.0,2,120000.0,2500.0,1163.0,47.22656,-1.543572,44109000EV0461
2025-09-03,158 RUE GAL BUAT,44000.0,butas,59.0,3.0,2,160000.0,2712.0,1163.0,47.22656,-1.543572,44109000EV0461
2023-01-16,158 RUE GAL BUAT,44000.0,butas,48.0,2.0,2,92000.0,1917.0,1163.0,47.22656,-1.543572,44109000EV0461
2023-01-18,158 RUE GAL BUAT,44000.0,butas,48.0,2.0,1,120000.0,2500.0,1163.0,47.22656,-1.543572,44109000EV0461
2024-09-30,158 RUE GAL BUAT,44000.0,butas,48.0,2.0,2,85000.0,1771.0,1163.0,47.22656,-1.543572,44109000EV0461
2023-02-10,158 RUE GAL BUAT,44000.0,butas,60.0,3.0,1,180000.0,3000.0,1163.0,47.22656,-1.543572,44109000EV0461
2021-09-17,158 RUE GAL BUAT,44000.0,butas,48.0,2.0,2,55000.0,1146.0,1163.0,47.22656,-1.543572,44109000EV0461
2025-01-06,158 RUE GAL BUAT,44000.0,butas,67.0,3.0,1,180000.0,2687.0,1163.0,47.22656,-1.543572,44109000EV0461
2021-04-16,158 RUE GAL BUAT,44000.0,butas,67.0,3.0,1,163000.0,2433.0,1163.0,47.22656,-1.543572,44109000EV0461
2024-08-26,158 RUE GAL BUAT,44000.0,butas,48.0,2.0,0,85000.0,1771.0,1163.0,47.22656,-1.543572,44109000EV0461
2025-10-20,158 RUE GAL BUAT,44000.0,butas,48.0,2.0,2,70000.0,1458.0,1163.0,47.22656,-1.543572,44109000EV0461
2025-07-10,158 RUE GAL BUAT,44000.0,butas,48.0,2.0,2,89132.0,1857.0,1163.0,47.22656,-1.543572,44109000EV0461
2025-01-31,158 RUE GAL BUAT,44000.0,butas,64.0,3.0,0,155000.0,2422.0,1163.0,47.22656,-1.543572,44109000EV0461
2021-05-27,158 RUE GAL BUAT,44000.0,butas,48.0,2.0,0,74900.0,1560.0,1163.0,47.22656,-1.543572,44109000EV0461
2024-03-06,158 RUE GAL BUAT,44000.0,butas,36.0,1.0,0,77000.0,2139.0,1163.0,47.22656,-1.543572,44109000EV0461
2023-09-28,158 RUE GAL BUAT,44000.0,butas,36.0,1.0,0,41000.0,1139.0,1163.0,47.22656,-1.543572,44109000EV0461
2022-02-24,158 RUE GAL BUAT,44000.0,butas,61.0,2.0,2,145000.0,2377.0,1163.0,47.22656,-1.543572,44109000EV0461
2024-01-24,158 RUE GAL BUAT,44000.0,butas,48.0,2.0,1,90000.0,1875.0,1163.0,47.22656,-1.543572,44109000EV0461
2023-06-13,158 RUE GAL BUAT,44000.0,butas,48.0,2.0,2,87000.0,1812.0,1163.0,47.22656,-1.543572,44109000EV0461
2022-06-14,158 RUE GAL BUAT,44000.0,butas,64.0,2.0,2,125000.0,1953.0,1163.0,47.22656,-1.543572,44109000EV0461
2021-11-12,158 RUE GAL BUAT,44000.0,butas,48.0,2.0,1,120000.0,2500.0,1163.0,47.22656,-1.543572,44109000EV0461
2024-08-05,158 RUE GAL BUAT,44000.0,butas,60.0,3.0,2,175000.0,2917.0,1163.0,47.22656,-1.543572,44109000EV0461
2024-04-19,59 RUE DE LA MARRIERE,44300.0,butas,70.0,3.0,2,180000.0,2571.0,1165.0,47.235211,-1.529033,44109000AZ0501
2021-06-30,9 AV DES LEVRIERS,44300.0,namas,125.0,4.0,0,511500.0,4092.0,1165.0,47.232837,-1.518623,44109000BE0287
2021-02-12,59 RUE DE LA MARRIERE,44300.0,butas,76.0,4.0,0,190000.0,2500.0,1165.0,47.235211,-1.529033,44109000AZ0501
2022-06-03,1 RUE DE LA MICHAUDIERE,44300.0,butas,76.0,4.0,1,169000.0,2224.0,1165.0,47.235211,-1.529033,44109000AZ0501
2021-04-29,1 BD DES BELGES,44300.0,butas,83.0,4.0,0,268000.0,3229.0,1167.0,47.233755,-1.536348,44109000BY0687
2022-07-04,18 MAIL PABLO PICASSO,44000.0,butas,63.0,3.0,0,257000.0,4079.0,1168.0,47.215725,-1.536272,44109000WZ0084
2025-12-12,18 MAIL PABLO PICASSO,44000.0,butas,42.0,2.0,1,165000.0,3929.0,1168.0,47.215725,-1.536272,44109000WZ0084
2022-01-24,18 MAIL PABLO PICASSO,44000.0,butas,37.0,1.0,0,173500.0,4689.0,1168.0,47.215725,-1.536272,44109000WZ0084
2025-10-23,8 RUE DONATIEN BAHAUD,44300.0,namas,114.0,6.0,1,564000.0,4947.0,1168.0,47.23516,-1.530419,44109000AZ0485
2025-04-25,18 MAIL PABLO PICASSO,44000.0,butas,59.0,3.0,1,235000.0,3983.0,1168.0,47.215725,-1.536272,44109000WZ0084
2025-01-29,18 MAIL PABLO PICASSO,44000.0,butas,68.0,3.0,1,290000.0,4265.0,1168.0,47.215725,-1.536272,44109000WZ0084
2023-01-25,18 MAIL PABLO PICASSO,44000.0,butas,60.0,3.0,1,292750.0,4879.0,1168.0,47.215725,-1.536272,44109000WZ0084
2024-06-24,18 MAIL PABLO PICASSO,44000.0,butas,38.0,2.0,0,152000.0,4000.0,1168.0,47.215725,-1.536272,44109000WZ0084
2022-12-15,18 MAIL PABLO PICASSO,44000.0,butas,72.0,4.0,1,336000.0,4667.0,1168.0,47.215725,-1.536272,44109000WZ0084
2024-02-09,18 MAIL PABLO PICASSO,44000.0,butas,45.0,2.0,1,201000.0,4467.0,1168.0,47.215725,-1.536272,44109000WZ0084
2025-04-22,18 MAIL PABLO PICASSO,44000.0,butas,45.0,2.0,1,178000.0,3956.0,1168.0,47.215725,-1.536272,44109000WZ0084
2022-09-01,18 MAIL PABLO PICASSO,44000.0,butas,68.0,3.0,1,302500.0,4449.0,1168.0,47.215725,-1.536272,44109000WZ0084
2023-01-06,18 MAIL PABLO PICASSO,44000.0,butas,57.0,3.0,1,274000.0,4807.0,1168.0,47.215725,-1.536272,44109000WZ0084
2025-01-09,18 MAIL PABLO PICASSO,44000.0,butas,59.0,3.0,1,240100.0,4069.0,1168.0,47.215725,-1.536272,44109000WZ0084
2022-09-01,18 MAIL PABLO PICASSO,44000.0,butas,57.0,3.0,0,230000.0,4035.0,1168.0,47.215725,-1.536272,44109000WZ0084
2021-08-06,18 MAIL PABLO PICASSO,44000.0,butas,59.0,3.0,1,295000.0,5000.0,1168.0,47.215725,-1.536272,44109000WZ0084
2025-04-22,18 MAIL PABLO PICASSO,44000.0,butas,37.0,2.0,0,156200.0,4222.0,1168.0,47.215725,-1.536272,44109000WZ0084
2022-07-13,18 MAIL PABLO PICASSO,44000.0,butas,57.0,3.0,1,285000.0,5000.0,1168.0,47.215725,-1.536272,44109000WZ0084
2021-12-06,18 MAIL PABLO PICASSO,44000.0,butas,57.0,3.0,1,260000.0,4561.0,1168.0,47.215725,-1.536272,44109000WZ0084
2022-06-08,18 MAIL PABLO PICASSO,44000.0,butas,37.0,2.0,0,178000.0,4811.0,1168.0,47.215725,-1.536272,44109000WZ0084
2023-07-07,18 MAIL PABLO PICASSO,44000.0,butas,62.0,3.0,2,267500.0,4315.0,1168.0,47.215725,-1.536272,44109000WZ0084
2022-08-19,18 MAIL PABLO PICASSO,44000.0,butas,41.0,2.0,0,190000.0,4634.0,1168.0,47.215725,-1.536272,44109000WZ0084
2025-04-22,18 MAIL PABLO PICASSO,44000.0,butas,57.0,3.0,0,238400.0,4182.0,1168.0,47.215725,-1.536272,44109000WZ0084
2024-11-05,18 MAIL PABLO PICASSO,44000.0,butas,37.0,1.0,0,160000.0,4324.0,1168.0,47.215725,-1.536272,44109000WZ0084
2022-04-07,18 MAIL PABLO PICASSO,44000.0,butas,62.0,3.0,1,309400.0,4990.0,1168.0,47.215725,-1.536272,44109000WZ0084
2025-01-14,18 MAIL PABLO PICASSO,44000.0,butas,60.0,3.0,1,279000.0,4650.0,1168.0,47.215725,-1.536272,44109000WZ0084
2024-09-03,18 MAIL PABLO PICASSO,44000.0,butas,28.0,1.0,0,123900.0,4425.0,1168.0,47.215725,-1.536272,44109000WZ0084
2024-11-04,18 MAIL PABLO PICASSO,44000.0,butas,57.0,3.0,1,255400.0,4481.0,1168.0,47.215725,-1.536272,44109000WZ0084
2025-03-17,18 MAIL PABLO PICASSO,44000.0,butas,62.0,3.0,1,239350.0,3860.0,1168.0,47.215725,-1.536272,44109000WZ0084
2022-05-25,109 RTE DE STE-LUCE,44300.0,butas,40.0,2.0,1,120000.0,3000.0,1174.0,47.234115,-1.521255,44109000BC0754
2022-03-04,4 RUE ST-DONATIEN,44000.0,butas,51.0,2.0,1,176526.7,3461.0,1174.0,47.228408,-1.542987,44109000BZ0663
2021-04-28,109 RTE DE STE-LUCE,44300.0,butas,68.0,3.0,1,215500.0,3169.0,1174.0,47.234115,-1.521255,44109000BC0754
2024-03-05,1 RUE FRERE HENRI,44300.0,namas,160.0,7.0,0,550000.0,3438.0,1174.0,47.235228,-1.530259,44109000AZ0487
2025-08-27,109 RTE DE STE-LUCE,44300.0,butas,40.0,2.0,1,100000.0,2500.0,1174.0,47.234115,-1.521255,44109000BC0754
2021-05-21,109 RTE DE STE-LUCE,44300.0,butas,68.0,3.0,0,160000.0,2353.0,1174.0,47.234115,-1.521255,44109000BC0754
2021-02-02,4 RUE ST-DONATIEN,44000.0,butas,67.0,3.0,0,235000.0,3507.0,1174.0,47.228408,-1.542987,44109000BZ0663
2022-06-01,11 MAIL PABLO PICASSO,44000.0,butas,47.0,2.0,1,220000.0,4681.0,1175.0,47.215186,-1.534984,44109000WZ0049
2021-08-31,13 MAIL PABLO PICASSO,44000.0,butas,66.0,3.0,1,227600.0,3448.0,1175.0,47.215186,-1.534984,44109000WZ0049
2022-08-10,13 MAIL PABLO PICASSO,44000.0,butas,83.0,4.0,3,420000.0,5060.0,1175.0,47.215186,-1.534984,44109000WZ0049
2022-02-22,13 MAIL PABLO PICASSO,44000.0,butas,48.0,2.0,1,195000.0,4062.0,1175.0,47.215186,-1.534984,44109000WZ0049
2021-05-10,13 MAIL PABLO PICASSO,44000.0,butas,66.0,3.0,1,242000.0,3667.0,1175.0,47.215186,-1.534984,44109000WZ0049
2022-05-24,17 MAIL PABLO PICASSO,44000.0,butas,62.0,3.0,1,246000.0,3968.0,1175.0,47.215186,-1.534984,44109000WZ0049
2025-10-14,13 MAIL PABLO PICASSO,44000.0,butas,45.0,2.0,1,147000.0,3267.0,1175.0,47.215186,-1.534984,44109000WZ0049
2023-09-28,17 MAIL PABLO PICASSO,44000.0,butas,27.0,1.0,0,122000.0,4519.0,1175.0,47.215186,-1.534984,44109000WZ0049
2023-09-27,11 MAIL PABLO PICASSO,44000.0,butas,48.0,2.0,0,210000.0,4375.0,1175.0,47.215186,-1.534984,44109000WZ0049
2022-01-03,17 MAIL PABLO PICASSO,44000.0,butas,46.0,2.0,1,180000.0,3913.0,1175.0,47.215186,-1.534984,44109000WZ0049
2021-10-01,17 MAIL PABLO PICASSO,44000.0,butas,45.0,2.0,1,207000.0,4600.0,1175.0,47.215186,-1.534984,44109000WZ0049
2021-06-18,17 MAIL PABLO PICASSO,44000.0,butas,46.0,2.0,1,177000.0,3848.0,1175.0,47.215186,-1.534984,44109000WZ0049
2021-07-20,17 MAIL PABLO PICASSO,44000.0,butas,29.0,1.0,1,116000.0,4000.0,1175.0,47.215186,-1.534984,44109000WZ0049
2022-11-04,13 MAIL PABLO PICASSO,44000.0,butas,44.0,2.0,1,227000.0,5159.0,1175.0,47.215186,-1.534984,44109000WZ0049
2022-12-16,17 MAIL PABLO PICASSO,44000.0,butas,65.0,3.0,1,292500.0,4500.0,1175.0,47.215186,-1.534984,44109000WZ0049
2023-03-20,17 MAIL PABLO PICASSO,44000.0,butas,29.0,1.0,1,137000.0,4724.0,1175.0,47.215186,-1.534984,44109000WZ0049
2022-09-21,13 MAIL PABLO PICASSO,44000.0,butas,45.0,2.0,0,190000.0,4222.0,1175.0,47.215186,-1.534984,44109000WZ0049
2024-08-09,13 MAIL PABLO PICASSO,44000.0,butas,70.0,3.0,1,243000.0,3471.0,1175.0,47.215186,-1.534984,44109000WZ0049
2021-07-22,17 MAIL PABLO PICASSO,44000.0,butas,76.0,4.0,1,358000.0,4711.0,1175.0,47.215186,-1.534984,44109000WZ0049
2022-09-26,17 MAIL PABLO PICASSO,44000.0,butas,35.0,1.0,1,144500.0,4129.0,1175.0,47.215186,-1.534984,44109000WZ0049
2022-09-05,17 MAIL PABLO PICASSO,44000.0,butas,77.0,4.0,1,310000.0,4026.0,1175.0,47.215186,-1.534984,44109000WZ0049
2025-03-27,168 RUE GAL BUAT,44000.0,butas,52.0,2.0,0,107300.0,2063.0,1177.0,47.225884,-1.5439,44109000EV0480
2023-10-26,168 RUE GAL BUAT,44000.0,butas,52.0,2.0,0,136000.0,2615.0,1177.0,47.225884,-1.5439,44109000EV0480
2021-07-06,12 RUE ST-DONATIEN,44000.0,butas,53.0,2.0,0,262000.0,4943.0,1179.0,47.227761,-1.543372,44109000BZ0210
2025-09-02,12 RUE ST-DONATIEN,44000.0,butas,50.0,2.0,1,200000.0,4000.0,1179.0,47.227761,-1.543372,44109000BZ0210
2022-06-22,12 RUE ST-DONATIEN,44000.0,butas,43.0,2.0,0,170000.0,3953.0,1179.0,47.227761,-1.543372,44109000BZ0210
2021-07-05,6 RUE DE COURSON,44000.0,namas,220.0,8.0,1,1082000.0,4918.0,1179.0,47.224206,-1.543999,44109000ET0059
2022-05-10,12 RUE ST-DONATIEN,44000.0,butas,18.0,2.0,0,140000.0,7778.0,1179.0,47.227761,-1.543372,44109000BZ0210
2022-09-16,10 RUE ST-DONATIEN,44000.0,butas,46.0,3.0,1,252000.0,5478.0,1180.0,47.227903,-1.54333,44109000BZ0652
2025-06-30,10 RUE ST-DONATIEN,44000.0,butas,23.0,1.0,0,99905.0,4344.0,1180.0,47.227903,-1.54333,44109000BZ0652
2022-09-02,10 RUE ST-DONATIEN,44000.0,butas,54.0,3.0,2,215000.0,3981.0,1180.0,47.227903,-1.54333,44109000BZ0652
2022-05-25,8 RUE ST-DONATIEN,44000.0,namas,127.0,7.0,1,850000.0,6693.0,1182.0,47.228103,-1.543266,44109000BZ0207
2022-03-22,16 BD JULES VERNE,44300.0,butas,44.0,2.0,2,172000.0,3909.0,1182.0,47.234593,-1.534313,44109000AZ0422
2025-08-25,16 BD JULES VERNE,44300.0,butas,82.0,3.0,2,265000.0,3232.0,1182.0,47.234593,-1.534313,44109000AZ0422
2023-03-01,170 RUE GAL BUAT,44000.0,butas,57.0,2.0,1,227200.0,3986.0,1183.0,47.225822,-1.543994,44109000EV0227
2025-08-21,29 AV DES EPAGNEULS,44300.0,namas,92.0,4.0,0,280000.0,3043.0,1184.0,47.233612,-1.519736,44109000BE0334
2022-01-27,174 RUE GAL BUAT,44000.0,butas,43.0,2.0,1,200000.0,4651.0,1185.0,47.225703,-1.544029,44109000EV0231
2022-04-06,174 RUE GAL BUAT,44000.0,butas,62.0,2.0,1,226055.0,3646.0,1185.0,47.225703,-1.544029,44109000EV0231
2024-10-29,7 AV CLAUDE KOGAN,44300.0,namas,114.0,8.0,0,400000.0,3509.0,1185.0,47.23538,-1.527444,44109000BC0126
2025-02-26,5 PL DES ENFANTS NANTAIS,44000.0,namas,220.0,8.0,1,1150000.0,5227.0,1186.0,47.228529,-1.543088,44109000BZ0203
2022-07-08,9 RUE DU CHER,44000.0,butas,18.0,1.0,0,95400.0,5300.0,1187.0,47.214919,-1.534482,44109000WZ0068
2025-12-30,9 RUE DU CHER,44000.0,butas,18.0,1.0,0,67000.0,3722.0,1187.0,47.214919,-1.534482,44109000WZ0068
2021-08-20,9 RUE DU CHER,44000.0,butas,21.0,1.0,0,86000.0,4095.0,1187.0,47.214919,-1.534482,44109000WZ0068
2021-10-22,9 RUE DU CHER,44000.0,butas,21.0,1.0,0,89500.0,4262.0,1187.0,47.214919,-1.534482,44109000WZ0068
2021-04-12,9 RUE DU CHER,44000.0,butas,21.0,1.0,0,83000.0,3952.0,1187.0,47.214919,-1.534482,44109000WZ0068
2022-11-03,9 RUE DU CHER,44000.0,butas,19.0,1.0,0,94000.0,4947.0,1187.0,47.214919,-1.534482,44109000WZ0068
2024-06-25,9 RUE DU CHER,44000.0,butas,21.0,1.0,0,82400.0,3924.0,1187.0,47.214919,-1.534482,44109000WZ0068
2021-07-28,9 RUE DU CHER,44000.0,butas,27.0,1.0,0,100000.0,3704.0,1187.0,47.214919,-1.534482,44109000WZ0068
2021-02-23,9 RUE DU CHER,44000.0,butas,19.0,1.0,0,70000.0,3684.0,1187.0,47.214919,-1.534482,44109000WZ0068
2021-07-06,1 VEN DU THOUET,44000.0,butas,61.0,3.0,2,235900.0,3867.0,1187.0,47.214919,-1.534482,44109000WZ0068
2022-10-12,9 RUE DU CHER,44000.0,butas,20.0,1.0,0,92000.0,4600.0,1187.0,47.214919,-1.534482,44109000WZ0068
2023-12-12,9 RUE DU CHER,44000.0,butas,19.0,1.0,0,105000.0,5526.0,1187.0,47.214919,-1.534482,44109000WZ0068
2021-09-07,1 VEN DU THOUET,44000.0,butas,69.0,3.0,1,235000.0,3406.0,1187.0,47.214919,-1.534482,44109000WZ0068
2022-03-17,9 RUE DU CHER,44000.0,butas,19.0,1.0,0,83000.0,4368.0,1187.0,47.214919,-1.534482,44109000WZ0068
2021-12-30,6 RUE ST-DONATIEN,44000.0,butas,62.0,3.0,1,255000.0,4113.0,1187.0,47.228311,-1.543226,44109000BZ0205
2022-04-14,1 VEN DU THOUET,44000.0,butas,43.0,2.0,1,174000.0,4047.0,1187.0,47.214919,-1.534482,44109000WZ0068
2022-06-30,9 RUE DU CHER,44000.0,butas,21.0,1.0,0,94000.0,4476.0,1187.0,47.214919,-1.534482,44109000WZ0068
2023-01-20,9 RUE DU CHER,44000.0,butas,19.0,1.0,0,90000.0,4737.0,1187.0,47.214919,-1.534482,44109000WZ0068
2023-02-28,1 VEN DU THOUET,44000.0,butas,44.0,2.0,2,198000.0,4500.0,1187.0,47.214919,-1.534482,44109000WZ0068
2021-03-05,9 RUE DU CHER,44000.0,butas,19.0,1.0,0,87000.0,4579.0,1187.0,47.214919,-1.534482,44109000WZ0068
2021-04-09,9 RUE DU CHER,44000.0,butas,19.0,1.0,0,94000.0,4947.0,1187.0,47.214919,-1.534482,44109000WZ0068
2025-07-02,1 VEN DU THOUET,44000.0,butas,43.0,2.0,1,166000.0,3860.0,1187.0,47.214919,-1.534482,44109000WZ0068
2022-05-02,1 VEN DU THOUET,44000.0,butas,43.0,2.0,1,175300.0,4077.0,1187.0,47.214919,-1.534482,44109000WZ0068
2022-04-26,1 VEN DU THOUET,44000.0,butas,43.0,2.0,2,207000.0,4814.0,1187.0,47.214919,-1.534482,44109000WZ0068
2021-04-29,1 VEN DU THOUET,44000.0,butas,64.0,3.0,1,255000.0,3984.0,1187.0,47.214919,-1.534482,44109000WZ0068
2022-12-21,1 VEN DU THOUET,44000.0,butas,88.0,4.0,2,375000.0,4261.0,1187.0,47.214919,-1.534482,44109000WZ0068
2021-02-05,1 VEN DU THOUET,44000.0,butas,60.0,3.0,1,200000.0,3333.0,1187.0,47.214919,-1.534482,44109000WZ0068
2025-10-27,24 AV DES EUCALYPTUS,44300.0,namas,119.0,6.0,0,365000.0,3067.0,1188.0,47.223616,-1.512791,44109000BT0447
2021-06-14,24 AV DES EUCALYPTUS,44300.0,namas,119.0,6.0,0,400000.0,3361.0,1188.0,47.223616,-1.512791,44109000BT0447
2021-06-28,4 BD DE BERLIN,44000.0,butas,62.0,3.0,0,187900.0,3031.0,1189.0,47.214097,-1.529293,44109000CP0489
2021-07-12,4 BD DE BERLIN,44000.0,butas,83.0,4.0,0,357000.0,4301.0,1189.0,47.214097,-1.529293,44109000CP0489
2021-07-06,4 BD DE BERLIN,44000.0,butas,83.0,4.0,0,315000.0,3795.0,1189.0,47.214097,-1.529293,44109000CP0489
2024-05-16,10 BD JULES VERNE,44300.0,butas,85.0,4.0,0,160000.0,1882.0,1190.0,47.234437,-1.535102,44109000AZ0421
2023-07-13,3 RUE DE COURSON,44000.0,butas,70.0,3.0,1,316200.0,4517.0,1192.0,47.223734,-1.544119,44109000ET0042
2021-11-24,3 RUE DE COURSON,44000.0,butas,70.0,3.0,1,308000.0,4400.0,1192.0,47.223734,-1.544119,44109000ET0042
2022-06-30,9 AV CAMILLE GUERIN,44000.0,namas,186.0,8.0,1,1300000.0,6989.0,1194.0,47.229807,-1.54235,44109000BZ0531
2025-07-04,25 RUE DUFOUR,44000.0,butas,30.0,2.0,0,80000.0,2667.0,1194.0,47.225844,-1.544135,44109000EV0228
2025-09-22,25 RUE DUFOUR,44000.0,butas,53.0,3.0,1,352000.0,6642.0,1194.0,47.225844,-1.544135,44109000EV0228
2025-04-30,25 RUE DUFOUR,44000.0,butas,40.0,2.0,0,81500.0,2038.0,1194.0,47.225844,-1.544135,44109000EV0228
2022-07-25,9 AV D OUESSANT,44300.0,namas,77.0,4.0,0,352000.0,4571.0,1195.0,47.233872,-1.520066,44109000BE0430
2021-11-10,41 AV D OUESSANT,44300.0,namas,77.0,4.0,0,328000.0,4260.0,1195.0,47.233872,-1.520066,44109000BE0430
2024-02-14,126 RTE DE STE-LUCE,44300.0,namas,77.0,4.0,0,275000.0,3571.0,1195.0,47.233872,-1.520066,44109000BE0430
2021-03-24,2 AV D OUESSANT,44300.0,namas,27.0,2.0,0,180000.0,6667.0,1195.0,47.233872,-1.520066,44109000BE0430
2021-12-23,7 AV D OUESSANT,44300.0,namas,77.0,4.0,0,290000.0,3766.0,1195.0,47.233872,-1.520066,44109000BE0430
2024-06-03,6 AV D OUESSANT,44300.0,namas,77.0,4.0,0,223000.0,2896.0,1195.0,47.233872,-1.520066,44109000BE0430
2024-06-19,6 AV D HOEDIC,44300.0,namas,97.0,5.0,0,330000.0,3402.0,1195.0,47.233872,-1.520066,44109000BE0430
2024-08-20,35 AV D OUESSANT,44300.0,namas,77.0,4.0,0,260000.0,3377.0,1195.0,47.233872,-1.520066,44109000BE0430
2025-06-13,118 RTE DE STE-LUCE,44300.0,namas,82.0,4.0,0,150000.0,1829.0,1195.0,47.233872,-1.520066,44109000BE0430
2025-10-02,2 AV D HOEDIC,44300.0,namas,77.0,4.0,0,275000.0,3571.0,1195.0,47.233872,-1.520066,44109000BE0430
2022-12-15,14 CHE DES VIOLETTES,44000.0,namas,160.0,8.0,1,1180000.0,7375.0,1195.0,47.232696,-1.539065,44109000BY0683
2021-05-05,13 AV D OUESSANT,44300.0,namas,33.0,2.0,0,72500.0,2197.0,1195.0,47.233872,-1.520066,44109000BE0430
2024-05-31,4 AV D HOEDIC,44300.0,namas,77.0,4.0,0,275000.0,3571.0,1195.0,47.233872,-1.520066,44109000BE0430
2023-01-19,42 RUE DE LA MOISDONNIERE,44300.0,butas,68.0,4.0,2,185000.0,2721.0,1197.0,47.23523,-1.531994,44109000AZ0523
2021-06-23,42 RUE DE LA MOISDONNIERE,44300.0,butas,90.0,4.0,2,265000.0,2944.0,1197.0,47.23523,-1.531994,44109000AZ0523
2025-07-07,182 RUE GAL BUAT,44000.0,butas,9.0,1.0,0,21744.0,2416.0,1197.0,47.225493,-1.544221,44109000EV0537
2021-05-28,42 RUE DE LA MOISDONNIERE,44300.0,butas,57.0,3.0,2,160000.0,2807.0,1197.0,47.23523,-1.531994,44109000AZ0523
2021-08-30,42 RUE DE LA MOISDONNIERE,44300.0,butas,57.0,3.0,2,195000.0,3421.0,1197.0,47.23523,-1.531994,44109000AZ0523
2021-11-10,2 RUE GUILLAUME GROU,44000.0,butas,51.0,2.0,1,165000.0,3235.0,1198.0,47.221987,-1.543739,44109000ET0343
2022-09-20,72 RUE GAMBETTA,44000.0,butas,50.0,2.0,1,209000.0,4180.0,1198.0,47.221987,-1.543739,44109000ET0343
2021-03-01,2 RUE GUILLAUME GROU,44000.0,butas,47.0,2.0,1,180000.0,3830.0,1198.0,47.221987,-1.543739,44109000ET0343
2021-08-30,72 RUE GAMBETTA,44000.0,butas,57.0,2.0,1,210000.0,3684.0,1198.0,47.221987,-1.543739,44109000ET0343
2023-04-14,2 RUE GUILLAUME GROU,44000.0,butas,47.0,2.0,1,195000.0,4149.0,1198.0,47.221987,-1.543739,44109000ET0343
2024-09-18,72 RUE GAMBETTA,44000.0,butas,68.0,3.0,1,312000.0,4588.0,1198.0,47.221987,-1.543739,44109000ET0343
2025-11-27,72 RUE GAMBETTA,44000.0,butas,74.0,3.0,1,320000.0,4324.0,1198.0,47.221987,-1.543739,44109000ET0343
2021-02-25,72 RUE GAMBETTA,44000.0,butas,57.0,2.0,1,210000.0,3684.0,1198.0,47.221987,-1.543739,44109000ET0343
2023-02-15,72 RUE GAMBETTA,44000.0,butas,50.0,2.0,1,230000.0,4600.0,1198.0,47.221987,-1.543739,44109000ET0343
2025-04-30,2 RUE GUILLAUME GROU,44000.0,butas,17.0,1.0,0,95000.0,5588.0,1198.0,47.221987,-1.543739,44109000ET0343
2022-10-21,72 RUE GAMBETTA,44000.0,butas,52.0,2.0,1,245000.0,4712.0,1198.0,47.221987,-1.543739,44109000ET0343
2021-02-10,72 RUE GAMBETTA,44000.0,butas,57.0,2.0,1,206500.0,3623.0,1198.0,47.221987,-1.543739,44109000ET0343
2022-11-30,72 RUE GAMBETTA,44000.0,butas,75.0,3.0,1,370700.0,4943.0,1198.0,47.221987,-1.543739,44109000ET0343
2021-04-02,72 RUE GAMBETTA,44000.0,butas,50.0,2.0,1,200000.0,4000.0,1198.0,47.221987,-1.543739,44109000ET0343
2022-07-11,2 RUE GUILLAUME GROU,44000.0,butas,51.0,2.0,1,227000.0,4451.0,1198.0,47.221987,-1.543739,44109000ET0343
2023-11-06,2 RUE GUILLAUME GROU,44000.0,butas,100.0,5.0,1,515000.0,5150.0,1198.0,47.221987,-1.543739,44109000ET0343
2023-04-21,2 RUE GUILLAUME GROU,44000.0,butas,47.0,2.0,1,219000.0,4660.0,1198.0,47.221987,-1.543739,44109000ET0343
2022-06-23,72 RUE GAMBETTA,44000.0,butas,50.0,2.0,1,220000.0,4400.0,1198.0,47.221987,-1.543739,44109000ET0343
2023-12-15,72 RUE GAMBETTA,44000.0,butas,72.0,3.0,1,300000.0,4167.0,1198.0,47.221987,-1.543739,44109000ET0343
2021-12-17,72 RUE GAMBETTA,44000.0,butas,75.0,3.0,1,370000.0,4933.0,1198.0,47.221987,-1.543739,44109000ET0343
2022-05-30,2 RUE GUILLAUME GROU,44000.0,butas,100.0,5.0,1,550000.0,5500.0,1198.0,47.221987,-1.543739,44109000ET0343
2021-09-01,31 AV DES EPAGNEULS,44300.0,namas,84.0,3.0,0,420000.0,5000.0,1200.0,47.233747,-1.51967,44109000BE0372
2021-07-02,39 RUE DUFOUR,44000.0,butas,50.0,2.0,0,173000.0,3460.0,1202.0,47.225325,-1.5443,44109000EV0424
2025-07-11,33 RUE DUFOUR,44000.0,butas,32.0,2.0,1,106500.0,3328.0,1205.0,47.225545,-1.544322,44109000EV0538
2024-04-10,37 RUE DUFOUR,44000.0,butas,35.0,2.0,1,122000.0,3486.0,1205.0,47.225428,-1.544325,44109000EV0536
2021-07-20,7 AV JEAN PATY,44300.0,namas,46.0,3.0,1,170833.34,3714.0,1205.0,47.231218,-1.515638,44109000BS0112
2021-02-25,35 RUE DUFOUR,44000.0,butas,27.0,1.0,0,93000.0,3444.0,1205.0,47.225428,-1.544325,44109000EV0536
2023-07-21,92 RUE DE LA MARRIERE,44300.0,namas,104.0,5.0,0,565900.0,5441.0,1206.0,47.235531,-1.526746,44109000BC0653
2025-03-28,137 RUE GAL BUAT,44000.0,namas,192.0,7.0,1,500000.0,2604.0,1210.0,47.224263,-1.544406,44109000ET0047
2023-07-20,41 RUE DUFOUR,44000.0,butas,28.0,1.0,0,129000.0,4607.0,1212.0,47.225265,-1.544438,44109000EV0239
2025-07-10,41 RUE DUFOUR,44000.0,butas,79.0,3.0,0,255000.0,3228.0,1212.0,47.225265,-1.544438,44109000EV0239
2022-07-19,5 RUE ST-ROGATIEN,44000.0,namas,90.0,3.0,1,420000.0,4667.0,1212.0,47.228422,-1.543516,44109000BZ0229
2022-06-14,12 RUE DESAIX,44000.0,namas,93.0,5.0,0,870000.0,9355.0,1214.0,47.227504,-1.543964,44109000BZ0214
2021-09-01,31 RUE MORAND,44000.0,namas,128.0,5.0,0,797200.0,6228.0,1216.0,47.231805,-1.540713,44109000BY0346
2022-07-04,5 AV DES FLAMBOYANTS,44300.0,namas,160.0,7.0,0,600000.0,3750.0,1218.0,47.224325,-1.512322,44109000BT0386
2024-03-15,8 CHE DES VIOLETTES,44000.0,namas,120.0,6.0,1,530000.0,4417.0,1219.0,47.233358,-1.538409,44109000BY0189
2023-08-31,6 AV CLAUDE KOGAN,44300.0,namas,55.0,3.0,0,275000.0,5000.0,1219.0,47.23567,-1.527143,44109000BC0140
2022-07-28,7 RUE DE COURSON,44000.0,namas,120.0,5.0,0,670000.0,5583.0,1219.0,47.224013,-1.544505,44109000ET0351
2022-12-15,10 ALL DE LA BOUSCARLE DE CETTI,44000.0,butas,75.0,3.0,1,382250.0,5097.0,1220.0,47.215663,-1.537425,44109000WZ0137
2024-05-28,10 ALL DE LA BOUSCARLE DE CETTI,44000.0,butas,42.0,2.0,1,192000.0,4571.0,1220.0,47.215663,-1.537425,44109000WZ0137
2025-05-06,10 ALL DE LA BOUSCARLE DE CETTI,44000.0,butas,31.0,1.0,0,123000.0,3968.0,1220.0,47.215663,-1.537425,44109000WZ0137
2025-12-20,10 ALL DE LA BOUSCARLE DE CETTI,44000.0,butas,31.0,1.0,0,132000.0,4258.0,1220.0,47.215663,-1.537425,44109000WZ0137
2025-09-03,9 ALL DU COLVERT,44000.0,butas,60.0,3.0,1,240000.0,4000.0,1220.0,47.215663,-1.537425,44109000WZ0137
2024-07-26,10 ALL DE LA BOUSCARLE DE CETTI,44000.0,butas,98.0,3.0,3,455000.0,4643.0,1220.0,47.215663,-1.537425,44109000WZ0137
2025-09-11,9 ALL DU COLVERT,44000.0,butas,82.0,4.0,1,326000.0,3976.0,1220.0,47.215663,-1.537425,44109000WZ0137
2025-08-26,10 ALL DE LA BOUSCARLE DE CETTI,44000.0,butas,132.0,5.0,3,578000.0,4379.0,1220.0,47.215663,-1.537425,44109000WZ0137
2022-08-05,9 ALL DU COLVERT,44000.0,butas,63.0,3.0,0,145000.0,2302.0,1220.0,47.215663,-1.537425,44109000WZ0137
2021-07-20,10 ALL DE LA BOUSCARLE DE CETTI,44000.0,butas,64.0,3.0,1,300000.0,4688.0,1220.0,47.215663,-1.537425,44109000WZ0137
2025-09-22,9 ALL DU COLVERT,44000.0,butas,64.0,3.0,1,293000.0,4578.0,1220.0,47.215663,-1.537425,44109000WZ0137
2021-12-10,194 RUE GAL BUAT,44000.0,namas,90.0,5.0,1,730000.0,8111.0,1223.0,47.22498,-1.544598,44109000EV0245
2024-09-10,34 AV PRAUD,44300.0,butas,82.0,4.0,2,226000.0,2756.0,1224.0,47.230498,-1.514614,44109000BS0621
2024-02-14,4 RUE DU MOULIN NEUF,44300.0,butas,76.0,3.0,2,195000.0,2566.0,1224.0,47.230498,-1.514614,44109000BS0621
2024-08-08,32 AV PRAUD,44300.0,butas,61.0,3.0,2,160000.0,2623.0,1224.0,47.230498,-1.514614,44109000BS0621
2025-08-20,4 RUE DU MOULIN NEUF,44300.0,butas,82.0,4.0,2,150000.0,1829.0,1224.0,47.230498,-1.514614,44109000BS0621
2024-11-22,30 AV PRAUD,44300.0,butas,79.0,4.0,2,259000.0,3278.0,1224.0,47.230498,-1.514614,44109000BS0621
2023-02-10,28 AV PRAUD,44300.0,butas,79.0,4.0,2,219000.0,2772.0,1224.0,47.230498,-1.514614,44109000BS0621
2023-02-27,32 AV PRAUD,44300.0,butas,76.0,4.0,1,200000.0,2632.0,1224.0,47.230498,-1.514614,44109000BS0621
2023-08-09,28 AV PRAUD,44300.0,butas,82.0,4.0,2,240500.0,2933.0,1224.0,47.230498,-1.514614,44109000BS0621
2021-04-15,26 AV PRAUD,44300.0,butas,63.0,3.0,1,186000.0,2952.0,1224.0,47.230498,-1.514614,44109000BS0621
2024-05-03,18 AV PRAUD,44300.0,butas,50.0,2.0,2,145000.0,2900.0,1224.0,47.230498,-1.514614,44109000BS0621
2022-01-18,32 AV PRAUD,44300.0,butas,82.0,4.0,2,258954.0,3158.0,1224.0,47.230498,-1.514614,44109000BS0621
2023-05-26,28 AV PRAUD,44300.0,butas,79.0,4.0,2,213000.0,2696.0,1224.0,47.230498,-1.514614,44109000BS0621
2025-09-18,30 AV PRAUD,44300.0,butas,77.0,4.0,2,237000.0,3078.0,1224.0,47.230498,-1.514614,44109000BS0621
2021-10-01,34 AV PRAUD,44300.0,butas,79.0,4.0,2,185000.0,2342.0,1224.0,47.230498,-1.514614,44109000BS0621
2023-06-20,28 AV PRAUD,44300.0,butas,82.0,4.0,2,220000.0,2683.0,1224.0,47.230498,-1.514614,44109000BS0621
2022-03-29,4 RUE DU MOULIN NEUF,44300.0,butas,76.0,4.0,2,180000.0,2368.0,1224.0,47.230498,-1.514614,44109000BS0621
2021-02-12,22 AV PRAUD,44300.0,butas,89.0,5.0,1,180000.0,2022.0,1224.0,47.230498,-1.514614,44109000BS0621
2021-05-25,4 RUE DU MOULIN NEUF,44300.0,butas,61.0,3.0,2,216000.0,3541.0,1224.0,47.230498,-1.514614,44109000BS0621
2021-07-29,34 AV PRAUD,44300.0,butas,79.0,4.0,2,125000.0,1582.0,1224.0,47.230498,-1.514614,44109000BS0621
2021-10-29,4 RUE DU MOULIN NEUF,44300.0,butas,82.0,4.0,2,265000.0,3232.0,1224.0,47.230498,-1.514614,44109000BS0621
2023-07-07,34 AV PRAUD,44300.0,butas,79.0,4.0,2,280000.0,3544.0,1224.0,47.230498,-1.514614,44109000BS0621
2023-07-26,34 AV PRAUD,44300.0,butas,79.0,4.0,2,178000.0,2253.0,1224.0,47.230498,-1.514614,44109000BS0621
2023-08-07,32 AV PRAUD,44300.0,butas,61.0,3.0,1,180980.0,2967.0,1224.0,47.230498,-1.514614,44109000BS0621
2023-07-24,2 RUE DU MOULIN NEUF,44300.0,butas,61.0,3.0,2,194000.0,3180.0,1224.0,47.230498,-1.514614,44109000BS0621
2021-11-12,32 AV PRAUD,44300.0,butas,61.0,3.0,2,203000.0,3328.0,1224.0,47.230498,-1.514614,44109000BS0621
2022-08-30,34 AV PRAUD,44300.0,butas,76.0,4.0,2,254528.0,3349.0,1224.0,47.230498,-1.514614,44109000BS0621
2023-05-05,32 AV PRAUD,44300.0,butas,76.0,4.0,2,224500.0,2954.0,1224.0,47.230498,-1.514614,44109000BS0621
2023-01-30,4 RUE DU MOULIN NEUF,44300.0,butas,76.0,4.0,2,295000.0,3882.0,1224.0,47.230498,-1.514614,44109000BS0621
2023-06-30,22 AV PRAUD,44300.0,butas,89.0,5.0,2,305000.0,3427.0,1224.0,47.230498,-1.514614,44109000BS0621
2021-01-18,32 AV PRAUD,44300.0,butas,76.0,4.0,1,209000.0,2750.0,1224.0,47.230498,-1.514614,44109000BS0621
2025-04-02,28 AV PRAUD,44300.0,butas,76.0,4.0,1,210000.0,2763.0,1224.0,47.230498,-1.514614,44109000BS0621
2025-03-31,30 AV PRAUD,44300.0,butas,61.0,3.0,2,138000.0,2262.0,1224.0,47.230498,-1.514614,44109000BS0621
2022-11-04,16 AV PRAUD,44300.0,butas,38.0,1.0,2,115000.0,3026.0,1224.0,47.230498,-1.514614,44109000BS0621
2022-03-08,19 RUE DE LA MICHAUDIERE,44300.0,namas,140.0,6.0,0,620000.0,4429.0,1225.0,47.235683,-1.53034,44109000AZ0493
2022-11-29,20 BD JULES VERNE,44300.0,butas,42.0,2.0,1,135000.0,3214.0,1225.0,47.234943,-1.534539,44109000AZ0426
2024-02-19,20 BD JULES VERNE,44300.0,butas,62.0,3.0,1,264990.0,4274.0,1225.0,47.234943,-1.534539,44109000AZ0426
2025-03-27,6 RUE DU BAS LANDREAU,44300.0,namas,240.0,7.0,1,950000.0,3958.0,1226.0,47.232329,-1.516639,44109000BE0236
2025-06-09,4 AV CLAUDE KOGAN,44300.0,namas,55.0,4.0,0,303200.0,5513.0,1227.0,47.235744,-1.527164,44109000BC0139
2025-06-11,16 RUE DU MOULIN NEUF,44300.0,namas,77.0,4.0,0,320000.0,4156.0,1229.0,47.231603,-1.51566,44109000BS0401
2021-08-03,18 AV DES ORCHIDEES,44300.0,namas,93.0,4.0,0,375000.0,4032.0,1229.0,47.224939,-1.512164,44109000BT0371
2025-01-28,28 RLE MORAND,44000.0,namas,81.0,2.0,0,450000.0,5556.0,1230.0,47.232498,-1.540031,44109000BY0574
2023-01-17,6 RUE DE LA MICHAUDIERE,44300.0,butas,91.0,4.0,3,324500.0,3566.0,1231.0,47.235804,-1.529017,44109000AY0201
2024-01-25,4 RUE DE LA MICHAUDIERE,44300.0,butas,92.0,4.0,3,250000.0,2717.0,1231.0,47.235804,-1.529017,44109000AY0201
2025-08-01,61 RUE DE LA MARRIERE,44300.0,butas,78.0,3.0,2,254000.0,3256.0,1231.0,47.235804,-1.529017,44109000AY0201
2022-03-08,61 RUE DE LA MARRIERE,44300.0,butas,78.0,3.0,2,185000.0,2372.0,1231.0,47.235804,-1.529017,44109000AY0201
2025-11-05,2 RUE DE LA MICHAUDIERE,44300.0,butas,78.0,3.0,2,215000.0,2756.0,1231.0,47.235804,-1.529017,44109000AY0201
2021-03-30,21 RUE DE LA MICHAUDIERE,44300.0,namas,147.0,6.0,0,585000.0,3980.0,1232.0,47.235737,-1.530458,44109000AZ0492
2023-08-02,43 AV ARMAND BOUVIER,44000.0,butas,49.0,2.0,1,180000.0,3673.0,1232.0,47.233301,-1.538777,44109000BY0535
2023-11-06,43 AV ARMAND BOUVIER,44000.0,butas,54.0,2.0,2,119450.0,2212.0,1232.0,47.233301,-1.538777,44109000BY0535
2023-03-10,43 AV ARMAND BOUVIER,44000.0,butas,28.0,2.0,1,90000.0,3214.0,1232.0,47.233301,-1.538777,44109000BY0535
2021-05-31,42 AV ARMAND BOUVIER,44000.0,namas,90.0,3.0,0,447546.0,4973.0,1232.0,47.233161,-1.539017,44109000BY0248
2024-09-16,17 AV VIOLAIN,44000.0,namas,92.0,3.0,0,404000.0,4391.0,1233.0,47.231605,-1.541234,44109000BY0340
2025-12-29,4 AV GEORGES BRASSENS,44300.0,namas,64.0,3.0,0,295000.0,4609.0,1234.0,47.231471,-1.515441,44109000BS0403
2023-01-24,19 BD DES BELGES,44300.0,namas,91.0,4.0,0,515000.0,5659.0,1234.0,47.233888,-1.537681,44109000BY0163
2023-09-25,55 RUE DE LA MOISDONNIERE,44300.0,butas,55.0,3.0,2,211000.0,3836.0,1235.0,47.235293,-1.533521,44109000AZ0449
2022-07-29,55 RUE DE LA MOISDONNIERE,44300.0,butas,56.0,3.0,1,202000.0,3607.0,1235.0,47.235293,-1.533521,44109000AZ0449
2022-09-08,55 RUE DE LA MOISDONNIERE,44300.0,butas,40.0,2.0,1,157000.0,3925.0,1235.0,47.235293,-1.533521,44109000AZ0449
2024-06-13,55 RUE DE LA MOISDONNIERE,44300.0,butas,30.0,1.0,1,109000.0,3633.0,1235.0,47.235293,-1.533521,44109000AZ0449
2022-07-20,13 AV DES LEVRIERS,44300.0,namas,103.0,5.0,0,499000.0,4845.0,1235.0,47.233516,-1.518391,44109000BE0365
2023-12-15,55 RUE DE LA MOISDONNIERE,44300.0,butas,30.0,1.0,1,75000.0,2500.0,1235.0,47.235293,-1.533521,44109000AZ0449
2021-07-23,21 BD DE BERLIN,44000.0,butas,48.0,2.0,0,118305.0,2465.0,1237.0,47.21605,-1.538578,44109000WZ0135
2021-03-31,21 BD DE BERLIN,44000.0,butas,48.0,2.0,0,121619.33,2534.0,1237.0,47.21605,-1.538578,44109000WZ0135
2021-03-15,21 BD DE BERLIN,44000.0,butas,65.0,3.0,0,164340.0,2528.0,1237.0,47.21605,-1.538578,44109000WZ0135
2022-02-18,21 BD DE BERLIN,44000.0,butas,48.0,2.0,0,116130.0,2419.0,1237.0,47.21605,-1.538578,44109000WZ0135
2021-05-20,21 BD DE BERLIN,44000.0,butas,65.0,3.0,0,161200.55,2480.0,1237.0,47.21605,-1.538578,44109000WZ0135
2023-08-04,21 BD DE BERLIN,44000.0,butas,48.0,2.0,0,156449.1,3259.0,1237.0,47.21605,-1.538578,44109000WZ0135
2021-03-31,21 BD DE BERLIN,44000.0,butas,37.0,2.0,0,102119.59,2760.0,1237.0,47.21605,-1.538578,44109000WZ0135
2021-05-11,21 BD DE BERLIN,44000.0,butas,65.0,3.0,0,155420.36,2391.0,1237.0,47.21605,-1.538578,44109000WZ0135
2021-12-23,8 RUE DU BAS LANDREAU,44300.0,namas,170.0,5.0,1,550000.0,3235.0,1237.0,47.23249,-1.516669,44109000BE0569
2021-03-31,21 BD DE BERLIN,44000.0,butas,79.0,4.0,0,189090.0,2394.0,1237.0,47.21605,-1.538578,44109000WZ0135
2021-08-26,21 BD DE BERLIN,44000.0,butas,130.0,5.0,1,639530.0,4919.0,1237.0,47.21605,-1.538578,44109000WZ0135
2021-03-23,21 BD DE BERLIN,44000.0,butas,79.0,4.0,0,181650.8,2299.0,1237.0,47.21605,-1.538578,44109000WZ0135
2021-03-26,21 BD DE BERLIN,44000.0,butas,79.0,4.0,0,199101.73,2520.0,1237.0,47.21605,-1.538578,44109000WZ0135
2021-08-02,21 BD DE BERLIN,44000.0,butas,65.0,3.0,0,167846.6,2582.0,1237.0,47.21605,-1.538578,44109000WZ0135
2021-03-18,21 BD DE BERLIN,44000.0,butas,79.0,4.0,0,194091.64,2457.0,1237.0,47.21605,-1.538578,44109000WZ0135
2021-03-19,21 BD DE BERLIN,44000.0,butas,65.0,3.0,0,162865.72,2506.0,1237.0,47.21605,-1.538578,44109000WZ0135
2021-08-19,21 BD DE BERLIN,44000.0,butas,65.0,3.0,0,159753.33,2458.0,1237.0,47.21605,-1.538578,44109000WZ0135
2021-03-17,21 BD DE BERLIN,44000.0,butas,65.0,3.0,0,153180.28,2357.0,1237.0,47.21605,-1.538578,44109000WZ0135
2021-06-03,21 BD DE BERLIN,44000.0,butas,65.0,3.0,0,147319.05,2266.0,1237.0,47.21605,-1.538578,44109000WZ0135
2022-04-22,21 BD DE BERLIN,44000.0,butas,48.0,2.0,0,117705.65,2452.0,1237.0,47.21605,-1.538578,44109000WZ0135
2023-01-25,21 BD DE BERLIN,44000.0,butas,54.0,2.0,1,280000.0,5185.0,1237.0,47.21605,-1.538578,44109000WZ0135
2021-04-14,21 BD DE BERLIN,44000.0,butas,48.0,2.0,0,122484.05,2552.0,1237.0,47.21605,-1.538578,44109000WZ0135
2021-01-21,21 BD DE BERLIN,44000.0,butas,48.0,2.0,0,121000.0,2521.0,1237.0,47.21605,-1.538578,44109000WZ0135
2021-06-28,21 BD DE BERLIN,44000.0,butas,79.0,4.0,0,183761.4,2326.0,1237.0,47.21605,-1.538578,44109000WZ0135
2022-05-03,3 RUE GUILLET DE LA BROSSE,44000.0,butas,30.0,2.0,0,154000.0,5133.0,1238.0,47.229023,-1.54354,44109000BZ0670
2023-07-25,16 RUE DESAIX,44000.0,butas,29.0,2.0,1,130000.0,4483.0,1241.0,47.227567,-1.544304,44109000BZ0216
2023-10-18,38 RUE MORAND,44000.0,butas,23.0,1.0,2,117800.0,5122.0,1243.0,47.232363,-1.540452,44109000BY0567
2022-04-21,38 RUE MORAND,44000.0,butas,23.0,1.0,2,115000.0,5000.0,1243.0,47.232363,-1.540452,44109000BY0567
2024-05-13,38 RUE MORAND,44000.0,butas,23.0,1.0,2,105000.0,4565.0,1243.0,47.232363,-1.540452,44109000BY0567
2022-09-06,4 RUE D ESPAGNE,44000.0,butas,34.0,2.0,0,107000.0,3147.0,1243.0,47.228956,-1.543658,44109000BZ0717
2021-08-27,38 RUE MORAND,44000.0,butas,24.0,1.0,2,110000.0,4583.0,1243.0,47.232363,-1.540452,44109000BY0567
2025-01-15,38 RUE MORAND,44000.0,butas,75.0,4.0,2,180000.0,2400.0,1243.0,47.232363,-1.540452,44109000BY0567
2021-07-28,38 RUE MORAND,44000.0,butas,45.0,2.0,2,200000.0,4444.0,1243.0,47.232363,-1.540452,44109000BY0567
2024-02-20,38 RUE MORAND,44000.0,butas,23.0,1.0,2,100000.0,4348.0,1243.0,47.232363,-1.540452,44109000BY0567
2021-10-05,38 RUE MORAND,44000.0,butas,23.0,1.0,2,100000.0,4348.0,1243.0,47.232363,-1.540452,44109000BY0567
2024-03-21,38 RUE MORAND,44000.0,butas,45.0,2.0,2,190000.0,4222.0,1243.0,47.232363,-1.540452,44109000BY0567
2022-04-29,38 RUE MORAND,44000.0,butas,75.0,4.0,2,280000.0,3733.0,1243.0,47.232363,-1.540452,44109000BY0567
2021-01-28,38 RUE MORAND,44000.0,butas,75.0,4.0,1,279000.0,3720.0,1243.0,47.232363,-1.540452,44109000BY0567
2025-03-26,38 RUE MORAND,44000.0,butas,45.0,2.0,2,160000.0,3556.0,1243.0,47.232363,-1.540452,44109000BY0567
2021-07-30,38 RUE MORAND,44000.0,butas,75.0,4.0,2,285000.0,3800.0,1243.0,47.232363,-1.540452,44109000BY0567
2025-08-18,38 RUE MORAND,44000.0,butas,75.0,4.0,2,308860.0,4118.0,1243.0,47.232363,-1.540452,44109000BY0567
2025-05-14,143 RUE GAL BUAT,44000.0,namas,160.0,5.0,1,517000.0,3231.0,1244.0,47.223892,-1.544825,44109000ET0044
2021-11-03,198 RUE GAL BUAT,44000.0,butas,27.0,1.0,0,116000.0,4296.0,1246.0,47.224566,-1.544895,44109000EV0528
2022-04-28,198 RUE GAL BUAT,44000.0,butas,36.0,2.0,1,144500.0,4014.0,1246.0,47.224566,-1.544895,44109000EV0528
2022-07-05,198 RUE GAL BUAT,44000.0,butas,56.0,3.0,1,263000.0,4696.0,1246.0,47.224566,-1.544895,44109000EV0528
2021-02-02,198 RUE GAL BUAT,44000.0,butas,46.0,2.0,1,156000.0,3391.0,1246.0,47.224566,-1.544895,44109000EV0528
2023-06-23,198 RUE GAL BUAT,44000.0,butas,25.0,1.0,0,128500.0,5140.0,1246.0,47.224566,-1.544895,44109000EV0528
2021-06-04,198 RUE GAL BUAT,44000.0,butas,29.0,1.0,0,112500.0,3879.0,1246.0,47.224566,-1.544895,44109000EV0528
2024-04-18,198 RUE GAL BUAT,44000.0,butas,56.0,3.0,1,209000.0,3732.0,1246.0,47.224566,-1.544895,44109000EV0528
2022-01-14,198 RUE GAL BUAT,44000.0,butas,30.0,1.0,0,123000.0,4100.0,1246.0,47.224566,-1.544895,44109000EV0528
2021-07-27,198 RUE GAL BUAT,44000.0,butas,50.0,2.0,1,186000.0,3720.0,1246.0,47.224566,-1.544895,44109000EV0528
2023-07-06,198 RUE GAL BUAT,44000.0,butas,53.0,3.0,1,253000.0,4774.0,1246.0,47.224566,-1.544895,44109000EV0528
2021-03-15,198 RUE GAL BUAT,44000.0,butas,34.0,2.0,1,140000.0,4118.0,1246.0,47.224566,-1.544895,44109000EV0528
2025-12-19,12 BD DES BELGES,44300.0,butas,73.0,4.0,0,299000.0,4096.0,1248.0,47.234252,-1.537186,44109000AZ0305
2021-02-09,8 AV VIOLAIN,44000.0,namas,140.0,6.0,0,785000.0,5607.0,1249.0,47.231246,-1.541899,44109000BY0712
2025-07-25,18 RUE DES SETTERS,44300.0,namas,129.0,6.0,0,565000.0,4380.0,1249.0,47.233515,-1.518104,44109000BE0363
2024-06-25,62 RUE DE LA MOISDONNIERE,44300.0,namas,168.0,6.0,0,700000.0,4167.0,1252.0,47.235589,-1.532889,44109000AZ0463
2021-04-01,31 RUE DE LA MICHAUDIERE,44300.0,butas,70.0,4.0,0,195000.0,2786.0,1253.0,47.235777,-1.531802,44109000AZ0475
2023-04-26,37 RUE DE LA MICHAUDIERE,44300.0,butas,85.0,5.0,1,271000.0,3188.0,1253.0,47.235777,-1.531802,44109000AZ0475
2022-12-23,33 RUE DE LA MICHAUDIERE,44300.0,butas,70.0,4.0,1,190000.0,2714.0,1253.0,47.235777,-1.531802,44109000AZ0475
2025-02-28,37 RUE DE LA MICHAUDIERE,44300.0,butas,85.0,5.0,1,150100.0,1766.0,1253.0,47.235777,-1.531802,44109000AZ0475
2023-12-28,33 RUE DE LA MICHAUDIERE,44300.0,butas,68.0,4.0,1,186010.0,2735.0,1253.0,47.235777,-1.531802,44109000AZ0475
2023-12-19,39 RUE DE LA MICHAUDIERE,44300.0,butas,70.0,4.0,1,140250.0,2004.0,1253.0,47.235777,-1.531802,44109000AZ0475
2021-06-03,39 RUE DE LA MICHAUDIERE,44300.0,butas,68.0,4.0,1,200000.0,2941.0,1253.0,47.235777,-1.531802,44109000AZ0475
2025-05-16,14 RUE DES SETTERS,44300.0,namas,170.0,7.0,0,640000.0,3765.0,1253.0,47.233341,-1.517696,44109000BE0402
2023-04-25,31 RUE DE LA MICHAUDIERE,44300.0,butas,68.0,4.0,1,165000.0,2426.0,1253.0,47.235777,-1.531802,44109000AZ0475
2023-06-27,37 RUE DE LA MICHAUDIERE,44300.0,butas,94.0,6.0,1,290000.0,3085.0,1253.0,47.235777,-1.531802,44109000AZ0475
2024-04-03,39 RUE DE LA MICHAUDIERE,44300.0,butas,68.0,4.0,1,197800.0,2909.0,1253.0,47.235777,-1.531802,44109000AZ0475
2021-03-30,33 RUE DE LA MICHAUDIERE,44300.0,butas,70.0,4.0,0,144450.0,2064.0,1253.0,47.235777,-1.531802,44109000AZ0475
2025-08-29,39 RUE DE LA MICHAUDIERE,44300.0,butas,68.0,4.0,1,118800.0,1747.0,1253.0,47.235777,-1.531802,44109000AZ0475
2021-06-30,39 RUE DE LA MICHAUDIERE,44300.0,butas,70.0,4.0,1,200000.0,2857.0,1253.0,47.235777,-1.531802,44109000AZ0475
2022-12-09,31 RUE DE LA MICHAUDIERE,44300.0,butas,58.0,3.0,1,135000.0,2328.0,1253.0,47.235777,-1.531802,44109000AZ0475
2021-02-03,39 RUE DE LA MICHAUDIERE,44300.0,butas,70.0,4.0,0,91765.0,1311.0,1253.0,47.235777,-1.531802,44109000AZ0475
2022-03-29,31 RUE DE LA MICHAUDIERE,44300.0,butas,68.0,4.0,1,195000.0,2868.0,1253.0,47.235777,-1.531802,44109000AZ0475
2021-02-02,35 RUE DE LA MICHAUDIERE,44300.0,butas,70.0,4.0,0,183000.0,2614.0,1253.0,47.235777,-1.531802,44109000AZ0475
2024-05-29,37 RUE DE LA MICHAUDIERE,44300.0,butas,44.0,2.0,1,135450.0,3078.0,1253.0,47.235777,-1.531802,44109000AZ0475
2022-09-27,36 AV JACQUES AUNEAU,44300.0,namas,80.0,3.0,1,417000.0,5212.0,1253.0,47.235805,-1.525234,44109000BC0212
2022-10-25,39 RUE DE LA MICHAUDIERE,44300.0,butas,68.0,4.0,1,181500.0,2669.0,1253.0,47.235777,-1.531802,44109000AZ0475
2021-08-26,39 RUE DE LA MICHAUDIERE,44300.0,butas,68.0,4.0,1,210000.0,3088.0,1253.0,47.235777,-1.531802,44109000AZ0475
2021-08-11,82 RUE DE LA MARRIERE,44300.0,namas,80.0,6.0,0,638600.0,7982.0,1255.0,47.235999,-1.527193,44109000BC0133
2022-12-28,92 RUE GASTON TURPIN,44000.0,namas,150.0,7.0,1,927835.0,6186.0,1256.0,47.222089,-1.544569,44109000ET0028
2021-09-01,2 AV JACQUES TATI,44300.0,namas,81.0,4.0,0,290000.0,3580.0,1257.0,47.231471,-1.51506,44109000BS0419
2021-12-10,64 RUE DE LA MOISDONNIERE,44300.0,namas,180.0,7.0,0,764520.0,4247.0,1259.0,47.235636,-1.532987,44109000AZ0464
2022-06-03,6 AV JACQUES BREL,44300.0,namas,77.0,4.0,0,350000.0,4545.0,1260.0,47.231072,-1.514585,44109000BS0512
2024-10-11,34 AV JACQUES AUNEAU,44300.0,namas,49.0,3.0,0,240600.0,4910.0,1260.0,47.235867,-1.525267,44109000BC0211
2024-09-27,63 RUE DUFOUR,44000.0,butas,31.0,2.0,1,127000.0,4097.0,1261.0,47.224261,-1.545086,44109000EV0250
2022-11-04,63 RUE DUFOUR,44000.0,butas,31.0,2.0,0,126100.0,4068.0,1261.0,47.224261,-1.545086,44109000EV0250
2022-07-18,13 BD JULES VERNE,44300.0,butas,46.0,2.0,0,135800.0,2952.0,1262.0,47.235093,-1.535292,44109000AZ0388
2021-10-14,13 BD JULES VERNE,44300.0,butas,101.0,4.0,2,532000.0,5267.0,1262.0,47.235093,-1.535292,44109000AZ0388
2023-11-27,13 BD JULES VERNE,44300.0,butas,23.0,1.0,0,112010.0,4870.0,1262.0,47.235093,-1.535292,44109000AZ0388
2025-06-02,14 BD DES BELGES,44300.0,namas,88.0,4.0,0,580000.0,6591.0,1263.0,47.234315,-1.537415,44109000AZ0304
2023-05-15,65 RUE DE LA MARRIERE,44300.0,butas,43.0,2.0,2,179000.0,4163.0,1265.0,47.236123,-1.528498,44109000AY0275
2024-07-09,5 RUE GUILLET DE LA BROSSE,44000.0,namas,174.0,8.0,0,720000.0,4138.0,1265.0,47.229292,-1.543764,44109000BZ0148
2024-07-05,10 RUE D ESPAGNE,44000.0,namas,70.0,4.0,0,280000.0,4000.0,1266.0,47.228916,-1.544007,44109000BZ0141
2021-05-19,128 RTE DE STE-LUCE,44300.0,butas,65.0,3.0,1,190000.0,2923.0,1267.0,47.234487,-1.519727,44109000BE0244
2022-06-17,90 RUE GAMBETTA,44000.0,butas,45.0,2.0,1,189175.0,4204.0,1267.0,47.221276,-1.544372,44109000ET0362
2021-02-18,36 AV CAMILLE GUERIN,44000.0,butas,49.0,2.0,1,200000.0,4082.0,1267.0,47.230684,-1.542723,44109000BY0397
2021-02-11,128 RTE DE STE-LUCE,44300.0,butas,48.0,2.0,1,145000.0,3021.0,1267.0,47.234487,-1.519727,44109000BE0244
2021-01-11,128 RTE DE STE-LUCE,44300.0,butas,51.0,2.0,1,135000.0,2647.0,1267.0,47.234487,-1.519727,44109000BE0244
2021-09-17,36 AV CAMILLE GUERIN,44000.0,butas,101.0,4.0,2,540000.0,5347.0,1267.0,47.230684,-1.542723,44109000BY0397
2022-02-28,128 RTE DE STE-LUCE,44300.0,butas,64.0,3.0,1,265000.0,4141.0,1267.0,47.234487,-1.519727,44109000BE0244
2021-09-20,128 RTE DE STE-LUCE,44300.0,butas,45.0,2.0,1,175000.0,3889.0,1267.0,47.234487,-1.519727,44109000BE0244
2025-07-16,128 RTE DE STE-LUCE,44300.0,butas,65.0,3.0,2,248000.0,3815.0,1267.0,47.234487,-1.519727,44109000BE0244
2025-10-28,128 RTE DE STE-LUCE,44300.0,butas,48.0,2.0,1,173000.0,3604.0,1267.0,47.234487,-1.519727,44109000BE0244
2022-11-29,128 RTE DE STE-LUCE,44300.0,butas,67.0,3.0,1,230000.0,3433.0,1267.0,47.234487,-1.519727,44109000BE0244
2024-09-11,128 RTE DE STE-LUCE,44300.0,butas,65.0,3.0,2,205000.0,3154.0,1267.0,47.234487,-1.519727,44109000BE0244
2021-11-10,128 RTE DE STE-LUCE,44300.0,butas,48.0,2.0,1,150000.0,3125.0,1267.0,47.234487,-1.519727,44109000BE0244
2025-09-30,128 RTE DE STE-LUCE,44300.0,butas,70.0,3.0,1,213000.0,3043.0,1267.0,47.234487,-1.519727,44109000BE0244
2025-10-30,44 RUE MORAND,44000.0,butas,30.0,2.0,0,90000.0,3000.0,1268.0,47.232308,-1.540979,44109000BY0310
2023-01-16,44 RUE MORAND,44000.0,butas,31.0,1.0,1,115000.0,3710.0,1268.0,47.232308,-1.540979,44109000BY0310
2025-06-20,44 RUE MORAND,44000.0,butas,48.0,2.0,0,160000.0,3333.0,1268.0,47.232308,-1.540979,44109000BY0310
2024-11-15,44 RUE MORAND,44000.0,butas,48.0,2.0,1,136200.0,2838.0,1268.0,47.232308,-1.540979,44109000BY0310
2021-11-18,16 BD DES BELGES,44300.0,namas,86.0,3.0,0,458500.0,5331.0,1269.0,47.234338,-1.53752,44109000AZ0303
2023-06-30,25 RUE ST-ROGATIEN,44000.0,namas,126.0,6.0,1,606000.0,4810.0,1269.0,47.227674,-1.544641,44109000BZ0220
2021-10-15,57 RUE DE LA MOISDONNIERE,44300.0,namas,103.0,4.0,1,535000.0,5194.0,1269.0,47.235574,-1.533729,44109000AZ0866
2024-10-29,54 RUE DU LANDREAU,44300.0,namas,80.0,4.0,0,305000.0,3812.0,1269.0,47.231902,-1.515337,44109000BS0408
2021-06-18,96 RUE GASTON TURPIN,44000.0,butas,53.0,3.0,1,175000.0,3302.0,1270.0,47.221876,-1.544673,44109000ET0262
2023-08-24,94 RUE GASTON TURPIN,44000.0,butas,26.0,1.0,1,90000.0,3462.0,1271.0,47.222063,-1.544759,44109000ET0261
2021-09-22,94 RUE GASTON TURPIN,44000.0,butas,67.0,3.0,1,340000.0,5075.0,1271.0,47.222063,-1.544759,44109000ET0261
2021-07-27,15 BD JULES VERNE,44300.0,butas,70.0,3.0,1,270000.0,3857.0,1271.0,47.235202,-1.535207,44109000AZ0387
2021-09-10,94 RUE GASTON TURPIN,44000.0,butas,39.0,2.0,1,120000.0,3077.0,1271.0,47.222063,-1.544759,44109000ET0261
2023-12-11,94 RUE GASTON TURPIN,44000.0,butas,28.0,1.0,0,90000.0,3214.0,1271.0,47.222063,-1.544759,44109000ET0261
2021-03-16,15 BD JULES VERNE,44300.0,butas,47.0,2.0,1,185000.0,3936.0,1271.0,47.235202,-1.535207,44109000AZ0387
2024-01-03,7 RUE DU CHER,44000.0,butas,48.0,2.0,1,190000.0,3958.0,1272.0,47.214142,-1.534657,44109000WZ0075
2024-02-23,7 RUE DU CHER,44000.0,butas,67.0,3.0,1,242510.0,3620.0,1272.0,47.214142,-1.534657,44109000WZ0075
2022-07-12,7 RUE DU CHER,44000.0,butas,51.0,2.0,1,184000.0,3608.0,1272.0,47.214142,-1.534657,44109000WZ0075
2021-07-12,7 RUE DU CHER,44000.0,butas,98.0,4.0,1,325000.0,3316.0,1272.0,47.214142,-1.534657,44109000WZ0075
2021-09-29,7 RUE DU CHER,44000.0,butas,52.0,2.0,1,166000.0,3192.0,1272.0,47.214142,-1.534657,44109000WZ0075
2025-08-21,7 RUE DU CHER,44000.0,butas,67.0,3.0,1,206500.0,3082.0,1272.0,47.214142,-1.534657,44109000WZ0075
2024-06-07,7 RUE DU CHER,44000.0,butas,67.0,3.0,1,232000.0,3463.0,1272.0,47.214142,-1.534657,44109000WZ0075
2025-04-18,7 RUE DU CHER,44000.0,butas,71.0,3.0,1,215000.0,3028.0,1272.0,47.214142,-1.534657,44109000WZ0075
2024-10-02,7 RUE DU CHER,44000.0,butas,44.0,2.0,1,163000.0,3705.0,1272.0,47.214142,-1.534657,44109000WZ0075
2025-07-10,7 RUE DU CHER,44000.0,butas,71.0,3.0,1,200000.0,2817.0,1272.0,47.214142,-1.534657,44109000WZ0075
2025-09-10,7 RUE DU CHER,44000.0,butas,44.0,2.0,1,185000.0,4205.0,1272.0,47.214142,-1.534657,44109000WZ0075
2022-12-15,45 RUE MORAND,44000.0,butas,69.0,3.0,2,308669.0,4473.0,1278.0,47.231866,-1.541692,44109000BY0333
2025-03-25,47 RUE MORAND,44000.0,butas,42.0,2.0,2,163500.0,3893.0,1278.0,47.231866,-1.541692,44109000BY0333
2022-06-29,26 AV JACQUES AUNEAU,44300.0,namas,65.0,4.0,0,344500.0,5300.0,1279.0,47.236088,-1.52562,44109000BC0207
2024-05-31,109 RUE GASTON TURPIN,44000.0,butas,61.0,3.0,2,200000.0,3279.0,1279.0,47.22131,-1.544562,44109000ET0265
2022-01-20,26 AV JACQUES AUNEAU,44300.0,namas,65.0,4.0,0,285000.0,4385.0,1279.0,47.236088,-1.52562,44109000BC0207
2024-07-25,30 AV ARMAND BOUVIER,44000.0,namas,84.0,4.0,0,417000.0,4964.0,1279.0,47.233223,-1.539853,44109000BY0239
2025-12-29,44 RUE MORAND,44000.0,namas,225.0,6.0,1,870000.0,3867.0,1281.0,47.232576,-1.54085,44109000BY0309
2021-02-08,24 AV JACQUES AUNEAU,44300.0,namas,92.0,4.0,0,475000.0,5163.0,1282.0,47.23612,-1.525696,44109000BC0206
2023-06-19,32 BD JULES VERNE,44300.0,butas,43.0,2.0,1,155000.0,3605.0,1283.0,47.235663,-1.533894,44109000AZ0869
2022-05-03,32 BD JULES VERNE,44300.0,butas,40.0,2.0,1,167000.0,4175.0,1283.0,47.235663,-1.533894,44109000AZ0869
2025-09-30,32 BD JULES VERNE,44300.0,butas,84.0,4.0,2,300000.0,3571.0,1283.0,47.235663,-1.533894,44109000AZ0869
2022-12-14,32 BD JULES VERNE,44300.0,butas,41.0,2.0,1,173000.0,4220.0,1283.0,47.235663,-1.533894,44109000AZ0869
2022-07-07,71 RUE DU COUDRAY,44000.0,butas,90.0,6.0,2,450000.0,5000.0,1284.0,47.229194,-1.544104,44109000BZ0694
2023-03-15,69 RUE DU COUDRAY,44000.0,butas,60.0,3.0,2,225000.0,3750.0,1284.0,47.229194,-1.544104,44109000BZ0694
2024-01-03,71 RUE DU COUDRAY,44000.0,butas,71.0,4.0,2,316000.0,4451.0,1284.0,47.229194,-1.544104,44109000BZ0694
2022-02-16,69 RUE DU COUDRAY,44000.0,butas,75.0,4.0,2,280000.0,3733.0,1284.0,47.229194,-1.544104,44109000BZ0694
2021-07-30,71 RUE DU COUDRAY,44000.0,butas,71.0,4.0,1,273000.0,3845.0,1284.0,47.229194,-1.544104,44109000BZ0694
2025-03-31,71 RUE DU COUDRAY,44000.0,butas,131.0,5.0,2,325000.0,2481.0,1284.0,47.229194,-1.544104,44109000BZ0694
2023-02-21,71 RUE DU COUDRAY,44000.0,butas,71.0,4.0,1,240000.0,3380.0,1284.0,47.229194,-1.544104,44109000BZ0694
2022-04-27,69 RUE DU COUDRAY,44000.0,butas,76.0,4.0,2,285000.0,3750.0,1284.0,47.229194,-1.544104,44109000BZ0694
2021-10-29,71 RUE DU COUDRAY,44000.0,butas,71.0,3.0,2,257500.0,3627.0,1284.0,47.229194,-1.544104,44109000BZ0694
2021-07-27,71 RUE DU COUDRAY,44000.0,butas,70.0,4.0,2,328000.0,4686.0,1284.0,47.229194,-1.544104,44109000BZ0694
2022-06-30,100 RUE GASTON TURPIN,44000.0,namas,180.0,8.0,2,1162500.0,6458.0,1284.0,47.221767,-1.544824,44109000ET0403
2021-08-17,71 RUE DU COUDRAY,44000.0,butas,69.0,4.0,2,225000.0,3261.0,1284.0,47.229194,-1.544104,44109000BZ0694
2021-03-19,45 RUE DU COUDRAY,44000.0,butas,49.0,2.0,1,190000.0,3878.0,1286.0,47.231479,-1.542262,44109000BY0416
2022-03-30,45 RUE DU COUDRAY,44000.0,butas,49.0,2.0,2,140000.0,2857.0,1286.0,47.231479,-1.542262,44109000BY0416
2022-07-08,45 RUE DU COUDRAY,44000.0,butas,33.0,1.0,2,132000.0,4000.0,1286.0,47.231479,-1.542262,44109000BY0416
2023-03-24,45 RUE DU COUDRAY,44000.0,butas,62.0,3.0,2,283000.0,4565.0,1286.0,47.231479,-1.542262,44109000BY0416
2021-11-03,45 RUE DU COUDRAY,44000.0,butas,62.0,3.0,2,205000.0,3306.0,1286.0,47.231479,-1.542262,44109000BY0416
2022-07-18,48 RUE MORAND,44000.0,namas,110.0,4.0,0,720000.0,6545.0,1287.0,47.232328,-1.541286,44109000BY0312
2022-08-17,81 RUE DU COUDRAY,44000.0,namas,90.0,4.0,0,440000.0,4889.0,1287.0,47.22817,-1.54469,44109000BZ0239
2021-10-01,25 AV JACQUES AUNEAU,44300.0,namas,72.0,3.0,0,360000.0,5000.0,1290.0,47.236106,-1.524948,44109000BC0218
2022-11-22,45 BD DES BELGES,44300.0,butas,33.0,1.0,2,120000.0,3636.0,1290.0,47.233901,-1.538898,44109000BY0152
2022-04-08,23 BD JULES VERNE,44300.0,butas,48.0,2.0,1,188000.0,3917.0,1292.0,47.235429,-1.535136,44109000AZ0386
2022-01-21,23 BD JULES VERNE,44300.0,butas,51.0,2.0,1,250000.0,4902.0,1292.0,47.235429,-1.535136,44109000AZ0386
2023-03-07,23 BD JULES VERNE,44300.0,butas,48.0,2.0,1,144301.0,3006.0,1292.0,47.235429,-1.535136,44109000AZ0386
2021-12-01,23 BD JULES VERNE,44300.0,butas,71.0,3.0,1,218000.0,3070.0,1292.0,47.235429,-1.535136,44109000AZ0386
2021-10-18,23 BD JULES VERNE,44300.0,butas,65.0,3.0,1,230000.0,3538.0,1292.0,47.235429,-1.535136,44109000AZ0386
2021-10-29,22 RUE DE LA MICHAUDIERE,44300.0,butas,95.0,5.0,2,279600.0,2943.0,1293.0,47.236342,-1.529636,44109000AY0151
2024-10-15,22 RUE DE LA MICHAUDIERE,44300.0,butas,44.0,2.0,2,120000.0,2727.0,1293.0,47.236342,-1.529636,44109000AY0151
2025-02-07,22 RUE DE LA MICHAUDIERE,44300.0,butas,65.0,3.0,2,163000.0,2508.0,1293.0,47.236342,-1.529636,44109000AY0151
2021-08-25,20 RUE DE LA MICHAUDIERE,44300.0,butas,63.0,3.0,2,180000.0,2857.0,1293.0,47.236342,-1.529636,44109000AY0151
2024-11-08,22 RUE DE LA MICHAUDIERE,44300.0,butas,74.0,4.0,2,220000.0,2973.0,1293.0,47.236342,-1.529636,44109000AY0151
2024-02-16,22 RUE DE LA MICHAUDIERE,44300.0,butas,65.0,3.0,2,170000.0,2615.0,1293.0,47.236342,-1.529636,44109000AY0151
2023-01-18,22 RUE DE LA MICHAUDIERE,44300.0,butas,50.0,2.0,2,120000.0,2400.0,1293.0,47.236342,-1.529636,44109000AY0151
2021-06-07,22 RUE DE LA MICHAUDIERE,44300.0,butas,44.0,2.0,2,110000.0,2500.0,1293.0,47.236342,-1.529636,44109000AY0151
2021-01-19,22 RUE DE LA MICHAUDIERE,44300.0,butas,79.0,4.0,1,180000.0,2278.0,1293.0,47.236342,-1.529636,44109000AY0151
2023-09-25,22 RUE DE LA MICHAUDIERE,44300.0,butas,77.0,4.0,2,200000.0,2597.0,1293.0,47.236342,-1.529636,44109000AY0151
2021-02-24,22 RUE DE LA MICHAUDIERE,44300.0,butas,50.0,2.0,1,150000.0,3000.0,1293.0,47.236342,-1.529636,44109000AY0151
2025-09-22,22 RUE DE LA MICHAUDIERE,44300.0,butas,50.0,2.0,2,163000.0,3260.0,1293.0,47.236342,-1.529636,44109000AY0151
2024-10-31,22 RUE DE LA MICHAUDIERE,44300.0,butas,65.0,3.0,2,171000.0,2631.0,1293.0,47.236342,-1.529636,44109000AY0151
2024-06-26,22 RUE DE LA MICHAUDIERE,44300.0,butas,50.0,2.0,2,155000.0,3100.0,1293.0,47.236342,-1.529636,44109000AY0151
2024-12-19,22 RUE DE LA MICHAUDIERE,44300.0,butas,44.0,2.0,2,98500.0,2239.0,1293.0,47.236342,-1.529636,44109000AY0151
2021-02-17,22 RUE DE LA MICHAUDIERE,44300.0,butas,50.0,2.0,1,159000.0,3180.0,1293.0,47.236342,-1.529636,44109000AY0151
2022-03-24,22 RUE DE LA MICHAUDIERE,44300.0,butas,44.0,3.0,2,110000.0,2500.0,1293.0,47.236342,-1.529636,44109000AY0151
2025-04-23,22 RUE DE LA MICHAUDIERE,44300.0,butas,95.0,5.0,2,292000.0,3074.0,1293.0,47.236342,-1.529636,44109000AY0151
2022-07-21,22 RUE DE LA MICHAUDIERE,44300.0,butas,50.0,2.0,2,164000.0,3280.0,1293.0,47.236342,-1.529636,44109000AY0151
2025-08-27,29 AV ARMAND BOUVIER,44000.0,namas,157.0,8.0,0,610000.0,3885.0,1294.0,47.233539,-1.539641,44109000BY0201
2022-10-21,51 RUE DU COUDRAY,44000.0,butas,80.0,4.0,2,300000.0,3750.0,1295.0,47.231067,-1.542817,44109000BY0401
2022-09-02,51 RUE DU COUDRAY,44000.0,butas,90.0,4.0,2,325000.0,3611.0,1295.0,47.231067,-1.542817,44109000BY0401
2022-09-15,15 AV JOSEPH BARREAU,44300.0,namas,139.0,5.0,1,610000.0,4388.0,1296.0,47.233439,-1.516996,44109000BE0145
2022-10-24,5 AV BASCHER,44000.0,butas,72.0,3.0,0,305000.0,4236.0,1296.0,47.221927,-1.545048,44109000ET0263
2025-05-26,5 AV BASCHER,44000.0,butas,150.0,4.0,1,680000.0,4533.0,1296.0,47.221927,-1.545048,44109000ET0263
2025-01-24,104 RUE GASTON TURPIN,44000.0,butas,46.0,2.0,0,145500.0,3163.0,1296.0,47.221927,-1.545048,44109000ET0263
2021-03-30,5 AV BASCHER,44000.0,butas,22.0,1.0,0,90000.0,4091.0,1296.0,47.221927,-1.545048,44109000ET0263
2023-04-26,10 AV JOSEPH BARREAU,44300.0,namas,75.0,5.0,1,280000.0,3733.0,1297.0,47.233124,-1.516479,44109000BE0565
2022-09-23,52 RUE MORAND,44000.0,namas,92.0,4.0,1,700000.0,7609.0,1297.0,47.232303,-1.541496,44109000BY0314
2025-09-03,106 BD DE SARREBRUCK,44000.0,butas,70.0,3.0,1,280000.0,4000.0,1299.0,47.213634,-1.533594,44109000CP0572
2022-07-28,1 PL CHARLES LE ROUX,44000.0,butas,26.0,2.0,0,68000.0,2615.0,1300.0,47.218179,-1.542626,44109000ES0252
2023-10-31,1 PL CHARLES LE ROUX,44000.0,butas,30.0,1.0,0,91000.0,3033.0,1300.0,47.218179,-1.542626,44109000ES0252
2025-07-02,65 BD AUGUSTE PENEAU,44300.0,namas,95.0,4.0,1,350000.0,3684.0,1301.0,47.229229,-1.512523,44109000BS0232
2022-07-27,49 RUE MORAND,44000.0,namas,74.0,3.0,0,420000.0,5676.0,1301.0,47.231981,-1.541944,44109000BY0753
2023-12-11,2 AV DE L'EVEIL,44300.0,butas,60.0,2.0,1,160100.0,2668.0,1302.0,47.236339,-1.530817,44109000AY0263
2025-02-13,2 AV DE L'EVEIL,44300.0,butas,38.0,1.0,1,208000.0,5474.0,1302.0,47.236339,-1.530817,44109000AY0263
2021-04-28,4 AV DE L'EVEIL,44300.0,butas,66.0,3.0,1,250870.0,3801.0,1302.0,47.236339,-1.530817,44109000AY0263
2024-05-30,24 AV ARMAND BOUVIER,44000.0,namas,68.0,4.0,1,355000.0,5221.0,1303.0,47.233263,-1.540257,44109000BY0236
2021-07-01,5 CHE DU PONCEAU,44300.0,namas,152.0,6.0,0,590000.0,3882.0,1304.0,47.224438,-1.511183,44109000BT0425
2021-03-16,12 AV JACQUES AUNEAU,44300.0,namas,86.0,4.0,0,382000.0,4442.0,1305.0,47.236355,-1.525933,44109000BC0201
2021-07-05,19 AV JACQUES AUNEAU,44300.0,namas,117.0,5.0,1,550000.0,4701.0,1305.0,47.236258,-1.525106,44109000BC0221
2023-07-12,19 AV JACQUES AUNEAU,44300.0,namas,117.0,5.0,1,540000.0,4615.0,1305.0,47.236258,-1.525106,44109000BC0221
2021-08-03,67 BD AUGUSTE PENEAU,44300.0,namas,49.0,3.0,1,314585.0,6420.0,1306.0,47.229277,-1.512474,44109000BS0204
2022-09-27,2 ALL DES PEUPLIERS,44300.0,butas,79.0,4.0,2,232000.0,2937.0,1307.0,47.234676,-1.51916,44109000BE0258
2025-03-25,6 AV BON ACCUEIL,44300.0,butas,79.0,4.0,2,182590.0,2311.0,1307.0,47.234676,-1.51916,44109000BE0258
2021-12-21,3 ALL DES PEUPLIERS,44300.0,butas,79.0,4.0,2,247150.0,3128.0,1307.0,47.234676,-1.51916,44109000BE0258
2025-07-04,2 AV VIOLAIN,44000.0,namas,50.0,3.0,1,380000.0,7600.0,1307.0,47.231708,-1.542358,44109000BY0563
2024-07-16,8 AV BON ACCUEIL,44300.0,butas,79.0,4.0,2,168175.0,2129.0,1307.0,47.234676,-1.51916,44109000BE0258
2021-06-16,8 AV BON ACCUEIL,44300.0,butas,79.0,5.0,2,199000.0,2519.0,1307.0,47.234676,-1.51916,44109000BE0258
2023-10-10,6 AV BON ACCUEIL,44300.0,butas,66.0,3.0,2,199900.0,3029.0,1307.0,47.234676,-1.51916,44109000BE0258
2021-07-13,8 AV BON ACCUEIL,44300.0,butas,66.0,3.0,2,200000.0,3030.0,1307.0,47.234676,-1.51916,44109000BE0258
2021-07-02,3 ALL DES PEUPLIERS,44300.0,butas,91.0,5.0,2,240000.0,2637.0,1307.0,47.234676,-1.51916,44109000BE0258
2025-12-22,6 ALL DES PEUPLIERS,44300.0,butas,79.0,4.0,2,138000.0,1747.0,1307.0,47.234676,-1.51916,44109000BE0258
2025-06-03,2 ALL DES PEUPLIERS,44300.0,butas,79.0,4.0,2,190000.0,2405.0,1307.0,47.234676,-1.51916,44109000BE0258
2021-01-26,6 AV BON ACCUEIL,44300.0,butas,66.0,3.0,1,175000.0,2652.0,1307.0,47.234676,-1.51916,44109000BE0258
2024-12-23,25 AV ARMAND BOUVIER,44000.0,namas,110.0,6.0,0,455000.0,4136.0,1307.0,47.233525,-1.539922,44109000BY0203
2024-04-17,4 ALL DES PEUPLIERS,44300.0,butas,91.0,5.0,2,177000.0,1945.0,1307.0,47.234676,-1.51916,44109000BE0258
2025-04-30,5 ALL DES PEUPLIERS,44300.0,butas,66.0,3.0,2,130350.0,1975.0,1307.0,47.234676,-1.51916,44109000BE0258
2024-07-15,3 ALL DES PEUPLIERS,44300.0,butas,79.0,4.0,2,209000.0,2646.0,1307.0,47.234676,-1.51916,44109000BE0258
2022-06-30,8 AV BON ACCUEIL,44300.0,butas,66.0,3.0,2,203847.0,3089.0,1307.0,47.234676,-1.51916,44109000BE0258
2023-05-30,1 ALL DES PEUPLIERS,44300.0,butas,79.0,4.0,2,195000.0,2468.0,1307.0,47.234676,-1.51916,44109000BE0258
2025-02-28,6 AV BON ACCUEIL,44300.0,butas,79.0,4.0,2,180000.0,2278.0,1307.0,47.234676,-1.51916,44109000BE0258
2022-06-24,40 BD JULES VERNE,44300.0,butas,82.0,5.0,1,250000.0,3049.0,1308.0,47.236114,-1.532874,44109000AZ0472
2025-06-10,41 RUE DE LA MICHAUDIERE,44300.0,butas,61.0,3.0,2,130000.0,2131.0,1308.0,47.236114,-1.532874,44109000AZ0472
2022-05-11,40 BD JULES VERNE,44300.0,butas,68.0,4.0,2,220086.0,3237.0,1308.0,47.236114,-1.532874,44109000AZ0472
2021-06-04,41 RUE DE LA MICHAUDIERE,44300.0,butas,58.0,3.0,2,180000.0,3103.0,1308.0,47.236114,-1.532874,44109000AZ0472
2025-06-13,41 RUE DE LA MICHAUDIERE,44300.0,butas,58.0,3.0,2,121500.0,2095.0,1308.0,47.236114,-1.532874,44109000AZ0472
2021-09-02,41 RUE DE LA MICHAUDIERE,44300.0,butas,68.0,4.0,2,190000.0,2794.0,1308.0,47.236114,-1.532874,44109000AZ0472
2024-12-12,41 RUE DE LA MICHAUDIERE,44300.0,butas,68.0,4.0,2,190000.0,2794.0,1308.0,47.236114,-1.532874,44109000AZ0472
2023-02-07,40 BD JULES VERNE,44300.0,butas,68.0,4.0,2,230000.0,3382.0,1308.0,47.236114,-1.532874,44109000AZ0472
2021-11-05,40 BD JULES VERNE,44300.0,butas,67.0,4.0,2,210000.0,3134.0,1308.0,47.236114,-1.532874,44109000AZ0472
2022-09-13,41 RUE DE LA MICHAUDIERE,44300.0,butas,58.0,3.0,2,209000.0,3603.0,1308.0,47.236114,-1.532874,44109000AZ0472
2022-12-22,41 RUE DE LA MICHAUDIERE,44300.0,butas,68.0,4.0,2,255000.0,3750.0,1308.0,47.236114,-1.532874,44109000AZ0472
2022-11-29,41 RUE DE LA MICHAUDIERE,44300.0,butas,68.0,4.0,2,225000.0,3309.0,1308.0,47.236114,-1.532874,44109000AZ0472
2022-12-30,40 BD JULES VERNE,44300.0,butas,67.0,4.0,2,250000.0,3731.0,1308.0,47.236114,-1.532874,44109000AZ0472
2021-11-23,40 BD JULES VERNE,44300.0,butas,82.0,5.0,2,285000.0,3476.0,1308.0,47.236114,-1.532874,44109000AZ0472
2024-01-25,40 BD JULES VERNE,44300.0,butas,67.0,4.0,2,165000.0,2463.0,1308.0,47.236114,-1.532874,44109000AZ0472
2025-09-19,41 RUE DE LA MICHAUDIERE,44300.0,butas,58.0,3.0,2,145000.0,2500.0,1308.0,47.236114,-1.532874,44109000AZ0472
2023-07-11,40 BD JULES VERNE,44300.0,butas,82.0,5.0,2,237200.0,2893.0,1308.0,47.236114,-1.532874,44109000AZ0472
2021-07-13,40 BD JULES VERNE,44300.0,butas,67.0,4.0,2,215000.0,3209.0,1308.0,47.236114,-1.532874,44109000AZ0472
2022-08-23,40 BD JULES VERNE,44300.0,butas,83.0,5.0,2,285000.0,3434.0,1308.0,47.236114,-1.532874,44109000AZ0472
2024-10-29,40 BD JULES VERNE,44300.0,butas,67.0,4.0,2,216981.0,3239.0,1308.0,47.236114,-1.532874,44109000AZ0472
2021-06-16,41 RUE DE LA MICHAUDIERE,44300.0,butas,58.0,3.0,2,170000.0,2931.0,1308.0,47.236114,-1.532874,44109000AZ0472
2022-12-02,41 RUE DE LA MICHAUDIERE,44300.0,butas,68.0,4.0,2,210000.0,3088.0,1308.0,47.236114,-1.532874,44109000AZ0472
2021-03-18,41 RUE DE LA MICHAUDIERE,44300.0,butas,58.0,3.0,1,172000.0,2966.0,1308.0,47.236114,-1.532874,44109000AZ0472
2022-07-05,40 BD JULES VERNE,44300.0,butas,67.0,4.0,2,170000.0,2537.0,1308.0,47.236114,-1.532874,44109000AZ0472
2021-09-21,41 RUE DE LA MICHAUDIERE,44300.0,butas,68.0,4.0,2,195000.0,2868.0,1308.0,47.236114,-1.532874,44109000AZ0472
2021-05-28,25 BD JULES VERNE,44300.0,butas,99.0,3.0,1,380000.0,3838.0,1309.0,47.235688,-1.534787,44109000AZ0384
2023-10-09,4 PL ALFRED LALLIE,44000.0,butas,63.0,3.0,1,350000.0,5556.0,1309.0,47.227168,-1.545368,44109000EV0204
2021-09-10,17 AV PELLETIER DOISY,44300.0,namas,72.0,3.0,0,380000.0,5278.0,1309.0,47.229914,-1.512853,44109000BS0187
2022-09-13,96 RUE DE LA MARRIERE,44300.0,namas,102.0,4.0,1,390000.0,3824.0,1309.0,47.236438,-1.526421,44109000BC0194
2021-05-18,25 BD JULES VERNE,44300.0,butas,77.0,3.0,1,275000.0,3571.0,1309.0,47.235688,-1.534787,44109000AZ0384
2024-06-11,3 CHE DU PONCEAU,44300.0,namas,138.0,5.0,1,455000.0,3297.0,1311.0,47.224347,-1.511084,44109000BT0424
2021-05-25,10 RUE AMIRAL RONARC H,44000.0,butas,14.0,1.0,0,96000.0,6857.0,1311.0,47.226894,-1.545479,44109000EV0198
2022-08-30,6 RUE AMIRAL RONARC H,44000.0,butas,20.0,1.0,1,75500.0,3775.0,1311.0,47.226894,-1.545479,44109000EV0198
2022-04-28,6 RUE AMIRAL RONARC H,44000.0,butas,38.0,2.0,0,141000.0,3711.0,1311.0,47.226894,-1.545479,44109000EV0198
2022-12-02,6 RUE AMIRAL RONARC H,44000.0,butas,31.0,2.0,1,120000.0,3871.0,1311.0,47.226894,-1.545479,44109000EV0198
2023-04-03,100 RUE DU COUDRAY,44000.0,butas,60.0,3.0,1,262860.0,4381.0,1312.0,47.227807,-1.545179,44109000BZ0665
2025-12-29,49 BD DES BELGES,44300.0,butas,30.0,1.0,2,80500.0,2683.0,1312.0,47.233969,-1.53925,44109000BY0587
2024-10-17,100 RUE DU COUDRAY,44000.0,butas,60.0,3.0,1,295000.0,4917.0,1312.0,47.227807,-1.545179,44109000BZ0665
2021-07-06,25 BD STALINGRAD,44000.0,butas,24.0,2.0,0,119000.0,4958.0,1313.0,47.218179,-1.542833,44109000ES0358
2025-12-16,55 RUE DU COUDRAY,44000.0,butas,55.0,3.0,1,215000.0,3909.0,1315.0,47.23097,-1.54322,44109000BY0649
2021-06-15,55 RUE DU COUDRAY,44000.0,butas,80.0,4.0,2,354000.0,4425.0,1315.0,47.23097,-1.54322,44109000BY0649
2022-06-22,55 RUE DU COUDRAY,44000.0,butas,68.0,3.0,2,295000.0,4338.0,1315.0,47.23097,-1.54322,44109000BY0649
2025-07-11,55 RUE DU COUDRAY,44000.0,butas,58.0,3.0,2,250000.0,4310.0,1315.0,47.23097,-1.54322,44109000BY0649
2022-11-24,55 RUE MORAND,44000.0,butas,26.0,2.0,0,112000.0,4308.0,1316.0,47.232009,-1.542173,44109000BY0686
2021-07-08,55 RUE MORAND,44000.0,butas,14.0,1.0,0,93000.0,6643.0,1316.0,47.232009,-1.542173,44109000BY0686
2025-01-27,71 RUE DE LA TULLAYE,44300.0,namas,99.0,3.0,0,846300.0,8548.0,1317.0,47.234752,-1.53773,44109000AZ0314
2021-05-18,1 RUE DE L INDRE,44000.0,namas,62.0,4.0,0,825000.0,13306.0,1318.0,47.213714,-1.534691,44109000CR0113
2021-03-13,7 RUE ECORCHARD,44000.0,butas,55.0,3.0,0,295000.0,5364.0,1319.0,47.218302,-1.543053,44109000ES0336
2025-07-17,58 RUE MORAND,44000.0,namas,155.0,7.0,0,690000.0,4452.0,1319.0,47.232305,-1.541874,44109000BY0317
2022-09-30,7 RUE ECORCHARD,44000.0,butas,62.0,3.0,1,250000.0,4032.0,1319.0,47.218302,-1.543053,44109000ES0336
2025-08-01,7 RUE ECORCHARD,44000.0,butas,55.0,3.0,1,280000.0,5091.0,1319.0,47.218302,-1.543053,44109000ES0336
2024-01-19,7 RUE ECORCHARD,44000.0,butas,62.0,3.0,1,200000.0,3226.0,1319.0,47.218302,-1.543053,44109000ES0336
2023-12-01,23 AV JOSEPH BARREAU,44300.0,namas,167.0,4.0,0,457000.0,2737.0,1320.0,47.233952,-1.517391,44109000BE0473
2022-08-12,98 RUE DE LA MARRIERE,44300.0,namas,90.0,5.0,1,550000.0,6111.0,1320.0,47.236531,-1.526385,44109000BC0195
2024-10-25,23 AV ARMAND BOUVIER,44000.0,namas,100.0,4.0,0,667660.0,6677.0,1320.0,47.233664,-1.539955,44109000BY0142
2022-04-07,37 RUE DU COUDRAY,44000.0,namas,62.0,3.0,0,240000.0,3871.0,1321.0,47.232011,-1.542242,44109000BY0685
2022-07-11,7 RUE MAL JOFFRE,44000.0,butas,130.0,5.0,1,425000.0,3269.0,1321.0,47.222802,-1.545653,44109000ET0039
2023-08-08,7 RUE MAL JOFFRE,44000.0,butas,38.0,2.0,1,175000.0,4605.0,1321.0,47.222802,-1.545653,44109000ET0039
2025-08-26,37 RUE DU COUDRAY,44000.0,namas,62.0,3.0,0,270100.0,4356.0,1321.0,47.232011,-1.542242,44109000BY0685
2025-12-29,21 AV ARMAND BOUVIER,44000.0,namas,95.0,6.0,1,670000.0,7053.0,1321.0,47.233578,-1.540105,44109000BY0204
2024-09-19,33 ALL DES HIPPOCAMPES,44000.0,butas,65.0,3.0,2,315170.0,4849.0,1325.0,47.232801,-1.541333,44109000BY0715
2023-02-24,32 ALL DES HIPPOCAMPES,44000.0,butas,34.0,2.0,1,140000.0,4118.0,1325.0,47.232801,-1.541333,44109000BY0715
2022-05-23,14 ALL DES HIPPOCAMPES,44000.0,butas,64.0,3.0,1,369000.0,5766.0,1325.0,47.232801,-1.541333,44109000BY0715
2023-10-30,30 ALL DES HIPPOCAMPES,44000.0,butas,56.0,2.0,1,256000.0,4571.0,1325.0,47.232801,-1.541333,44109000BY0715
2022-07-12,37 ALL DES HIPPOCAMPES,44000.0,namas,131.0,6.0,0,502000.0,3832.0,1325.0,47.232801,-1.541333,44109000BY0715
2022-12-22,12 ALL DES HIPPOCAMPES,44000.0,butas,34.0,2.0,1,151000.0,4441.0,1325.0,47.232801,-1.541333,44109000BY0715
2025-08-27,32 ALL DES HIPPOCAMPES,44000.0,butas,34.0,2.0,1,150000.0,4412.0,1325.0,47.232801,-1.541333,44109000BY0715
2022-04-27,57 RUE DU CROISSANT,44300.0,butas,64.0,3.0,1,265164.0,4143.0,1326.0,47.236185,-1.523486,44109000BC0800
2024-01-08,2 AV DES EUCALYPTUS,44300.0,namas,103.0,5.0,1,398000.0,3864.0,1326.0,47.224247,-1.510904,44109000BT0423
2021-08-04,5 AV PELLETIER DOISY,44300.0,namas,99.0,5.0,1,480000.0,4848.0,1326.0,47.229571,-1.512379,44109000BS0199
2022-03-07,57 RUE DU CROISSANT,44300.0,butas,63.0,3.0,1,263000.0,4175.0,1326.0,47.236185,-1.523486,44109000BC0800
2023-07-31,69 RUE DE LA TULLAYE,44300.0,namas,155.0,7.0,0,760000.0,4903.0,1326.0,47.234845,-1.537758,44109000AZ0315
2022-05-06,57 RUE DU CROISSANT,44300.0,butas,44.0,2.0,1,188000.0,4273.0,1326.0,47.236185,-1.523486,44109000BC0800
2022-03-25,57 RUE DU CROISSANT,44300.0,butas,35.0,1.0,1,135000.0,3857.0,1326.0,47.236185,-1.523486,44109000BC0800
2022-10-14,14 RUE DES SHETLANDS,44300.0,namas,128.0,4.0,0,580000.0,4531.0,1327.0,47.234156,-1.517617,44109000BE0391
2023-01-19,23 AV JOSEPH BARREAU,44300.0,namas,128.0,5.0,1,700000.0,5469.0,1327.0,47.23377,-1.516931,44109000BE0472
2025-01-24,55 BD DES BELGES,44300.0,namas,156.0,7.0,0,850000.0,5449.0,1327.0,47.233923,-1.539638,44109000BY0144
2022-06-07,9 RUE MAL JOFFRE,44000.0,butas,25.0,1.0,0,105000.0,4200.0,1328.0,47.222745,-1.545736,44109000ET0038
2023-03-01,14 AV ARMAND BOUVIER,44000.0,namas,91.0,4.0,0,510500.0,5610.0,1328.0,47.233112,-1.540951,44109000BY0231
2024-09-23,14 RUE AMIRAL RONARC H,44000.0,butas,77.0,4.0,2,325000.0,4221.0,1328.0,47.226632,-1.545775,44109000EV0193
2022-09-06,9 RUE MAL JOFFRE,44000.0,butas,25.0,1.0,0,95000.0,3800.0,1328.0,47.222745,-1.545736,44109000ET0038
2021-10-18,84 RUE DU COUDRAY,44000.0,butas,36.0,2.0,0,215000.0,5972.0,1330.0,47.228716,-1.545013,44109000BZ0734
2023-04-11,86 RUE DU COUDRAY,44000.0,butas,50.0,2.0,1,225000.0,4500.0,1330.0,47.228716,-1.545013,44109000BZ0734
2025-02-21,33 RUE DU COUDRAY,44000.0,namas,132.0,4.0,0,510000.0,3864.0,1330.0,47.232256,-1.542113,44109000BY0322
2022-05-17,86 RUE DU COUDRAY,44000.0,butas,47.0,2.0,1,228000.0,4851.0,1330.0,47.228716,-1.545013,44109000BZ0734
2025-01-06,86 RUE DU COUDRAY,44000.0,butas,49.0,2.0,1,185430.0,3784.0,1330.0,47.228716,-1.545013,44109000BZ0734
2022-11-15,86 RUE DU COUDRAY,44000.0,butas,33.0,2.0,0,190000.0,5758.0,1330.0,47.228716,-1.545013,44109000BZ0734
2021-12-15,84 RUE DU COUDRAY,44000.0,butas,46.0,2.0,1,190000.0,4130.0,1330.0,47.228716,-1.545013,44109000BZ0734
2021-06-14,11 RUE DES SHETLANDS,44300.0,namas,140.0,6.0,0,550000.0,3929.0,1330.0,47.234528,-1.518288,44109000BE0380
2025-12-10,86 RUE DU COUDRAY,44000.0,butas,64.0,3.0,1,248000.0,3875.0,1330.0,47.228716,-1.545013,44109000BZ0734
2023-05-31,84 RUE DU COUDRAY,44000.0,butas,46.0,2.0,1,190000.0,4130.0,1330.0,47.228716,-1.545013,44109000BZ0734
2021-06-29,54 RUE DU CROISSANT,44300.0,butas,65.0,3.0,0,97451.0,1499.0,1331.0,47.235876,-1.521961,44109000BD0420
2021-03-19,54 RUE DU CROISSANT,44300.0,butas,79.0,4.0,0,118953.0,1506.0,1331.0,47.235876,-1.521961,44109000BD0420
2022-07-26,54 RUE DU CROISSANT,44300.0,butas,78.0,4.0,0,210000.0,2692.0,1331.0,47.235876,-1.521961,44109000BD0420
2023-03-30,33 BD JULES VERNE,44300.0,namas,200.0,7.0,0,575000.0,2875.0,1331.0,47.23596,-1.534559,44109000AZ0381
2021-10-29,54 RUE DU CROISSANT,44300.0,butas,64.0,3.0,0,102000.0,1594.0,1331.0,47.235876,-1.521961,44109000BD0420
2022-03-07,54 RUE DU CROISSANT,44300.0,butas,44.0,2.0,0,89000.0,2023.0,1331.0,47.235876,-1.521961,44109000BD0420
2024-10-16,17 RUE DE RACAPE,44300.0,namas,135.0,5.0,0,600000.0,4444.0,1331.0,47.235032,-1.537412,44109000AZ0320
2021-12-30,54 RUE DU CROISSANT,44300.0,butas,65.0,3.0,0,98000.0,1508.0,1331.0,47.235876,-1.521961,44109000BD0420
2021-04-12,54 RUE DU CROISSANT,44300.0,butas,44.0,2.0,0,140290.0,3188.0,1331.0,47.235876,-1.521961,44109000BD0420
2023-01-12,54 RUE DU CROISSANT,44300.0,butas,65.0,3.0,0,198080.0,3047.0,1331.0,47.235876,-1.521961,44109000BD0420
2022-08-16,54 RUE DU CROISSANT,44300.0,butas,65.0,3.0,0,148000.0,2277.0,1331.0,47.235876,-1.521961,44109000BD0420
2022-04-12,54 RUE DU CROISSANT,44300.0,butas,65.0,3.0,0,153000.0,2354.0,1331.0,47.235876,-1.521961,44109000BD0420
2022-08-05,54 RUE DU CROISSANT,44300.0,butas,78.0,4.0,0,116128.0,1489.0,1331.0,47.235876,-1.521961,44109000BD0420
2025-06-06,54 RUE DU CROISSANT,44300.0,butas,79.0,4.0,0,160000.0,2025.0,1331.0,47.235876,-1.521961,44109000BD0420
2024-03-29,54 RUE DU CROISSANT,44300.0,butas,78.0,4.0,0,160000.0,2051.0,1331.0,47.235876,-1.521961,44109000BD0420
2021-05-20,54 RUE DU CROISSANT,44300.0,butas,79.0,4.0,0,121467.0,1538.0,1331.0,47.235876,-1.521961,44109000BD0420
2021-08-24,100 RUE DE LA MARRIERE,44300.0,namas,95.0,6.0,0,410000.0,4316.0,1332.0,47.236632,-1.526297,44109000BC0196
2022-06-23,26 BD STALINGRAD,44000.0,butas,90.0,3.0,1,338000.0,3756.0,1333.0,47.217986,-1.542963,44109000ES0259
2021-11-15,26 BD STALINGRAD,44000.0,butas,96.0,3.0,1,395000.0,4115.0,1333.0,47.217986,-1.542963,44109000ES0259
2022-12-16,4 AV JEAN GABIN,44300.0,namas,77.0,4.0,0,390000.0,5065.0,1334.0,47.231653,-1.513992,44109000BS0547
2024-08-28,5 RUE DE L INDRE,44000.0,butas,105.0,4.0,3,315000.0,3000.0,1334.0,47.213645,-1.535014,44109000CR0112
2022-09-16,2 AV JEAN GABIN,44300.0,namas,77.0,5.0,0,401520.0,5215.0,1335.0,47.231739,-1.514064,44109000BS0548
2023-01-04,69 RUE DU CROISSANT,44300.0,namas,52.0,3.0,1,545000.0,10481.0,1335.0,47.236436,-1.524387,44109000BC0245
2022-10-17,17 AV ARMAND BOUVIER,44000.0,namas,140.0,6.0,1,672000.0,4800.0,1336.0,47.233577,-1.540407,44109000BY0206
2023-10-23,35 BD JULES VERNE,44300.0,butas,50.0,3.0,1,130000.0,2600.0,1336.0,47.236038,-1.534455,44109000AZ0380
2021-04-07,35 BD JULES VERNE,44300.0,butas,56.0,3.0,1,210000.0,3750.0,1336.0,47.236038,-1.534455,44109000AZ0380
2022-01-31,64 RUE DU LANDREAU,44300.0,namas,90.0,4.0,0,388000.0,4311.0,1337.0,47.232044,-1.514362,44109000BS0554
2021-02-25,2 RUE STANISLAS BAUDRY,44000.0,butas,75.0,4.0,0,330000.0,4400.0,1338.0,47.218028,-1.543082,44109000ES0260
2023-05-09,2 RUE STANISLAS BAUDRY,44000.0,butas,75.0,4.0,1,375000.0,5000.0,1338.0,47.218028,-1.543082,44109000ES0260
2022-05-27,2 RUE STANISLAS BAUDRY,44000.0,butas,75.0,4.0,1,440000.0,5867.0,1338.0,47.218028,-1.543082,44109000ES0260
2022-02-17,2 RUE STANISLAS BAUDRY,44000.0,butas,75.0,4.0,1,385000.0,5133.0,1338.0,47.218028,-1.543082,44109000ES0260
2022-04-12,7 RUE DE L INDRE,44000.0,butas,50.0,2.0,2,175000.0,3500.0,1339.0,47.213661,-1.535261,44109000CR0111
2023-08-22,7 RUE DE L INDRE,44000.0,butas,62.0,3.0,2,195000.0,3145.0,1339.0,47.213661,-1.535261,44109000CR0111
2022-09-30,65 RUE DE LA TULLAYE,44300.0,namas,73.0,3.0,0,440000.0,6027.0,1340.0,47.234979,-1.53779,44109000AZ0319
2021-07-28,31 RUE DU COUDRAY,44000.0,namas,168.0,6.0,0,765000.0,4554.0,1340.0,47.232382,-1.542143,44109000BY0321
2024-01-31,64 RUE DU COUDRAY,44000.0,butas,31.0,2.0,1,115000.0,3710.0,1340.0,47.23073,-1.543814,44109000BZ0471
2025-09-17,64 RUE DU COUDRAY,44000.0,butas,50.0,3.0,1,148000.0,2960.0,1340.0,47.23073,-1.543814,44109000BZ0471
2021-01-20,66 RUE DU COUDRAY,44000.0,butas,18.0,1.0,1,54103.0,3006.0,1341.0,47.230657,-1.543889,44109000BZ0472
2024-06-27,6 RUE DE L INDRE,44000.0,butas,83.0,4.0,1,284000.0,3422.0,1341.0,47.214182,-1.53691,44109000WZ0023
2023-11-03,6 RUE DE L INDRE,44000.0,butas,83.0,4.0,1,280000.0,3373.0,1341.0,47.214182,-1.53691,44109000WZ0023
2022-02-18,52 RUE DU COUDRAY,44000.0,butas,39.0,2.0,1,160000.0,4103.0,1341.0,47.231611,-1.54301,44109000BY0760
2023-04-11,50 RUE DU COUDRAY,44000.0,butas,28.0,1.0,0,107500.0,3839.0,1341.0,47.231611,-1.54301,44109000BY0760
2024-08-01,2 RUE DU PORT GUICHARD,44000.0,butas,41.0,2.0,1,180000.0,4390.0,1341.0,47.231611,-1.54301,44109000BY0760
2021-08-02,52 RUE DU COUDRAY,44000.0,butas,23.0,1.0,0,94400.0,4104.0,1341.0,47.231611,-1.54301,44109000BY0760
2024-03-18,6 RUE DE L INDRE,44000.0,butas,83.0,4.0,1,263000.0,3169.0,1341.0,47.214182,-1.53691,44109000WZ0023
2024-05-24,6 RUE DE L INDRE,44000.0,butas,78.0,4.0,1,231500.0,2968.0,1341.0,47.214182,-1.53691,44109000WZ0023
2022-05-24,6 RUE DE L INDRE,44000.0,butas,63.0,3.0,1,226000.0,3587.0,1341.0,47.214182,-1.53691,44109000WZ0023
2021-01-14,52 RUE DU COUDRAY,44000.0,butas,113.0,4.0,2,698000.0,6177.0,1341.0,47.231611,-1.54301,44109000BY0760
2025-08-22,2 RUE DU PORT GUICHARD,44000.0,butas,41.0,2.0,1,130000.0,3171.0,1341.0,47.231611,-1.54301,44109000BY0760
2022-05-18,50 RUE DU COUDRAY,44000.0,butas,43.0,2.0,1,195000.0,4535.0,1341.0,47.231611,-1.54301,44109000BY0760
2024-02-28,52 RUE DU COUDRAY,44000.0,butas,37.0,2.0,1,135000.0,3649.0,1341.0,47.231611,-1.54301,44109000BY0760
2022-04-21,2 RUE DU PORT GUICHARD,44000.0,butas,31.0,1.0,1,132000.0,4258.0,1341.0,47.231611,-1.54301,44109000BY0760
2025-10-03,52 RUE DU COUDRAY,44000.0,butas,40.0,2.0,1,170000.0,4250.0,1341.0,47.231611,-1.54301,44109000BY0760
2023-03-21,6 RUE DE L INDRE,44000.0,butas,41.0,2.0,1,157000.0,3829.0,1341.0,47.214182,-1.53691,44109000WZ0023
2023-02-17,6 RUE DE L INDRE,44000.0,butas,59.0,3.0,1,208000.0,3525.0,1341.0,47.214182,-1.53691,44109000WZ0023
2021-12-14,52 RUE DU COUDRAY,44000.0,butas,36.0,2.0,1,143000.0,3972.0,1341.0,47.231611,-1.54301,44109000BY0760
2025-04-30,6 RUE DE L INDRE,44000.0,butas,41.0,2.0,1,159000.0,3878.0,1341.0,47.214182,-1.53691,44109000WZ0023
2025-06-06,2 RUE DU PORT GUICHARD,44000.0,butas,37.0,2.0,0,155000.0,4189.0,1341.0,47.231611,-1.54301,44109000BY0760
2024-06-06,2 RUE DU PORT GUICHARD,44000.0,butas,29.0,1.0,1,125000.0,4310.0,1341.0,47.231611,-1.54301,44109000BY0760
2022-09-01,6 RUE DE L INDRE,44000.0,butas,59.0,3.0,1,250000.0,4237.0,1341.0,47.214182,-1.53691,44109000WZ0023
2022-04-04,6 RUE DE L INDRE,44000.0,butas,76.0,3.0,1,275000.0,3618.0,1341.0,47.214182,-1.53691,44109000WZ0023
2022-05-02,6 RUE DE L INDRE,44000.0,butas,83.0,4.0,0,300000.0,3614.0,1341.0,47.214182,-1.53691,44109000WZ0023
2023-06-12,2 RUE DU PORT GUICHARD,44000.0,butas,63.0,3.0,1,277282.4,4401.0,1341.0,47.231611,-1.54301,44109000BY0760
2024-08-29,52 RUE DU COUDRAY,44000.0,butas,42.0,2.0,1,207590.0,4943.0,1341.0,47.231611,-1.54301,44109000BY0760
2022-09-23,2 RUE DU PORT GUICHARD,44000.0,butas,41.0,2.0,0,124000.0,3024.0,1341.0,47.231611,-1.54301,44109000BY0760
2023-09-18,52 RUE DU COUDRAY,44000.0,butas,45.0,2.0,1,155000.0,3444.0,1341.0,47.231611,-1.54301,44109000BY0760
2025-01-20,6 RUE DE L INDRE,44000.0,butas,63.0,3.0,1,220000.0,3492.0,1341.0,47.214182,-1.53691,44109000WZ0023
2025-04-28,52 RUE DU COUDRAY,44000.0,butas,36.0,2.0,1,140000.0,3889.0,1341.0,47.231611,-1.54301,44109000BY0760
2025-04-03,6 RUE DE L INDRE,44000.0,butas,76.0,3.0,1,260000.0,3421.0,1341.0,47.214182,-1.53691,44109000WZ0023
2025-03-12,2 RUE DU PORT GUICHARD,44000.0,butas,29.0,1.0,1,120000.0,4138.0,1341.0,47.231611,-1.54301,44109000BY0760
2023-10-27,6 RUE DE L INDRE,44000.0,butas,41.0,2.0,1,150000.0,3659.0,1341.0,47.214182,-1.53691,44109000WZ0023
2023-05-22,52 RUE DU COUDRAY,44000.0,butas,62.0,3.0,1,285500.0,4605.0,1341.0,47.231611,-1.54301,44109000BY0760
2022-09-20,52 RUE DU COUDRAY,44000.0,butas,37.0,2.0,1,195000.0,5270.0,1341.0,47.231611,-1.54301,44109000BY0760
2023-11-07,6 RUE DE L INDRE,44000.0,butas,89.0,4.0,1,263160.0,2957.0,1341.0,47.214182,-1.53691,44109000WZ0023
2022-06-28,2 RUE DU PORT GUICHARD,44000.0,butas,58.0,3.0,1,246000.0,4241.0,1341.0,47.231611,-1.54301,44109000BY0760
2021-05-03,50 RUE DU COUDRAY,44000.0,butas,30.0,1.0,0,125600.0,4187.0,1341.0,47.231611,-1.54301,44109000BY0760
2022-11-21,6 RUE DE L INDRE,44000.0,butas,68.0,3.0,2,259000.0,3809.0,1341.0,47.214182,-1.53691,44109000WZ0023
2023-09-12,52 RUE DU CROISSANT,44300.0,butas,65.0,2.0,0,106000.0,1631.0,1342.0,47.235748,-1.52112,44109000BD0418
2021-07-15,52 RUE DU CROISSANT,44300.0,butas,64.0,3.0,0,97000.0,1516.0,1342.0,47.235748,-1.52112,44109000BD0418
2022-06-01,52 RUE DU CROISSANT,44300.0,butas,64.0,3.0,0,120000.0,1875.0,1342.0,47.235748,-1.52112,44109000BD0418
2022-05-16,52 RUE DU CROISSANT,44300.0,butas,78.0,4.0,0,116128.0,1489.0,1342.0,47.235748,-1.52112,44109000BD0418
2022-06-17,52 RUE DU CROISSANT,44300.0,butas,79.0,4.0,0,145000.0,1835.0,1342.0,47.235748,-1.52112,44109000BD0418
2022-10-03,15 AV ARMAND BOUVIER,44000.0,namas,123.0,5.0,2,670000.0,5447.0,1343.0,47.23357,-1.540544,44109000BY0207
2022-03-01,76 RUE DU COUDRAY,44000.0,butas,68.0,3.0,1,394000.0,5794.0,1344.0,47.230095,-1.544368,44109000BZ0102
2023-04-14,17 RUE DES SHETLANDS,44300.0,namas,127.0,5.0,0,505000.0,3976.0,1344.0,47.234465,-1.517845,44109000BE0383
2021-09-01,22 AV MARCEL CERDAN,44000.0,namas,104.0,5.0,0,715000.0,6875.0,1344.0,47.233908,-1.54002,44109000BY0122
2023-07-06,9 RUE DE L INDRE,44000.0,butas,37.0,2.0,1,90420.0,2444.0,1345.0,47.213655,-1.535448,44109000CR0330
2023-08-22,9 RUE DE L INDRE,44000.0,butas,54.0,3.0,1,128260.0,2375.0,1345.0,47.213655,-1.535448,44109000CR0330
2023-07-04,9 RUE DE L INDRE,44000.0,butas,29.0,1.0,1,85000.0,2931.0,1345.0,47.213655,-1.535448,44109000CR0330
2023-06-09,9 RUE DE L INDRE,44000.0,butas,54.0,3.0,1,162000.0,3000.0,1345.0,47.213655,-1.535448,44109000CR0330
2023-05-26,9 RUE DE L INDRE,44000.0,butas,54.0,3.0,1,163067.0,3020.0,1345.0,47.213655,-1.535448,44109000CR0330
2024-09-27,9 RUE DE L INDRE,44000.0,butas,54.0,3.0,1,141500.0,2620.0,1345.0,47.213655,-1.535448,44109000CR0330
2025-04-30,9 RUE DE L INDRE,44000.0,butas,53.0,3.0,1,132500.0,2500.0,1345.0,47.213655,-1.535448,44109000CR0330
2023-04-18,9 RUE DE L INDRE,44000.0,butas,37.0,2.0,1,114071.0,3083.0,1345.0,47.213655,-1.535448,44109000CR0330
2021-12-29,37 BD JULES VERNE,44300.0,butas,30.0,1.0,0,141000.0,4700.0,1346.0,47.23616,-1.534327,44109000AZ0379
2021-08-30,37 BD JULES VERNE,44300.0,butas,45.0,2.0,1,170000.0,3778.0,1346.0,47.23616,-1.534327,44109000AZ0379
2021-01-29,44 RUE DU COUDRAY,44000.0,butas,63.0,3.0,1,225800.0,3584.0,1347.0,47.231868,-1.542832,44109000BY0538
2025-02-24,44 RUE DU COUDRAY,44000.0,butas,72.0,3.0,2,195000.0,2708.0,1347.0,47.231868,-1.542832,44109000BY0538
2022-06-27,62 RUE DU COUDRAY,44000.0,butas,24.0,1.0,1,105000.0,4375.0,1348.0,47.230892,-1.543793,44109000BZ0050
2021-04-28,62 RUE DU COUDRAY,44000.0,butas,24.0,1.0,0,90000.0,3750.0,1348.0,47.230892,-1.543793,44109000BZ0050
2021-07-05,68 RUE DU COUDRAY,44000.0,butas,73.0,4.0,1,380000.0,5205.0,1350.0,47.230601,-1.544064,44109000BZ0480
2022-05-11,68 RUE DU COUDRAY,44000.0,butas,28.0,1.0,0,85000.0,3036.0,1350.0,47.230601,-1.544064,44109000BZ0480
2024-04-12,4 RUE DE LA BERAUDIERE,44000.0,butas,63.0,2.0,2,256000.0,4063.0,1351.0,47.226646,-1.546079,44109000EV0194
2021-04-30,32 RUE AMIRAL RONARC H,44000.0,butas,70.0,3.0,0,295000.0,4214.0,1351.0,47.225667,-1.546237,44109000EV0432
2025-02-19,32 RUE AMIRAL RONARC H,44000.0,butas,31.0,1.0,0,90000.0,2903.0,1351.0,47.225667,-1.546237,44109000EV0432
2021-06-02,4 RUE DE LA BERAUDIERE,44000.0,butas,34.0,2.0,0,182500.0,5368.0,1351.0,47.226646,-1.546079,44109000EV0194
2021-08-12,4 RUE DE LA BERAUDIERE,44000.0,butas,80.0,3.0,2,340000.0,4250.0,1351.0,47.226646,-1.546079,44109000EV0194
2021-06-30,4 RUE DE LA BERAUDIERE,44000.0,butas,78.0,3.0,2,345000.0,4423.0,1351.0,47.226646,-1.546079,44109000EV0194
2022-10-14,4 RUE DE LA BERAUDIERE,44000.0,butas,65.0,2.0,2,270000.0,4154.0,1351.0,47.226646,-1.546079,44109000EV0194
2021-09-13,32 RUE AMIRAL RONARC H,44000.0,butas,71.0,3.0,1,295000.0,4155.0,1351.0,47.225667,-1.546237,44109000EV0432
2025-10-07,32 RUE AMIRAL RONARC H,44000.0,butas,31.0,1.0,0,101500.0,3274.0,1351.0,47.225667,-1.546237,44109000EV0432
2024-12-05,32 RUE AMIRAL RONARC H,44000.0,butas,63.0,2.0,1,176500.0,2802.0,1351.0,47.225667,-1.546237,44109000EV0432
2025-12-15,32 RUE AMIRAL RONARC H,44000.0,butas,71.0,3.0,1,285000.0,4014.0,1351.0,47.225667,-1.546237,44109000EV0432
2025-07-21,33 AV DU PARC DU GD BLOTTEREAU,44300.0,namas,109.0,4.0,0,438000.0,4018.0,1353.0,47.230472,-1.512629,44109000BS0262
2022-03-29,21 RUE DESAIX,44000.0,butas,68.0,3.0,1,372000.0,5471.0,1354.0,47.227351,-1.545917,44109000EV0120
2025-07-21,17 RUE DE L INDRE,44000.0,butas,18.0,1.0,1,60000.0,3333.0,1354.0,47.213725,-1.535963,44109000CR0212
2023-02-16,15 RUE MAL JOFFRE,44000.0,butas,53.0,3.0,0,235000.0,4434.0,1355.0,47.222474,-1.546031,44109000ET0014
2024-05-22,73 RUE DU LANDREAU,44300.0,namas,128.0,6.0,0,440000.0,3438.0,1355.0,47.232339,-1.514406,44109000BH0140
2025-04-30,8 AV PELLETIER DOISY,44300.0,namas,68.0,4.0,1,215550.0,3170.0,1356.0,47.229864,-1.512138,44109000BS0181
2022-10-20,42 RUE DU COUDRAY,44000.0,butas,25.0,1.0,1,102000.0,4080.0,1357.0,47.232032,-1.54282,44109000BY0670
2025-05-28,42 RUE DU COUDRAY,44000.0,butas,33.0,2.0,2,120000.0,3636.0,1357.0,47.232032,-1.54282,44109000BY0670
2021-08-25,34 BD DES BELGES,44300.0,butas,24.0,1.0,1,105000.0,4375.0,1360.0,47.234586,-1.539106,44109000AZ0905
2022-04-06,34 BD DES BELGES,44300.0,namas,36.0,2.0,1,65000.0,1806.0,1360.0,47.234654,-1.538971,44109000AZ0903
2023-08-11,17 RUE MAL JOFFRE,44000.0,butas,51.0,2.0,1,250000.0,4902.0,1361.0,47.222435,-1.546094,44109000ET0365
2024-03-28,17 RUE MAL JOFFRE,44000.0,butas,42.0,2.0,1,177500.0,4226.0,1361.0,47.222435,-1.546094,44109000ET0365
2021-02-10,4 RUE FRANCOIS FARINEAU,44000.0,butas,47.0,2.0,1,215000.0,4574.0,1361.0,47.227048,-1.546105,44109000EV0511
2022-03-31,3 QUAI DE MALAKOFF,44000.0,butas,65.0,3.0,1,210000.0,3231.0,1365.0,47.213327,-1.53497,44109000CR0136
2025-04-22,12 RUE GAL DE SONIS,44000.0,namas,146.0,6.0,0,560000.0,3836.0,1367.0,47.228224,-1.545761,44109000BZ0254
2022-10-14,21 RUE MAL JOFFRE,44000.0,butas,30.0,1.0,1,110000.0,3667.0,1367.0,47.222309,-1.546142,44109000ET0010
2021-05-07,21 RUE MAL JOFFRE,44000.0,butas,35.0,2.0,0,168000.0,4800.0,1367.0,47.222309,-1.546142,44109000ET0010
2021-05-20,34 RUE DE RACAPE,44300.0,namas,119.0,6.0,0,730000.0,6134.0,1369.0,47.235792,-1.536405,44109000AZ0355
2023-10-02,61 RUE DE LA TULLAYE,44300.0,namas,179.0,8.0,1,1272500.0,7109.0,1369.0,47.235291,-1.537757,44109000AZ0326
2021-12-01,82 RUE DE LA TULLAYE,44300.0,namas,93.0,4.0,1,531400.0,5714.0,1369.0,47.234974,-1.538496,44109000AZ0290
2022-11-15,66 RUE DU CROISSANT,44300.0,namas,50.0,3.0,0,260000.0,5200.0,1370.0,47.236473,-1.522875,44109000BD0057
2023-09-13,14 AV JEAN GABIN,44300.0,namas,93.0,5.0,0,400000.0,4301.0,1371.0,47.2316,-1.513341,44109000BS0539
2022-03-31,6 AV ARMAND BOUVIER,44000.0,namas,64.0,4.0,1,520000.0,8125.0,1371.0,47.233225,-1.541598,44109000BY0226
2022-12-09,36 BD DES BELGES,44300.0,butas,70.0,4.0,2,237000.0,3386.0,1371.0,47.234557,-1.539412,44109000AZ0287
2022-03-04,42 RUE AMIRAL RONARC H,44000.0,namas,90.0,4.0,0,580000.0,6444.0,1372.0,47.22526,-1.546548,44109000EV0179
2024-05-30,5 RUE DU PORT GUICHARD,44000.0,butas,36.0,2.0,2,125000.0,3472.0,1373.0,47.231327,-1.543785,44109000BZ0044
2021-11-10,8 RUE DU PORT GUICHARD,44000.0,butas,64.0,4.0,2,270000.0,4219.0,1374.0,47.23178,-1.543372,44109000BY0777
2021-11-15,10 RUE DU PORT GUICHARD,44000.0,butas,67.0,4.0,2,280000.0,4179.0,1374.0,47.23178,-1.543372,44109000BY0777
2025-02-13,10 RUE DU PORT GUICHARD,44000.0,butas,70.0,4.0,2,270000.0,3857.0,1374.0,47.23178,-1.543372,44109000BY0777
2025-07-21,23 RUE DESAIX,44000.0,namas,153.0,6.0,0,685800.0,4482.0,1376.0,47.227397,-1.546203,44109000EV0562
2023-09-07,68 RUE DU CROISSANT,44300.0,namas,49.0,2.0,1,280000.0,5714.0,1376.0,47.236538,-1.522891,44109000BD0056
2021-11-29,9 QUAI DE MALAKOFF,44000.0,butas,21.0,1.0,0,130000.0,6190.0,1377.0,47.213372,-1.53555,44109000CR0131
2023-05-12,79 RUE DU CROISSANT,44300.0,namas,48.0,3.0,1,285000.0,5938.0,1377.0,47.236861,-1.524677,44109000BC0240
2025-08-28,14 QUAI DE MALAKOFF,44000.0,butas,82.0,4.0,1,324500.0,3957.0,1379.0,47.213611,-1.536389,44109000CR0289
2024-09-06,14 QUAI DE MALAKOFF,44000.0,butas,83.0,4.0,1,326600.0,3935.0,1379.0,47.213611,-1.536389,44109000CR0289
2024-12-05,25 RUE DE L INDRE,44000.0,butas,62.0,3.0,1,288000.0,4645.0,1379.0,47.213611,-1.536389,44109000CR0289
2025-09-03,23 RUE DE L INDRE,44000.0,butas,67.0,3.0,1,289000.0,4313.0,1379.0,47.213611,-1.536389,44109000CR0289
2024-07-04,14 QUAI DE MALAKOFF,44000.0,butas,69.0,3.0,1,268000.0,3884.0,1379.0,47.213611,-1.536389,44109000CR0289
2024-04-23,23 RUE DE L INDRE,44000.0,butas,68.0,3.0,1,304000.0,4471.0,1379.0,47.213611,-1.536389,44109000CR0289
2023-08-21,14 QUAI DE MALAKOFF,44000.0,butas,87.0,4.0,1,347500.0,3994.0,1379.0,47.213611,-1.536389,44109000CR0289
2022-09-29,25 RUE DE L INDRE,44000.0,butas,89.0,4.0,1,370000.0,4157.0,1379.0,47.213611,-1.536389,44109000CR0289
2023-11-30,14 QUAI DE MALAKOFF,44000.0,butas,108.0,4.0,0,433050.0,4010.0,1379.0,47.213611,-1.536389,44109000CR0289
2023-12-12,14 QUAI DE MALAKOFF,44000.0,butas,88.0,4.0,1,370000.0,4205.0,1379.0,47.213611,-1.536389,44109000CR0289
2025-06-24,23 RUE DE L INDRE,44000.0,butas,67.0,3.0,1,272000.0,4060.0,1379.0,47.213611,-1.536389,44109000CR0289
2021-10-26,25 RUE DE L INDRE,44000.0,butas,63.0,3.0,1,333929.0,5300.0,1379.0,47.213611,-1.536389,44109000CR0289
2025-04-16,14 QUAI DE MALAKOFF,44000.0,butas,82.0,4.0,1,315000.0,3841.0,1379.0,47.213611,-1.536389,44109000CR0289
2025-01-28,21 RUE DE L INDRE,44000.0,butas,67.0,3.0,2,315000.0,4701.0,1379.0,47.213611,-1.536389,44109000CR0289
2025-01-24,14 QUAI DE MALAKOFF,44000.0,butas,49.0,2.0,0,190000.0,3878.0,1379.0,47.213611,-1.536389,44109000CR0289
2024-07-11,14 QUAI DE MALAKOFF,44000.0,butas,113.0,5.0,1,460000.0,4071.0,1379.0,47.213611,-1.536389,44109000CR0289
2023-09-08,16 AV JEAN GABIN,44300.0,namas,100.0,5.0,0,442000.0,4420.0,1381.0,47.231662,-1.51324,44109000BS0540
2023-08-09,13 RUE DU COUDRAY,44000.0,butas,43.0,2.0,1,165000.0,3837.0,1382.0,47.233748,-1.541023,44109000BY0633
2024-03-29,11 RUE DU COUDRAY,44000.0,butas,50.0,4.0,2,160000.0,3200.0,1382.0,47.233748,-1.541023,44109000BY0633
2024-05-06,94 RUE GAMBETTA,44000.0,butas,52.0,2.0,2,163000.0,3135.0,1382.0,47.220798,-1.545744,44109000ET0363
2023-08-25,11 RUE DU COUDRAY,44000.0,butas,39.0,2.0,1,141000.0,3615.0,1382.0,47.233748,-1.541023,44109000BY0633
2023-07-11,94 RUE GAMBETTA,44000.0,butas,62.0,1.0,2,252000.0,4065.0,1382.0,47.220798,-1.545744,44109000ET0363
2024-08-08,11 RUE DU COUDRAY,44000.0,butas,33.0,2.0,2,110000.0,3333.0,1382.0,47.233748,-1.541023,44109000BY0633
2021-02-23,13 RUE DU COUDRAY,44000.0,butas,42.0,3.0,1,157000.0,3738.0,1382.0,47.233748,-1.541023,44109000BY0633
2023-01-05,13 RUE DU COUDRAY,44000.0,butas,19.0,1.0,0,93000.0,4895.0,1382.0,47.233748,-1.541023,44109000BY0633
2021-05-12,94 RUE GAMBETTA,44000.0,butas,79.0,3.0,1,355000.0,4494.0,1382.0,47.220798,-1.545744,44109000ET0363
2021-07-12,11 RUE DU COUDRAY,44000.0,butas,33.0,2.0,1,135000.0,4091.0,1382.0,47.233748,-1.541023,44109000BY0633
2021-05-03,11 RUE DU COUDRAY,44000.0,butas,35.0,2.0,0,155000.0,4429.0,1382.0,47.233748,-1.541023,44109000BY0633
2022-02-22,13 RUE DU COUDRAY,44000.0,butas,42.0,3.0,1,238888.0,5688.0,1382.0,47.233748,-1.541023,44109000BY0633
2021-07-13,34 BD DES BELGES,44300.0,namas,149.0,5.0,0,540000.0,3624.0,1382.0,47.234854,-1.539062,44109000AZ0901
2022-01-31,11 RUE DU COUDRAY,44000.0,butas,39.0,2.0,1,168000.0,4308.0,1382.0,47.233748,-1.541023,44109000BY0633
2025-02-10,11 RUE DU COUDRAY,44000.0,butas,69.0,3.0,1,214100.0,3103.0,1382.0,47.233748,-1.541023,44109000BY0633
2024-02-13,2 RUE LORETTE DE LA REFOULAIS,44000.0,butas,52.0,2.0,2,186000.0,3577.0,1382.0,47.220798,-1.545744,44109000ET0363
2021-03-10,11 RUE DU COUDRAY,44000.0,butas,37.0,2.0,1,160000.0,4324.0,1382.0,47.233748,-1.541023,44109000BY0633
2022-07-01,36 RUE DE RACAPE,44300.0,namas,98.0,4.0,0,855000.0,8724.0,1384.0,47.235938,-1.536422,44109000AZ0356
2025-03-31,50 RUE AMIRAL RONARC H,44000.0,butas,72.0,3.0,1,326000.0,4528.0,1385.0,47.224934,-1.546733,44109000EV0514
2023-07-19,23 RUE MAL JOFFRE,44000.0,butas,33.0,1.0,0,90000.0,2727.0,1385.0,47.222281,-1.546368,44109000ET0332
2025-03-04,23 RUE MAL JOFFRE,44000.0,butas,30.0,1.0,0,116000.0,3867.0,1385.0,47.222281,-1.546368,44109000ET0332
2024-11-06,23 RUE MAL JOFFRE,44000.0,butas,30.0,1.0,0,80000.0,2667.0,1385.0,47.222281,-1.546368,44109000ET0332
2022-07-22,76 RUE DE LA TULLAYE,44300.0,namas,150.0,6.0,0,880000.0,5867.0,1385.0,47.235198,-1.538385,44109000AZ0243
2024-05-17,23 RUE MAL JOFFRE,44000.0,butas,38.0,2.0,0,125000.0,3289.0,1385.0,47.222281,-1.546368,44109000ET0332
2022-08-10,50 RUE AMIRAL RONARC H,44000.0,butas,83.0,4.0,3,320000.0,3855.0,1385.0,47.224934,-1.546733,44109000EV0514
2024-12-30,12 QUAI DE MALAKOFF,44000.0,butas,17.0,1.0,0,104000.0,6118.0,1387.0,47.21345,-1.536127,44109000CR0288
2022-11-17,59 RUE DE LA TULLAYE,44300.0,butas,55.0,3.0,1,209400.0,3807.0,1389.0,47.235507,-1.537748,44109000AZ0327
2023-06-30,38 RUE DU COUDRAY,44000.0,butas,40.0,2.0,1,100000.0,2500.0,1389.0,47.23234,-1.543006,44109000BY0432
2021-04-07,38 RUE DU COUDRAY,44000.0,butas,68.0,4.0,0,221400.0,3256.0,1389.0,47.23234,-1.543006,44109000BY0432
2023-04-25,38 RUE DU COUDRAY,44000.0,butas,42.0,2.0,1,90000.0,2143.0,1389.0,47.23234,-1.543006,44109000BY0432
2021-07-19,38 RUE DU COUDRAY,44000.0,butas,40.0,2.0,1,129500.0,3238.0,1389.0,47.23234,-1.543006,44109000BY0432
2022-03-14,38 RUE DU COUDRAY,44000.0,butas,54.0,3.0,1,182000.0,3370.0,1389.0,47.23234,-1.543006,44109000BY0432
2021-03-01,38 RUE DU COUDRAY,44000.0,butas,76.0,5.0,1,250000.0,3289.0,1389.0,47.23234,-1.543006,44109000BY0432
2021-07-27,38 RUE DU COUDRAY,44000.0,butas,65.0,4.0,1,192885.0,2967.0,1389.0,47.23234,-1.543006,44109000BY0432
2022-01-28,59 RUE DE LA TULLAYE,44300.0,butas,39.0,2.0,0,95000.0,2436.0,1389.0,47.235507,-1.537748,44109000AZ0327
2021-01-15,59 RUE DE LA TULLAYE,44300.0,butas,63.0,3.0,0,156000.0,2476.0,1389.0,47.235507,-1.537748,44109000AZ0327
2023-04-25,38 RUE DU COUDRAY,44000.0,butas,80.0,4.0,1,183000.0,2288.0,1389.0,47.23234,-1.543006,44109000BY0432
2022-07-22,59 RUE DE LA TULLAYE,44300.0,butas,42.0,2.0,1,127000.0,3024.0,1389.0,47.235507,-1.537748,44109000AZ0327
2021-01-22,38 RUE DU COUDRAY,44000.0,butas,40.0,2.0,0,155900.0,3898.0,1389.0,47.23234,-1.543006,44109000BY0432
2023-05-05,38 RUE DU COUDRAY,44000.0,butas,60.0,4.0,1,195000.0,3250.0,1389.0,47.23234,-1.543006,44109000BY0432
2024-07-25,59 RUE DE LA TULLAYE,44300.0,butas,25.0,1.0,0,50000.0,2000.0,1389.0,47.235507,-1.537748,44109000AZ0327
2025-10-22,38 RUE DU COUDRAY,44000.0,butas,65.0,4.0,1,259500.0,3992.0,1389.0,47.23234,-1.543006,44109000BY0432
2021-09-22,59 RUE DE LA TULLAYE,44300.0,butas,65.0,3.0,1,198500.0,3054.0,1389.0,47.235507,-1.537748,44109000AZ0327
2022-05-24,38 RUE DU COUDRAY,44000.0,butas,35.0,2.0,1,85000.0,2429.0,1389.0,47.23234,-1.543006,44109000BY0432
2023-05-02,1 AV MARTINE CAROL,44300.0,namas,99.0,5.0,0,470000.0,4747.0,1390.0,47.232625,-1.514147,44109000BH0079
2025-09-12,84 RUE DU LANDREAU,44300.0,butas,61.0,3.0,1,306900.0,5031.0,1390.0,47.232044,-1.513486,44109000BS0235
2024-06-17,11 PL SOPHIE TREBUCHET,44000.0,butas,72.0,3.0,2,196000.0,2722.0,1391.0,47.220097,-1.545497,44109000ER0041
2021-04-07,13 PL SOPHIE TREBUCHET,44000.0,butas,74.0,3.0,0,358250.0,4841.0,1391.0,47.220097,-1.545497,44109000ER0041
2023-04-06,2 RUE GEORGES CLEMENCEAU,44000.0,butas,78.0,3.0,1,345000.0,4423.0,1391.0,47.220097,-1.545497,44109000ER0041
2022-04-15,13 PL SOPHIE TREBUCHET,44000.0,butas,76.0,3.0,1,310000.0,4079.0,1391.0,47.220097,-1.545497,44109000ER0041
2021-06-03,13 PL SOPHIE TREBUCHET,44000.0,butas,73.0,4.0,0,365000.0,5000.0,1391.0,47.220097,-1.545497,44109000ER0041
2021-12-13,11 PL SOPHIE TREBUCHET,44000.0,butas,48.0,2.0,1,265000.0,5521.0,1391.0,47.220097,-1.545497,44109000ER0041
2022-05-30,2 RUE GEORGES CLEMENCEAU,44000.0,butas,78.0,3.0,2,410000.0,5256.0,1391.0,47.220097,-1.545497,44109000ER0041
2025-02-17,11 PL SOPHIE TREBUCHET,44000.0,butas,116.0,6.0,2,482000.0,4155.0,1391.0,47.220097,-1.545497,44109000ER0041
2025-07-04,2 RUE GEORGES CLEMENCEAU,44000.0,butas,75.0,3.0,2,290000.0,3867.0,1391.0,47.220097,-1.545497,44109000ER0041
2023-07-19,13 PL SOPHIE TREBUCHET,44000.0,butas,73.0,3.0,1,310000.0,4247.0,1391.0,47.220097,-1.545497,44109000ER0041
2022-04-22,2 RUE GEORGES CLEMENCEAU,44000.0,butas,79.0,4.0,2,406000.0,5139.0,1391.0,47.220097,-1.545497,44109000ER0041
2024-07-24,11 PL SOPHIE TREBUCHET,44000.0,butas,37.0,2.0,1,167000.0,4514.0,1391.0,47.220097,-1.545497,44109000ER0041
2021-12-13,11 PL SOPHIE TREBUCHET,44000.0,butas,72.0,3.0,2,287500.0,3993.0,1391.0,47.220097,-1.545497,44109000ER0041
2021-08-03,4 AV BON ACCUEIL,44300.0,namas,105.0,6.0,0,460000.0,4381.0,1392.0,47.235434,-1.518835,44109000BE0102
2022-09-21,19 RUE DU COUDRAY,44000.0,butas,63.0,4.0,1,125000.0,1984.0,1393.0,47.233195,-1.542032,44109000BY0221
2025-05-09,19 RUE DU COUDRAY,44000.0,butas,63.0,4.0,2,160000.0,2540.0,1393.0,47.233195,-1.542032,44109000BY0221
2021-12-09,19 RUE DU COUDRAY,44000.0,butas,53.0,3.0,2,160000.0,3019.0,1393.0,47.233195,-1.542032,44109000BY0221
2022-07-01,19 RUE DU COUDRAY,44000.0,butas,53.0,3.0,1,180000.0,3396.0,1393.0,47.233195,-1.542032,44109000BY0221
2021-09-16,85 BD AUGUSTE PENEAU,44300.0,namas,79.0,4.0,0,416000.0,5266.0,1397.0,47.229832,-1.511515,44109000BS0290
2022-03-23,28 AV DU PARC DU GD BLOTTEREAU,44300.0,namas,93.0,5.0,0,380000.0,4086.0,1397.0,47.230415,-1.511929,44109000BS0275
2022-07-26,12 RUE DU PORT GUICHARD,44000.0,butas,61.0,3.0,2,265000.0,4344.0,1405.0,47.231961,-1.543675,44109000BY0433
2024-12-12,12 RUE DU PORT GUICHARD,44000.0,butas,61.0,3.0,2,240000.0,3934.0,1405.0,47.231961,-1.543675,44109000BY0433
2022-01-06,12 RUE DU PORT GUICHARD,44000.0,butas,60.0,3.0,2,250000.0,4167.0,1405.0,47.231961,-1.543675,44109000BY0433
2025-07-31,21 RUE GAMBETTA,44000.0,butas,27.0,1.0,0,158075.0,5855.0,1407.0,47.220314,-1.545842,44109000ER0272
2023-08-31,21 RUE GAMBETTA,44000.0,butas,83.0,3.0,0,345700.0,4165.0,1407.0,47.220314,-1.545842,44109000ER0272
2024-08-30,55 RUE DE LA TULLAYE,44300.0,namas,132.0,6.0,0,620000.0,4697.0,1407.0,47.235856,-1.537327,44109000AZ0331
2021-07-13,21 RUE GAMBETTA,44000.0,butas,90.0,4.0,1,365000.0,4056.0,1407.0,47.220314,-1.545842,44109000ER0272
2023-12-29,21 RUE GAMBETTA,44000.0,butas,27.0,1.0,0,120000.0,4444.0,1407.0,47.220314,-1.545842,44109000ER0272
2023-09-06,48 BD DES BELGES,44300.0,namas,110.0,4.0,1,567000.0,5155.0,1408.0,47.234836,-1.539669,44109000AZ0935
2021-11-08,32 AV DU PARC DU GD BLOTTEREAU,44300.0,namas,79.0,4.0,0,365000.0,4620.0,1409.0,47.23063,-1.511913,44109000BS0277
2025-11-27,32 AV DU PARC DU GD BLOTTEREAU,44300.0,namas,79.0,4.0,0,384000.0,4861.0,1409.0,47.23063,-1.511913,44109000BS0277
2023-01-13,3 RUE DE LOURMEL,44000.0,butas,57.0,2.0,1,118000.0,2070.0,1411.0,47.215813,-1.541639,44109000CR0011
2022-10-03,3 RUE DE LOURMEL,44000.0,butas,57.0,2.0,1,340000.0,5965.0,1411.0,47.215813,-1.541639,44109000CR0011
2021-07-15,7 RUE DU COUDRAY,44000.0,namas,63.0,4.0,2,298000.0,4730.0,1411.0,47.233929,-1.541303,44109000BY0135
2025-05-16,3 RUE DE LOURMEL,44000.0,butas,57.0,2.0,1,195000.0,3421.0,1411.0,47.215813,-1.541639,44109000CR0011
2025-04-25,3 RUE DE LOURMEL,44000.0,butas,57.0,2.0,1,158000.0,2772.0,1411.0,47.215813,-1.541639,44109000CR0011
2021-05-04,3 RUE DE LOURMEL,44000.0,butas,57.0,2.0,1,355000.0,6228.0,1411.0,47.215813,-1.541639,44109000CR0011
2023-09-20,2 RUE DES REMORQUEURS,44000.0,butas,60.0,3.0,1,205000.0,3417.0,1412.0,47.215467,-1.54114,44109000CR0035
2023-02-16,5 AV DE L AUMONERIE,44000.0,namas,148.0,5.0,1,830000.0,5608.0,1414.0,47.230953,-1.544751,44109000BZ0070
2021-06-14,35 RUE DE RACAPE,44300.0,namas,106.0,5.0,0,727700.0,6865.0,1414.0,47.23605,-1.536971,44109000AZ0338
2023-05-11,9 AV DU PARC DU GD BLOTTEREAU,44300.0,namas,85.0,4.0,0,415000.0,4882.0,1415.0,47.23012,-1.511446,44109000BS0299
2024-08-22,96 RUE DU CROISSANT,44300.0,butas,15.0,1.0,0,60000.0,4000.0,1415.0,47.237151,-1.524245,44109000BD0041
2025-06-30,96 RUE DU CROISSANT,44300.0,butas,22.0,1.0,0,72000.0,3273.0,1415.0,47.237151,-1.524245,44109000BD0041
2022-05-09,14 AV MON REPOS,44300.0,namas,85.0,6.0,0,420000.0,4941.0,1418.0,47.237361,-1.531165,44109000AY0036
2021-10-08,4 RUE MONTCALM,44000.0,butas,50.0,1.0,0,220420.0,4408.0,1418.0,47.217829,-1.544165,44109000ER0098
2025-09-30,17 RUE GAL DE SONIS,44000.0,namas,270.0,8.0,1,1390000.0,5148.0,1418.0,47.227962,-1.546579,44109000BZ0467
2023-08-29,8 AV DU CHALET,44000.0,namas,145.0,5.0,0,730000.0,5034.0,1419.0,47.230748,-1.544984,44109000BZ0078
2021-08-26,79 RUE DU LANDREAU,44300.0,namas,91.0,4.0,0,408850.0,4493.0,1420.0,47.232593,-1.513601,44109000BH0064
2024-04-25,48 RUE DE RACAPE,44300.0,namas,95.0,5.0,0,455000.0,4789.0,1422.0,47.236394,-1.536181,44109000AZ0362
2025-10-17,12 AV CHANZY,44000.0,namas,115.0,4.0,1,649000.0,5643.0,1422.0,47.225252,-1.547218,44109000EV0172
2024-08-29,16 QUAI DE MALAKOFF,44000.0,butas,32.0,1.0,1,220000.0,6875.0,1425.0,47.213489,-1.537375,44109000CR0101
2023-11-06,16 QUAI DE MALAKOFF,44000.0,butas,63.0,3.0,1,250000.0,3968.0,1425.0,47.213489,-1.537375,44109000CR0101
2023-09-25,16 QUAI DE MALAKOFF,44000.0,butas,29.0,1.0,0,95000.0,3276.0,1425.0,47.213489,-1.537375,44109000CR0101
2024-11-29,11 AV GERARD PHILIPPE,44300.0,namas,85.0,4.0,0,280000.0,3294.0,1426.0,47.232146,-1.513019,44109000BS0325
2024-03-20,8 RUE PREFET BONNEFOY,44000.0,butas,52.0,4.0,1,88000.0,1692.0,1427.0,47.224442,-1.54729,44109000EV0516
2024-04-12,19 AV BON ACCUEIL,44300.0,namas,125.0,5.0,0,461347.0,3691.0,1429.0,47.235026,-1.517087,44109000BE0433
2024-02-26,14 AV CHANZY,44000.0,namas,155.0,7.0,0,767000.0,4948.0,1429.0,47.225298,-1.547304,44109000EV0171
2024-07-19,23 AV BON ACCUEIL,44300.0,namas,109.0,4.0,0,400000.0,3670.0,1431.0,47.234811,-1.516621,44109000BE0446
2024-06-18,16 RUE PREFET BONNEFOY,44000.0,butas,86.0,4.0,0,298000.0,3465.0,1433.0,47.224069,-1.547354,44109000EV0270
2025-03-31,43 RUE DE RACAPE,44300.0,namas,192.0,6.0,0,799000.0,4161.0,1433.0,47.23633,-1.536736,44109000AZ0346
2024-09-20,16 RUE PREFET BONNEFOY,44000.0,butas,70.0,3.0,1,288000.0,4114.0,1433.0,47.224069,-1.547354,44109000EV0270
2025-04-09,33 RUE PREFET BONNEFOY,44000.0,butas,94.0,4.0,2,319500.0,3399.0,1435.0,47.222791,-1.547178,44109000EW0361
2024-05-22,12 RUE MAL JOFFRE,44000.0,butas,87.0,4.0,2,350000.0,4023.0,1435.0,47.222791,-1.547178,44109000EW0361
2025-12-22,9 AV DE L AUMONERIE,44000.0,namas,141.0,7.0,1,700000.0,4965.0,1435.0,47.231028,-1.545006,44109000BZ0069
2022-07-12,12 RUE MAL JOFFRE,44000.0,butas,87.0,4.0,2,370000.0,4253.0,1435.0,47.222791,-1.547178,44109000EW0361
2021-04-07,14 RUE MAL JOFFRE,44000.0,butas,37.0,2.0,0,137000.0,3703.0,1435.0,47.222791,-1.547178,44109000EW0361
2021-11-22,14 RUE MAL JOFFRE,44000.0,butas,70.0,3.0,2,330000.0,4714.0,1435.0,47.222791,-1.547178,44109000EW0361
2025-07-24,33 RUE PREFET BONNEFOY,44000.0,butas,34.0,2.0,2,130000.0,3824.0,1435.0,47.222791,-1.547178,44109000EW0361
2021-08-30,12 RUE MAL JOFFRE,44000.0,butas,45.0,2.0,2,205500.0,4567.0,1435.0,47.222791,-1.547178,44109000EW0361
2025-09-22,33 RUE PREFET BONNEFOY,44000.0,butas,145.0,5.0,2,200000.0,1379.0,1435.0,47.222791,-1.547178,44109000EW0361
2021-07-08,6 RUE DU PT ST LAURENT,44300.0,namas,119.0,4.0,0,522800.0,4393.0,1436.0,47.235694,-1.538485,44109000AZ0235
2023-02-20,13 AV CHANZY,44000.0,namas,131.0,5.0,0,563000.0,4298.0,1438.0,47.224886,-1.547444,44109000EV0285
2021-04-12,13 RUE DE LA BERAUDIERE,44000.0,butas,67.0,3.0,1,309914.0,4626.0,1439.0,47.226442,-1.547291,44109000EV0168
2021-01-04,11 AV DES AMANDINES,44300.0,butas,46.0,1.0,1,143900.0,3128.0,1439.0,47.236654,-1.520963,44109000BD0123
2023-03-03,15 AV DES AMANDINES,44300.0,butas,56.0,2.0,1,136000.0,2429.0,1439.0,47.236654,-1.520963,44109000BD0123
2021-02-01,15 AV DES AMANDINES,44300.0,butas,32.0,1.0,1,85000.0,2656.0,1439.0,47.236654,-1.520963,44109000BD0123
2021-01-08,13 AV DES AMANDINES,44300.0,butas,92.0,4.0,1,226000.0,2457.0,1439.0,47.236654,-1.520963,44109000BD0123
2021-04-06,15 AV DES AMANDINES,44300.0,butas,79.0,3.0,1,201942.0,2556.0,1439.0,47.236654,-1.520963,44109000BD0123
2021-09-28,11 AV DES AMANDINES,44300.0,butas,95.0,4.0,1,134900.0,1420.0,1439.0,47.236654,-1.520963,44109000BD0123
2025-09-15,13 RUE DE LA BERAUDIERE,44000.0,butas,116.0,3.0,2,440000.0,3793.0,1439.0,47.226442,-1.547291,44109000EV0168
2021-09-14,15 AV DES AMANDINES,44300.0,butas,32.0,1.0,1,50300.0,1572.0,1439.0,47.236654,-1.520963,44109000BD0123
2021-07-30,15 AV DES AMANDINES,44300.0,butas,79.0,3.0,1,199500.0,2525.0,1439.0,47.236654,-1.520963,44109000BD0123
2022-07-04,15 AV DES AMANDINES,44300.0,butas,79.0,3.0,1,225000.0,2848.0,1439.0,47.236654,-1.520963,44109000BD0123
2022-08-19,11 AV DES AMANDINES,44300.0,butas,94.0,4.0,1,131600.0,1400.0,1439.0,47.236654,-1.520963,44109000BD0123
2022-06-22,9 AV DES AMANDINES,44300.0,butas,80.0,3.0,1,185000.0,2312.0,1439.0,47.236654,-1.520963,44109000BD0123
2021-04-14,11 AV DES AMANDINES,44300.0,butas,83.0,3.0,1,190000.0,2289.0,1439.0,47.236654,-1.520963,44109000BD0123
2023-01-06,13 AV DES AMANDINES,44300.0,butas,52.0,1.0,1,84000.0,1615.0,1439.0,47.236654,-1.520963,44109000BD0123
2022-02-15,15 AV DES AMANDINES,44300.0,butas,56.0,2.0,1,149000.0,2661.0,1439.0,47.236654,-1.520963,44109000BD0123
2024-01-19,13 RUE DE LA BERAUDIERE,44000.0,butas,67.0,3.0,2,280000.0,4179.0,1439.0,47.226442,-1.547291,44109000EV0168
2021-12-13,15 AV DES AMANDINES,44300.0,butas,75.0,2.0,1,158000.0,2107.0,1439.0,47.236654,-1.520963,44109000BD0123
2024-05-07,15 AV DES AMANDINES,44300.0,butas,56.0,2.0,1,95400.0,1704.0,1439.0,47.236654,-1.520963,44109000BD0123
2025-07-28,29 AV BON ACCUEIL,44300.0,namas,107.0,4.0,0,305000.0,2850.0,1439.0,47.234606,-1.516094,44109000BE0449
2022-06-21,13 AV DES AMANDINES,44300.0,butas,52.0,1.0,1,147000.0,2827.0,1439.0,47.236654,-1.520963,44109000BD0123
2021-05-11,11 AV DES AMANDINES,44300.0,butas,80.0,3.0,1,113600.0,1420.0,1439.0,47.236654,-1.520963,44109000BD0123
2022-03-04,15 AV DES AMANDINES,44300.0,butas,79.0,3.0,1,189000.0,2392.0,1439.0,47.236654,-1.520963,44109000BD0123
2025-12-17,15 AV DES AMANDINES,44300.0,butas,85.0,3.0,1,114300.0,1345.0,1439.0,47.236654,-1.520963,44109000BD0123
2025-02-24,13 RUE DE LA BERAUDIERE,44000.0,butas,103.0,5.0,3,435000.0,4223.0,1439.0,47.226442,-1.547291,44109000EV0168
2022-11-15,1 RUE DES MILLEPERTUIS,44300.0,namas,109.0,4.0,0,290000.0,2661.0,1440.0,47.234546,-1.515972,44109000BE0450
2021-02-03,20 RUE DU PORT GUICHARD,44000.0,butas,55.0,2.0,0,235000.0,4273.0,1443.0,47.232019,-1.544224,44109000BY0560
2021-04-27,85 RUE DU LANDREAU,44300.0,namas,87.0,6.0,0,333000.0,3828.0,1444.0,47.232677,-1.513294,44109000BH0010
2025-12-11,42 RUE DESAIX,44000.0,namas,169.0,8.0,0,750000.0,4438.0,1444.0,47.227869,-1.546965,44109000BZ0316
2022-02-11,18 RUE MAL JOFFRE,44000.0,butas,140.0,5.0,0,660000.0,4714.0,1446.0,47.22253,-1.547259,44109000EW0430
2023-05-12,16 RUE MAL JOFFRE,44000.0,namas,92.0,4.0,0,560000.0,6087.0,1446.0,47.22253,-1.547259,44109000EW0430
2022-07-22,18 RUE MAL JOFFRE,44000.0,butas,50.0,2.0,0,219500.0,4390.0,1446.0,47.22253,-1.547259,44109000EW0430
2022-06-30,1 RUE DU BOIS ROBILLARD,44300.0,namas,148.0,5.0,0,615000.0,4155.0,1448.0,47.235143,-1.516891,44109000BE0435
2021-08-06,50 BD DES BELGES,44300.0,butas,42.0,2.0,1,195000.0,4643.0,1449.0,47.234677,-1.540821,44109000AZ0887
2021-05-12,50 BD DES BELGES,44300.0,butas,42.0,2.0,1,166775.0,3971.0,1449.0,47.234677,-1.540821,44109000AZ0887
2025-07-17,31 RUE GAMBETTA,44000.0,butas,61.0,3.0,1,325000.0,5328.0,1450.0,47.220178,-1.546372,44109000ER0189
2024-02-29,31 RUE GAMBETTA,44000.0,butas,21.0,1.0,0,103400.0,4924.0,1450.0,47.220178,-1.546372,44109000ER0189
2023-06-27,31 RUE GAMBETTA,44000.0,butas,124.0,3.0,1,573000.0,4621.0,1450.0,47.220178,-1.546372,44109000ER0189
2021-12-14,31 RUE GAMBETTA,44000.0,butas,33.0,2.0,0,150000.0,4545.0,1450.0,47.220178,-1.546372,44109000ER0189
2025-05-30,31 RUE GAMBETTA,44000.0,butas,33.0,2.0,1,132500.0,4015.0,1450.0,47.220178,-1.546372,44109000ER0189
2021-09-22,31 RUE GAMBETTA,44000.0,butas,36.0,2.0,1,162000.0,4500.0,1450.0,47.220178,-1.546372,44109000ER0189
2023-06-19,31 RUE GAMBETTA,44000.0,butas,33.0,2.0,1,151000.0,4576.0,1450.0,47.220178,-1.546372,44109000ER0189
2021-03-23,31 RUE GAMBETTA,44000.0,butas,62.0,3.0,0,275000.0,4435.0,1450.0,47.220178,-1.546372,44109000ER0189
2025-01-29,31 RUE GAMBETTA,44000.0,butas,36.0,2.0,0,130000.0,3611.0,1450.0,47.220178,-1.546372,44109000ER0189
2022-03-15,15 CHE DU HAUT LANDREAU,44300.0,namas,144.0,6.0,1,670000.0,4653.0,1452.0,47.231959,-1.512408,44109000BS0654
2022-04-26,15 CHE DU HAUT LANDREAU,44300.0,namas,144.0,6.0,1,240000.0,1667.0,1452.0,47.231959,-1.512408,44109000BS0654
2022-01-31,21 RUE DU PORT GUICHARD,44000.0,butas,75.0,3.0,2,380000.0,5067.0,1453.0,47.231823,-1.544583,44109000BZ0693
2021-10-19,24 QUAI DE MALAKOFF,44000.0,namas,135.0,6.0,0,590000.0,4370.0,1453.0,47.21358,-1.538341,44109000CR0075
2022-02-24,22 AV MON REPOS,44300.0,namas,165.0,9.0,1,600000.0,3636.0,1453.0,47.237695,-1.530952,44109000AY0140
2022-08-18,50 BD JULES VERNE,44300.0,butas,83.0,4.0,1,365000.0,4398.0,1454.0,47.237545,-1.532366,44109000AY0123
2022-09-01,50 BD JULES VERNE,44300.0,butas,60.0,3.0,1,220000.0,3667.0,1454.0,47.237545,-1.532366,44109000AY0123
2022-12-28,50 BD JULES VERNE,44300.0,butas,31.0,2.0,1,135000.0,4355.0,1454.0,47.237545,-1.532366,44109000AY0123
2022-07-25,50 BD JULES VERNE,44300.0,butas,60.0,3.0,1,245000.0,4083.0,1454.0,47.237545,-1.532366,44109000AY0123
2024-09-20,50 BD JULES VERNE,44300.0,butas,48.0,2.0,1,160000.0,3333.0,1454.0,47.237545,-1.532366,44109000AY0123
2024-09-16,50 BD JULES VERNE,44300.0,butas,92.0,5.0,1,398500.0,4332.0,1454.0,47.237545,-1.532366,44109000AY0123
2024-10-11,18 RUE PREFET BONNEFOY,44000.0,butas,22.0,1.0,0,79000.0,3591.0,1454.0,47.223967,-1.547619,44109000EV0269
2024-01-18,18 RUE PREFET BONNEFOY,44000.0,butas,80.0,4.0,1,383000.0,4788.0,1454.0,47.223967,-1.547619,44109000EV0269
2024-01-18,18 RUE PREFET BONNEFOY,44000.0,butas,80.0,4.0,1,300000.0,3750.0,1454.0,47.223967,-1.547619,44109000EV0269
2025-10-20,50 BD JULES VERNE,44300.0,butas,83.0,4.0,1,389900.0,4698.0,1454.0,47.237545,-1.532366,44109000AY0123
2024-09-02,33 RUE DESAIX,44000.0,namas,175.0,6.0,1,875000.0,5000.0,1455.0,47.227448,-1.547261,44109000EV0111
2022-09-12,15 AV CHANZY,44000.0,butas,51.0,3.0,1,259000.0,5078.0,1455.0,47.224829,-1.547664,44109000EV0286
2021-03-19,15 AV CHANZY,44000.0,butas,61.0,4.0,1,260000.0,4262.0,1455.0,47.224829,-1.547664,44109000EV0286
2024-07-26,15 AV CHANZY,44000.0,butas,61.0,4.0,1,220171.0,3609.0,1455.0,47.224829,-1.547664,44109000EV0286
2022-05-13,15 AV CHANZY,44000.0,butas,61.0,4.0,1,220000.0,3607.0,1455.0,47.224829,-1.547664,44109000EV0286
2021-06-08,15 AV CHANZY,44000.0,butas,61.0,4.0,2,185000.0,3033.0,1455.0,47.224829,-1.547664,44109000EV0286
2024-04-24,15 AV CHANZY,44000.0,butas,51.0,3.0,1,155000.0,3039.0,1455.0,47.224829,-1.547664,44109000EV0286
2024-09-11,1 RUE DE LORRAINE,44000.0,butas,62.0,4.0,2,205100.0,3308.0,1456.0,47.233587,-1.542625,44109000BY0449
2024-01-12,1 RUE DE LORRAINE,44000.0,butas,63.0,3.0,2,195000.0,3095.0,1456.0,47.233587,-1.542625,44109000BY0449
2022-06-21,16 RUE DU COUDRAY,44000.0,butas,71.0,4.0,2,280000.0,3944.0,1456.0,47.233587,-1.542625,44109000BY0449
2024-09-26,17 AV CHANZY,44000.0,namas,94.0,5.0,1,400000.0,4255.0,1456.0,47.225014,-1.547675,44109000EV0287
2025-10-10,1 RUE DE LORRAINE,44000.0,butas,62.0,4.0,1,150000.0,2419.0,1456.0,47.233587,-1.542625,44109000BY0449
2022-05-17,16 RUE DU COUDRAY,44000.0,butas,66.0,4.0,2,295000.0,4470.0,1456.0,47.233587,-1.542625,44109000BY0449
2024-10-31,24 RUE MAL JOFFRE,44000.0,butas,17.0,1.0,0,100000.0,5882.0,1457.0,47.222201,-1.54732,44109000EW0091
2022-08-22,24 RUE MAL JOFFRE,44000.0,butas,40.0,2.0,0,220000.0,5500.0,1457.0,47.222201,-1.54732,44109000EW0091
2022-05-30,18 AV MARTINE CAROL,44300.0,namas,100.0,5.0,0,514480.0,5145.0,1458.0,47.233171,-1.513634,44109000BH0117
2025-03-27,58 BD DES BELGES,44300.0,butas,33.0,2.0,1,106000.0,3212.0,1458.0,47.234751,-1.540889,44109000AZ0276
2025-07-15,10 RUE DU PT ST LAURENT,44300.0,namas,113.0,5.0,0,520000.0,4602.0,1460.0,47.235835,-1.538761,44109000AZ0224
2022-09-26,11 RUE DES ECACHOIRS,44000.0,butas,47.0,2.0,1,240900.0,5126.0,1464.0,47.227051,-1.547483,44109000EV0124
2024-03-20,11 RUE DES ECACHOIRS,44000.0,butas,50.0,2.0,1,160000.0,3200.0,1464.0,47.227051,-1.547483,44109000EV0124
2022-01-28,16 RUE DE LA BERAUDIERE,44000.0,butas,62.0,3.0,1,320000.0,5161.0,1464.0,47.227051,-1.547483,44109000EV0124
2023-07-10,24 AV MARTINE CAROL,44300.0,namas,97.0,5.0,0,430000.0,4433.0,1464.0,47.233528,-1.513994,44109000BH0111
2021-04-09,4 RUE DES TULIPES,44300.0,namas,97.0,5.0,0,369400.0,3808.0,1464.0,47.235418,-1.517076,44109000BE0125
2021-02-15,11 RUE DES ECACHOIRS,44000.0,butas,51.0,2.0,1,230000.0,4510.0,1464.0,47.227051,-1.547483,44109000EV0124
2022-07-01,16 RUE DE LA BERAUDIERE,44000.0,butas,125.0,4.0,1,688500.0,5508.0,1464.0,47.227051,-1.547483,44109000EV0124
2022-06-10,14 AV DE L AUMONERIE,44000.0,namas,41.0,2.0,0,240000.0,5854.0,1465.0,47.231386,-1.545157,44109000BZ0063
2023-05-30,27 QUAI DE MALAKOFF,44000.0,butas,52.0,1.0,2,187000.0,3596.0,1465.0,47.213513,-1.538503,44109000CR0073
2021-03-05,27 QUAI DE MALAKOFF,44000.0,butas,52.0,1.0,0,180000.0,3462.0,1465.0,47.213513,-1.538503,44109000CR0073
2021-10-15,20 RUE MAL JOFFRE,44000.0,butas,47.0,3.0,2,270000.0,5745.0,1466.0,47.22247,-1.547514,44109000EW0339
2023-03-30,20 RUE PHILEAS FOGG,44300.0,namas,98.0,4.0,0,626365.0,6391.0,1466.0,47.237914,-1.527549,44109000AY0176
2021-07-28,2 RUE DU COUDRAY,44000.0,butas,55.0,3.0,1,248000.0,4509.0,1466.0,47.234401,-1.541617,44109000BY0105
2022-06-27,35 RUE DESAIX,44000.0,namas,143.0,7.0,1,970000.0,6783.0,1468.0,47.227466,-1.54742,44109000EV0110
2021-07-30,45 QUAI DE MALAKOFF,44000.0,butas,80.0,4.0,1,343000.0,4288.0,1468.0,47.214931,-1.541377,44109000CR0189
2022-06-07,45 QUAI DE MALAKOFF,44000.0,butas,21.0,1.0,1,95000.0,4524.0,1468.0,47.214931,-1.541377,44109000CR0189
2025-07-28,9 RUE DU PT ST LAURENT,44300.0,namas,200.0,6.0,0,1020000.0,5100.0,1469.0,47.235653,-1.539372,44109000AZ0252
2025-07-07,10 RUE DU PT ST LAURENT,44300.0,namas,81.0,4.0,0,360000.0,4444.0,1469.0,47.235832,-1.538982,44109000AZ0912
2023-12-15,8 AV DU PARC DU GD BLOTTEREAU,44300.0,namas,79.0,4.0,0,338100.0,4280.0,1470.0,47.230339,-1.510801,44109000BS0291
2021-12-03,37 RUE DE LA TULLAYE,44300.0,namas,60.0,3.0,0,417000.0,6950.0,1470.0,47.236594,-1.537043,44109000AZ0349
2022-02-10,44 QUAI DE MALAKOFF,44000.0,butas,29.0,1.0,1,110000.0,3793.0,1470.0,47.214748,-1.541111,44109000CR0188
2022-02-08,44 QUAI DE MALAKOFF,44000.0,butas,80.0,3.0,2,290000.0,3625.0,1470.0,47.214748,-1.541111,44109000CR0188
2025-02-27,44 QUAI DE MALAKOFF,44000.0,butas,60.0,4.0,1,223500.0,3725.0,1470.0,47.214748,-1.541111,44109000CR0188
2024-02-12,11 RUE PHILEAS FOGG,44300.0,butas,71.0,4.0,2,184000.0,2592.0,1472.0,47.237954,-1.529581,44109000AY0256
2021-01-22,6 RUE MICHEL STROGOFF,44300.0,butas,59.0,3.0,1,120000.0,2034.0,1472.0,47.237954,-1.529581,44109000AY0256
2025-12-11,9 RUE MICHEL STROGOFF,44300.0,butas,68.0,4.0,2,175000.0,2574.0,1472.0,47.237954,-1.529581,44109000AY0256
2021-01-27,2 RUE DU PETIT BEL AIR,44300.0,butas,28.0,1.0,1,110000.0,3929.0,1472.0,47.237786,-1.525132,44109000BD0018
2021-07-20,1 RUE PHILEAS FOGG,44300.0,butas,70.0,4.0,2,230000.0,3286.0,1472.0,47.237954,-1.529581,44109000AY0256
2025-02-26,3 RUE PHILEAS FOGG,44300.0,butas,70.0,4.0,2,175000.0,2500.0,1472.0,47.237954,-1.529581,44109000AY0256
2022-01-18,9 RUE MICHEL STROGOFF,44300.0,butas,68.0,4.0,2,230000.0,3382.0,1472.0,47.237954,-1.529581,44109000AY0256
2022-01-25,3 RUE PHILEAS FOGG,44300.0,butas,70.0,4.0,2,180000.0,2571.0,1472.0,47.237954,-1.529581,44109000AY0256
2022-09-19,4 RUE MICHEL STROGOFF,44300.0,butas,57.0,3.0,2,178000.0,3123.0,1472.0,47.237954,-1.529581,44109000AY0256
2022-02-22,6 RUE MICHEL STROGOFF,44300.0,butas,58.0,3.0,2,167200.0,2883.0,1472.0,47.237954,-1.529581,44109000AY0256
2022-02-25,18 RUE CAP NEMO,44300.0,butas,69.0,4.0,2,219160.0,3176.0,1472.0,47.237954,-1.529581,44109000AY0256
2024-05-07,5 RUE PHILEAS FOGG,44300.0,butas,70.0,4.0,2,186000.0,2657.0,1472.0,47.237954,-1.529581,44109000AY0256
2024-03-07,14 RUE CAP NEMO,44300.0,butas,68.0,4.0,2,174000.0,2559.0,1472.0,47.237954,-1.529581,44109000AY0256
2025-09-01,17 RUE CAP NEMO,44300.0,butas,69.0,4.0,2,165000.0,2391.0,1472.0,47.237954,-1.529581,44109000AY0256
2021-12-15,9 RUE MICHEL STROGOFF,44300.0,butas,68.0,4.0,2,229000.0,3368.0,1472.0,47.237954,-1.529581,44109000AY0256
2021-06-09,2 RUE DU PETIT BEL AIR,44300.0,butas,27.0,1.0,0,110000.0,4074.0,1472.0,47.237786,-1.525132,44109000BD0018
2024-06-10,11 RUE MICHEL STROGOFF,44300.0,butas,81.0,5.0,2,168000.0,2074.0,1472.0,47.237954,-1.529581,44109000AY0256
2021-10-29,15 RUE CAP NEMO,44300.0,butas,68.0,4.0,2,225000.0,3309.0,1472.0,47.237954,-1.529581,44109000AY0256
2021-11-08,11 RUE PHILEAS FOGG,44300.0,butas,71.0,1.0,2,229690.0,3235.0,1472.0,47.237954,-1.529581,44109000AY0256
2021-09-30,9 RUE MICHEL STROGOFF,44300.0,butas,68.0,4.0,2,218000.0,3206.0,1472.0,47.237954,-1.529581,44109000AY0256
2024-05-29,17 RUE CAP NEMO,44300.0,butas,83.0,5.0,2,200000.0,2410.0,1472.0,47.237954,-1.529581,44109000AY0256
2021-10-29,13 RUE PHILEAS FOGG,44300.0,butas,84.0,5.0,2,245000.0,2917.0,1472.0,47.237954,-1.529581,44109000AY0256
2021-05-28,15 RUE CAP NEMO,44300.0,butas,68.0,4.0,2,168500.0,2478.0,1472.0,47.237954,-1.529581,44109000AY0256
2025-06-16,1 RUE MICHEL STROGOFF,44300.0,butas,59.0,3.0,2,167000.0,2831.0,1472.0,47.237954,-1.529581,44109000AY0256
2024-07-17,5 RUE PHILEAS FOGG,44300.0,butas,83.0,5.0,2,222857.2,2685.0,1472.0,47.237954,-1.529581,44109000AY0256
2021-11-25,13 RUE PHILEAS FOGG,44300.0,butas,59.0,3.0,2,214000.0,3627.0,1472.0,47.237954,-1.529581,44109000AY0256
2021-04-01,16 RUE CAP NEMO,44300.0,butas,68.0,4.0,1,185000.0,2721.0,1472.0,47.237954,-1.529581,44109000AY0256
2021-12-03,2 RUE DU PETIT BEL AIR,44300.0,butas,71.0,3.0,1,208500.0,2937.0,1472.0,47.237786,-1.525132,44109000BD0018
2021-04-16,12 RUE MICHEL STROGOFF,44300.0,butas,68.0,4.0,1,185000.0,2721.0,1472.0,47.237954,-1.529581,44109000AY0256
2025-10-24,7 RUE MICHEL STROGOFF,44300.0,butas,84.0,5.0,2,199600.0,2376.0,1472.0,47.237954,-1.529581,44109000AY0256
2022-04-19,11 RUE MICHEL STROGOFF,44300.0,butas,68.0,4.0,2,190000.0,2794.0,1472.0,47.237954,-1.529581,44109000AY0256
2023-07-04,5 RUE PHILEAS FOGG,44300.0,butas,79.0,4.0,2,190000.0,2405.0,1472.0,47.237954,-1.529581,44109000AY0256
2023-10-17,11 RUE PHILEAS FOGG,44300.0,butas,71.0,4.0,2,213000.0,3000.0,1472.0,47.237954,-1.529581,44109000AY0256
2025-12-19,3 RUE MICHEL STROGOFF,44300.0,butas,57.0,3.0,2,162000.0,2842.0,1472.0,47.237954,-1.529581,44109000AY0256
2022-03-30,18 RUE CAP NEMO,44300.0,butas,78.0,4.0,2,220000.0,2821.0,1472.0,47.237954,-1.529581,44109000AY0256
2021-07-08,2 RUE DU PETIT BEL AIR,44300.0,butas,45.0,2.0,1,166000.0,3689.0,1472.0,47.237786,-1.525132,44109000BD0018
2025-03-26,17 RUE CAP NEMO,44300.0,butas,69.0,4.0,2,185000.0,2681.0,1472.0,47.237954,-1.529581,44109000AY0256
2022-09-14,6 RUE MICHEL STROGOFF,44300.0,butas,58.0,3.0,2,152600.0,2631.0,1472.0,47.237954,-1.529581,44109000AY0256
2022-09-19,17 RUE CAP NEMO,44300.0,butas,69.0,4.0,2,196026.0,2841.0,1472.0,47.237954,-1.529581,44109000AY0256
2022-09-30,2 RUE MICHEL STROGOFF,44300.0,butas,70.0,4.0,2,225000.0,3214.0,1472.0,47.237954,-1.529581,44109000AY0256
2022-09-20,7 RUE MICHEL STROGOFF,44300.0,butas,59.0,3.0,2,173000.0,2932.0,1472.0,47.237954,-1.529581,44109000AY0256
2021-10-12,1 RUE MICHEL STROGOFF,44300.0,butas,57.0,3.0,2,208000.0,3649.0,1472.0,47.237954,-1.529581,44109000AY0256
2024-08-28,16 RUE CAP NEMO,44300.0,butas,68.0,4.0,2,132100.0,1943.0,1472.0,47.237954,-1.529581,44109000AY0256
2025-09-30,12 RUE MICHEL STROGOFF,44300.0,butas,68.0,4.0,2,160500.0,2360.0,1472.0,47.237954,-1.529581,44109000AY0256
2024-11-04,7 RUE MICHEL STROGOFF,44300.0,butas,59.0,3.0,2,180000.0,3051.0,1472.0,47.237954,-1.529581,44109000AY0256
2022-07-11,18 RUE CAP NEMO,44300.0,butas,65.0,4.0,2,217000.0,3338.0,1472.0,47.237954,-1.529581,44109000AY0256
2022-06-24,2 RUE MICHEL STROGOFF,44300.0,butas,68.0,4.0,2,208016.0,3059.0,1472.0,47.237954,-1.529581,44109000AY0256
2022-08-03,4 RUE MICHEL STROGOFF,44300.0,butas,56.0,3.0,2,159000.0,2839.0,1472.0,47.237954,-1.529581,44109000AY0256
2022-07-21,13 RUE CAP NEMO,44300.0,butas,68.0,4.0,2,170000.0,2500.0,1472.0,47.237954,-1.529581,44109000AY0256
2022-08-30,9 RUE MICHEL STROGOFF,44300.0,butas,68.0,4.0,2,225000.0,3309.0,1472.0,47.237954,-1.529581,44109000AY0256
2023-02-10,4 RUE MICHEL STROGOFF,44300.0,butas,58.0,3.0,2,167000.0,2879.0,1472.0,47.237954,-1.529581,44109000AY0256
2023-02-03,11 RUE PHILEAS FOGG,44300.0,butas,71.0,4.0,2,225000.0,3169.0,1472.0,47.237954,-1.529581,44109000AY0256
2023-05-17,10 RUE MICHEL STROGOFF,44300.0,butas,68.0,4.0,2,230000.0,3382.0,1472.0,47.237954,-1.529581,44109000AY0256
2021-06-30,2 RUE DU PETIT BEL AIR,44300.0,butas,45.0,2.0,1,171200.0,3804.0,1472.0,47.237786,-1.525132,44109000BD0018
2022-11-17,1 RUE PHILEAS FOGG,44300.0,butas,70.0,4.0,2,220000.0,3143.0,1472.0,47.237954,-1.529581,44109000AY0256
2022-11-02,9 RUE MICHEL STROGOFF,44300.0,butas,68.0,4.0,2,175000.0,2574.0,1472.0,47.237954,-1.529581,44109000AY0256
2021-09-08,12 RUE MICHEL STROGOFF,44300.0,butas,68.0,4.0,2,220000.0,3235.0,1472.0,47.237954,-1.529581,44109000AY0256
2022-10-21,8 RUE MICHEL STROGOFF,44300.0,butas,59.0,3.0,2,185000.0,3136.0,1472.0,47.237954,-1.529581,44109000AY0256
2023-06-23,6 RUE MICHEL STROGOFF,44300.0,butas,59.0,3.0,2,165000.0,2797.0,1472.0,47.237954,-1.529581,44109000AY0256
2025-01-31,18 RUE CAP NEMO,44300.0,butas,78.0,4.0,2,170000.0,2179.0,1472.0,47.237954,-1.529581,44109000AY0256
2025-09-30,13 RUE CAP NEMO,44300.0,butas,68.0,4.0,2,181000.0,2662.0,1472.0,47.237954,-1.529581,44109000AY0256
2025-03-31,13 RUE CAP NEMO,44300.0,butas,68.0,4.0,2,182000.0,2676.0,1472.0,47.237954,-1.529581,44109000AY0256
2021-06-22,7 RUE MICHEL STROGOFF,44300.0,butas,59.0,3.0,2,197000.0,3339.0,1472.0,47.237954,-1.529581,44109000AY0256
2021-06-29,15 RUE CAP NEMO,44300.0,butas,81.0,5.0,2,235000.0,2901.0,1472.0,47.237954,-1.529581,44109000AY0256
2025-01-20,9 RUE PHILEAS FOGG,44300.0,butas,71.0,4.0,2,140000.0,1972.0,1472.0,47.237954,-1.529581,44109000AY0256
2025-12-22,33 RUE GAMBETTA,44000.0,butas,162.0,9.0,2,355000.0,2191.0,1472.0,47.220052,-1.546612,44109000ER0046
2025-12-10,14 RUE CAP NEMO,44300.0,butas,68.0,4.0,2,170000.0,2500.0,1472.0,47.237954,-1.529581,44109000AY0256
2025-12-10,10 RUE MICHEL STROGOFF,44300.0,butas,68.0,4.0,2,150000.0,2206.0,1472.0,47.237954,-1.529581,44109000AY0256
2025-03-28,5 RUE MICHEL STROGOFF,44300.0,butas,68.0,4.0,2,168000.0,2471.0,1472.0,47.237954,-1.529581,44109000AY0256
2022-08-22,14 RUE CAP NEMO,44300.0,butas,68.0,4.0,2,215000.0,3162.0,1472.0,47.237954,-1.529581,44109000AY0256
2022-08-29,3 RUE MICHEL STROGOFF,44300.0,butas,59.0,3.0,2,170000.0,2881.0,1472.0,47.237954,-1.529581,44109000AY0256
2022-08-23,9 RUE MICHEL STROGOFF,44300.0,butas,68.0,4.0,2,253900.0,3734.0,1472.0,47.237954,-1.529581,44109000AY0256
2021-03-12,13 RUE CAP NEMO,44300.0,butas,68.0,4.0,1,152000.0,2235.0,1472.0,47.237954,-1.529581,44109000AY0256
2024-09-20,18 RUE CAP NEMO,44300.0,butas,69.0,4.0,2,155000.0,2246.0,1472.0,47.237954,-1.529581,44109000AY0256
2022-06-09,1 RUE MICHEL STROGOFF,44300.0,butas,59.0,3.0,2,175000.0,2966.0,1472.0,47.237954,-1.529581,44109000AY0256
2023-06-06,1 RUE MICHEL STROGOFF,44300.0,butas,58.0,3.0,2,192000.0,3310.0,1472.0,47.237954,-1.529581,44109000AY0256
2022-06-15,7 RUE PHILEAS FOGG,44300.0,butas,84.0,5.0,2,260000.0,3095.0,1472.0,47.237954,-1.529581,44109000AY0256
2025-09-18,17 RUE CAP NEMO,44300.0,butas,69.0,4.0,1,195000.0,2826.0,1472.0,47.237954,-1.529581,44109000AY0256
2023-06-13,1 RUE MICHEL STROGOFF,44300.0,butas,59.0,3.0,2,180000.0,3051.0,1472.0,47.237954,-1.529581,44109000AY0256
2022-06-23,10 RUE MICHEL STROGOFF,44300.0,butas,68.0,4.0,2,208000.0,3059.0,1472.0,47.237954,-1.529581,44109000AY0256
2022-07-01,12 RUE MICHEL STROGOFF,44300.0,butas,68.0,4.0,2,220339.0,3240.0,1472.0,47.237954,-1.529581,44109000AY0256
2022-01-24,18 RUE CAP NEMO,44300.0,butas,69.0,4.0,2,215000.0,3116.0,1472.0,47.237954,-1.529581,44109000AY0256
2021-05-28,1 RUE PHILEAS FOGG,44300.0,butas,70.0,4.0,1,225000.0,3214.0,1472.0,47.237954,-1.529581,44109000AY0256
2022-01-11,11 RUE MICHEL STROGOFF,44300.0,butas,68.0,4.0,2,208000.0,3059.0,1472.0,47.237954,-1.529581,44109000AY0256
2022-09-08,17 RUE CAP NEMO,44300.0,butas,69.0,4.0,2,214000.0,3101.0,1472.0,47.237954,-1.529581,44109000AY0256
2022-08-25,13 RUE PHILEAS FOGG,44300.0,butas,59.0,3.0,2,150000.0,2542.0,1472.0,47.237954,-1.529581,44109000AY0256
2024-11-22,11 RUE MICHEL STROGOFF,44300.0,butas,68.0,4.0,2,204000.0,3000.0,1472.0,47.237954,-1.529581,44109000AY0256
2025-05-15,8 RUE MICHEL STROGOFF,44300.0,butas,84.0,5.0,2,170000.0,2024.0,1472.0,47.237954,-1.529581,44109000AY0256
2024-12-20,5 RUE MICHEL STROGOFF,44300.0,butas,68.0,4.0,2,190000.0,2794.0,1472.0,47.237954,-1.529581,44109000AY0256
2025-10-31,2 RUE DU PETIT BEL AIR,44300.0,butas,45.0,2.0,1,139500.0,3100.0,1472.0,47.237786,-1.525132,44109000BD0018
2025-10-22,1 RUE PHILEAS FOGG,44300.0,butas,83.0,5.0,2,225000.0,2711.0,1472.0,47.237954,-1.529581,44109000AY0256
2022-12-09,5 RUE PHILEAS FOGG,44300.0,butas,70.0,4.0,2,191000.0,2729.0,1472.0,47.237954,-1.529581,44109000AY0256
2025-10-21,18 RUE CAP NEMO,44300.0,butas,69.0,4.0,2,165000.0,2391.0,1472.0,47.237954,-1.529581,44109000AY0256
2025-08-28,35 QUAI DE MALAKOFF,44000.0,butas,30.0,2.0,1,109100.0,3637.0,1473.0,47.214093,-1.539965,44109000CR0146
2021-11-17,101 RUE DU CROISSANT,44300.0,namas,79.0,4.0,1,395000.0,5000.0,1473.0,47.237902,-1.526161,44109000AY0278
2025-05-26,35 QUAI DE MALAKOFF,44000.0,butas,30.0,2.0,0,114000.0,3800.0,1473.0,47.214093,-1.539965,44109000CR0146
2025-04-01,36 QUAI DE MALAKOFF,44000.0,butas,72.0,3.0,1,259000.0,3597.0,1473.0,47.214093,-1.539965,44109000CR0146
2024-08-27,35 QUAI DE MALAKOFF,44000.0,butas,32.0,2.0,1,135000.0,4219.0,1473.0,47.214093,-1.539965,44109000CR0146
2021-03-11,36 QUAI DE MALAKOFF,44000.0,butas,33.0,2.0,1,135000.0,4091.0,1473.0,47.214093,-1.539965,44109000CR0146
2024-10-21,35 QUAI DE MALAKOFF,44000.0,butas,30.0,2.0,1,95000.0,3167.0,1473.0,47.214093,-1.539965,44109000CR0146
2021-11-22,35 QUAI DE MALAKOFF,44000.0,butas,24.0,1.0,0,100000.0,4167.0,1473.0,47.214093,-1.539965,44109000CR0146
2024-05-31,35 QUAI DE MALAKOFF,44000.0,butas,32.0,2.0,0,120000.0,3750.0,1473.0,47.214093,-1.539965,44109000CR0146
2022-05-03,9 RUE COQUEBERT DE NEUVILLE,44000.0,namas,98.0,5.0,0,500000.0,5102.0,1473.0,47.231504,-1.545186,44109000BZ0061
2025-12-30,35 QUAI DE MALAKOFF,44000.0,butas,33.0,2.0,1,108700.0,3294.0,1473.0,47.214093,-1.539965,44109000CR0146
2025-08-26,8 RUE DU COUDRAY,44000.0,butas,113.0,4.0,2,313000.0,2770.0,1474.0,47.234098,-1.542241,44109000BY0096
2025-06-05,10 RUE DU COUDRAY,44000.0,butas,51.0,2.0,2,133000.0,2608.0,1474.0,47.234098,-1.542241,44109000BY0096
2023-06-22,4 RUE DE LORRAINE,44000.0,butas,84.0,3.0,2,257000.0,3060.0,1474.0,47.234098,-1.542241,44109000BY0096
2025-05-09,6 RUE DE LORRAINE,44000.0,butas,73.0,4.0,2,212000.0,2904.0,1474.0,47.234098,-1.542241,44109000BY0096
2021-05-11,8 RUE DU COUDRAY,44000.0,butas,94.0,5.0,1,300000.0,3191.0,1474.0,47.234098,-1.542241,44109000BY0096
2025-10-08,10 RUE DU COUDRAY,44000.0,butas,105.0,5.0,3,285750.0,2721.0,1474.0,47.234098,-1.542241,44109000BY0096
2022-03-01,10 RUE DU COUDRAY,44000.0,butas,100.0,3.0,2,330000.0,3300.0,1474.0,47.234098,-1.542241,44109000BY0096
2025-07-16,6 RUE DE LORRAINE,44000.0,butas,64.0,3.0,2,210000.0,3281.0,1474.0,47.234098,-1.542241,44109000BY0096
2024-03-19,6 RUE DE LORRAINE,44000.0,butas,62.0,3.0,2,255000.0,4113.0,1474.0,47.234098,-1.542241,44109000BY0096
2022-10-19,6 RUE DE LORRAINE,44000.0,butas,63.0,3.0,2,250000.0,3968.0,1474.0,47.234098,-1.542241,44109000BY0096
2025-05-15,35 RUE PREFET BONNEFOY,44000.0,butas,70.0,3.0,1,190000.0,2714.0,1474.0,47.222812,-1.54771,44109000EW0085
2023-04-27,10 RUE DU COUDRAY,44000.0,butas,52.0,2.0,2,222000.0,4269.0,1474.0,47.234098,-1.542241,44109000BY0096
2021-12-17,22 RUE MAL JOFFRE,44000.0,butas,47.0,2.0,1,202312.0,4305.0,1477.0,47.222384,-1.547642,44109000EW0090
2025-06-16,22 RUE MAL JOFFRE,44000.0,butas,123.0,5.0,1,350000.0,2846.0,1477.0,47.222384,-1.547642,44109000EW0090
2021-05-28,22 RUE MAL JOFFRE,44000.0,butas,123.0,6.0,1,590000.0,4797.0,1477.0,47.222384,-1.547642,44109000EW0090
2021-07-01,22 RUE MAL JOFFRE,44000.0,butas,20.0,1.0,0,100000.0,5000.0,1477.0,47.222384,-1.547642,44109000EW0090
2023-10-05,41 RUE PREFET BONNEFOY,44000.0,butas,90.0,3.0,0,680000.0,7556.0,1477.0,47.222384,-1.547642,44109000EW0090
2022-07-07,22 RUE MAL JOFFRE,44000.0,butas,102.0,4.0,2,435000.0,4265.0,1477.0,47.222384,-1.547642,44109000EW0090
2023-07-26,41 RUE PREFET BONNEFOY,44000.0,butas,116.0,5.0,2,411000.0,3543.0,1477.0,47.222384,-1.547642,44109000EW0090
2022-07-19,37 RUE DESAIX,44000.0,namas,132.0,6.0,1,769604.0,5830.0,1477.0,47.227504,-1.547531,44109000EV0109
2025-11-24,52 BD JULES VERNE,44300.0,butas,40.0,2.0,1,100000.0,2500.0,1478.0,47.237779,-1.532248,44109000AY0120
2023-06-30,6 RUE DE RICHEBOURG,44000.0,butas,100.0,5.0,2,345000.0,3450.0,1478.0,47.217868,-1.545129,44109000ER0270
2021-06-18,6 RUE DE RICHEBOURG,44000.0,butas,81.0,4.0,2,330000.0,4074.0,1478.0,47.217868,-1.545129,44109000ER0270
2022-07-11,8 RUE DE RICHEBOURG,44000.0,butas,90.0,5.0,2,349535.0,3884.0,1478.0,47.217868,-1.545129,44109000ER0270
2022-12-22,54 BD JULES VERNE,44300.0,butas,40.0,2.0,1,138100.0,3452.0,1478.0,47.237779,-1.532248,44109000AY0120
2022-03-03,54 BD JULES VERNE,44300.0,butas,65.0,4.0,1,246800.0,3797.0,1478.0,47.237779,-1.532248,44109000AY0120
2024-06-17,8 RUE DE RICHEBOURG,44000.0,butas,58.0,2.0,2,168430.0,2904.0,1478.0,47.217868,-1.545129,44109000ER0270
2024-07-05,32 RUE MAL JOFFRE,44000.0,butas,51.0,2.0,2,170000.0,3333.0,1478.0,47.221842,-1.547498,44109000EW0337
2022-04-07,54 BD JULES VERNE,44300.0,butas,67.0,4.0,1,220800.0,3296.0,1478.0,47.237779,-1.532248,44109000AY0120
2024-08-02,5 RUE DE LA BOTTIERE,44300.0,namas,65.0,4.0,1,308000.0,4738.0,1479.0,47.237767,-1.524438,44109000BD0021
2023-05-26,16 ALL JACQUES BERQUE,44000.0,butas,64.0,3.0,1,350000.0,5469.0,1479.0,47.212806,-1.536954,44109000CR0266
2021-01-05,16 ALL JACQUES BERQUE,44000.0,butas,65.0,3.0,1,320000.0,4923.0,1479.0,47.212806,-1.536954,44109000CR0266
2023-04-25,16 ALL JACQUES BERQUE,44000.0,butas,43.0,2.0,1,212000.0,4930.0,1479.0,47.212806,-1.536954,44109000CR0266
2023-01-13,16 ALL JACQUES BERQUE,44000.0,butas,85.0,4.0,1,340000.0,4000.0,1479.0,47.212806,-1.536954,44109000CR0266
2025-12-16,16 ALL JACQUES BERQUE,44000.0,butas,43.0,2.0,1,201500.0,4686.0,1479.0,47.212806,-1.536954,44109000CR0266
2021-11-19,16 ALL JACQUES BERQUE,44000.0,butas,85.0,4.0,1,355000.0,4176.0,1479.0,47.212806,-1.536954,44109000CR0266
2021-10-22,6 ALL JACQUES BERQUE,44000.0,namas,76.0,3.0,1,80000.0,1053.0,1479.0,47.212806,-1.536954,44109000CR0266
2022-11-22,16 ALL JACQUES BERQUE,44000.0,butas,51.0,2.0,1,263120.0,5159.0,1479.0,47.212806,-1.536954,44109000CR0266
2025-03-27,16 ALL JACQUES BERQUE,44000.0,butas,43.0,2.0,1,179120.0,4166.0,1479.0,47.212806,-1.536954,44109000CR0266
2022-09-26,16 ALL JACQUES BERQUE,44000.0,butas,86.0,4.0,1,419500.0,4878.0,1479.0,47.212806,-1.536954,44109000CR0266
2022-09-14,13 RUE DES ECACHOIRS,44000.0,namas,140.0,6.0,0,800000.0,5714.0,1480.0,47.227186,-1.547671,44109000EV0125
2021-04-29,7 AV DES SAULES,44300.0,namas,85.0,4.0,0,400000.0,4706.0,1480.0,47.233172,-1.513261,44109000BH0033
2022-10-28,28 RUE MAL JOFFRE,44000.0,butas,20.0,1.0,0,100000.0,5000.0,1480.0,47.221951,-1.547561,44109000EW0103
2023-04-07,28 RUE MAL JOFFRE,44000.0,butas,37.0,1.0,1,180000.0,4865.0,1480.0,47.221951,-1.547561,44109000EW0103
2023-02-27,28 RUE MAL JOFFRE,44000.0,butas,37.0,2.0,0,154000.0,4162.0,1480.0,47.221951,-1.547561,44109000EW0103
2023-06-28,28 RUE MAL JOFFRE,44000.0,butas,55.0,2.0,1,211500.0,3845.0,1480.0,47.221951,-1.547561,44109000EW0103
2023-06-29,28 RUE MAL JOFFRE,44000.0,butas,92.0,3.0,1,375000.0,4076.0,1480.0,47.221951,-1.547561,44109000EW0103
2021-10-15,28 RUE MAL JOFFRE,44000.0,butas,35.0,1.0,1,149000.0,4257.0,1480.0,47.221951,-1.547561,44109000EW0103
2025-08-01,28 RUE MAL JOFFRE,44000.0,butas,27.0,1.0,0,105000.0,3889.0,1480.0,47.221951,-1.547561,44109000EW0103
2025-08-08,28 RUE MAL JOFFRE,44000.0,butas,22.0,1.0,0,92500.0,4205.0,1480.0,47.221951,-1.547561,44109000EW0103
2022-06-13,21 RUE DE LA BERAUDIERE,44000.0,namas,70.0,4.0,1,650000.0,9286.0,1481.0,47.226522,-1.547843,44109000EV0145
2021-05-06,5 RUE DE LORRAINE,44000.0,namas,125.0,5.0,0,630000.0,5040.0,1482.0,47.233723,-1.542912,44109000BY0450
2021-04-21,89 BD DES BELGES,44300.0,butas,40.0,1.0,0,142000.0,3550.0,1483.0,47.234498,-1.541794,44109000BY0101
2024-05-03,23 RUE GAL MARGUERITTE,44000.0,namas,190.0,6.0,0,900000.0,4737.0,1484.0,47.226109,-1.547954,44109000EV0149
2025-06-06,54 RUE DE LA TULLAYE,44300.0,namas,45.0,2.0,1,265000.0,5889.0,1484.0,47.236502,-1.537693,44109000AZ0147
2024-10-30,7 RUE DES TULIPES,44300.0,namas,121.0,5.0,0,371500.0,3070.0,1485.0,47.235785,-1.517363,44109000BE0116
2022-09-02,31 RUE GAL DE SONIS,44000.0,namas,75.0,3.0,0,375000.0,5000.0,1487.0,47.228104,-1.547462,44109000BZ0288
2024-11-23,106 RUE GAMBETTA,44000.0,butas,37.0,2.0,0,160000.0,4324.0,1488.0,47.22097,-1.5473,44109000ER0287
2025-09-24,11 ALL CDT CHARCOT,44000.0,butas,53.0,2.0,0,130000.0,2453.0,1490.0,47.217557,-1.545041,44109000ER0102
2025-09-30,11 ALL CDT CHARCOT,44000.0,butas,52.0,2.0,1,176000.0,3385.0,1490.0,47.217557,-1.545041,44109000ER0102
2021-10-07,78 RUE DU PLESSIS TISON,44300.0,namas,86.0,4.0,0,470000.0,5465.0,1490.0,47.235623,-1.539928,44109000AZ0258
2023-09-15,30 RUE DU PORT GUICHARD,44000.0,namas,155.0,4.0,0,770000.0,4968.0,1490.0,47.232601,-1.544387,44109000BY0442
2021-07-08,10 RTE DE ST JOSEPH,44300.0,butas,33.0,2.0,1,115000.0,3485.0,1491.0,47.235085,-1.540984,44109000AZ0859
2025-07-08,10 RTE DE ST JOSEPH,44300.0,butas,45.0,2.0,1,105000.0,2333.0,1491.0,47.235085,-1.540984,44109000AZ0859
2021-05-18,53 BD JULES VERNE,44300.0,butas,47.0,2.0,1,160000.0,3404.0,1491.0,47.237755,-1.533159,44109000AZ0376
2025-12-19,1 RUE DU MOULIN DES CARMES,44300.0,butas,29.0,1.0,2,64150.0,2212.0,1491.0,47.237755,-1.533159,44109000AZ0376
2024-02-19,1 RUE DU MOULIN DES CARMES,44300.0,butas,79.0,3.0,2,190000.0,2405.0,1491.0,47.237755,-1.533159,44109000AZ0376
2021-07-06,53 BD JULES VERNE,44300.0,butas,92.0,4.0,3,255000.0,2772.0,1491.0,47.237755,-1.533159,44109000AZ0376
2022-11-18,28 RUE MAL JOFFRE,44000.0,butas,22.0,1.0,0,85000.0,3864.0,1491.0,47.222123,-1.547758,44109000EW0383
2021-08-16,8 RUE MONFOULON,44000.0,namas,182.0,8.0,1,1075000.0,5907.0,1491.0,47.224029,-1.54811,44109000EV0306
2025-12-11,28 RUE MAL JOFFRE,44000.0,butas,19.0,1.0,0,78000.0,4105.0,1491.0,47.222123,-1.547758,44109000EW0383
2025-10-07,53 BD JULES VERNE,44300.0,butas,92.0,4.0,2,235000.0,2554.0,1491.0,47.237755,-1.533159,44109000AZ0376
2024-06-13,28 RUE MAL JOFFRE,44000.0,butas,19.0,1.0,0,70000.0,3684.0,1491.0,47.222123,-1.547758,44109000EW0383
2024-06-11,28 RUE MAL JOFFRE,44000.0,butas,24.0,1.0,0,72500.0,3021.0,1491.0,47.222123,-1.547758,44109000EW0383
2025-08-05,10 RTE DE ST JOSEPH,44300.0,butas,45.0,2.0,1,120000.0,2667.0,1491.0,47.235085,-1.540984,44109000AZ0859
2021-12-08,8 RUE ELIE DELAUNAY,44000.0,butas,45.0,2.0,2,200000.0,4444.0,1492.0,47.21998,-1.546867,44109000ER0048
2021-08-03,2 RUE MALHERBE,44000.0,butas,31.0,2.0,1,188000.0,6065.0,1494.0,47.218385,-1.54581,44109000ER0077
2021-09-01,95 BD DES BELGES,44300.0,namas,128.0,5.0,0,430000.0,3359.0,1494.0,47.234403,-1.542168,44109000BY0099
2021-09-30,2 RUE MALHERBE,44000.0,butas,43.0,2.0,1,219300.0,5100.0,1494.0,47.218385,-1.54581,44109000ER0077
2022-02-01,28 AV CHANZY,44000.0,namas,189.0,7.0,0,1038000.0,5492.0,1495.0,47.225875,-1.548131,44109000EV0163
2022-05-06,10 RUE HENRI LASNE,44000.0,namas,135.0,5.0,1,725000.0,5370.0,1495.0,47.225669,-1.54815,44109000EV0450
2022-08-25,30 RUE PREFET BONNEFOY,44000.0,namas,179.0,6.0,1,1216990.0,6799.0,1496.0,47.22318,-1.548069,44109000EV0315
2025-02-25,11 RUE LORETTE DE LA REFOULAIS,44000.0,butas,35.0,2.0,1,110000.0,3143.0,1496.0,47.221376,-1.547578,44109000ER0034
2021-08-02,11 RUE LORETTE DE LA REFOULAIS,44000.0,butas,35.0,2.0,1,200000.0,5714.0,1496.0,47.221376,-1.547578,44109000ER0034
2024-11-08,23 AV CHANZY,44000.0,butas,62.0,4.0,1,220000.0,3548.0,1497.0,47.224997,-1.54822,44109000EV0289
2023-11-28,23 AV CHANZY,44000.0,butas,63.0,4.0,2,283000.0,4492.0,1497.0,47.224997,-1.54822,44109000EV0289
2023-12-12,23 AV CHANZY,44000.0,butas,65.0,4.0,2,197500.0,3038.0,1497.0,47.224997,-1.54822,44109000EV0289
2024-05-15,23 AV CHANZY,44000.0,butas,55.0,3.0,2,184000.0,3345.0,1497.0,47.224997,-1.54822,44109000EV0289
2021-03-15,23 AV CHANZY,44000.0,butas,55.0,3.0,0,255000.0,4636.0,1497.0,47.224997,-1.54822,44109000EV0289
2025-02-28,23 AV CHANZY,44000.0,butas,52.0,3.0,1,236000.0,4538.0,1497.0,47.224997,-1.54822,44109000EV0289
2021-11-23,23 AV CHANZY,44000.0,butas,72.0,5.0,1,339000.0,4708.0,1497.0,47.224997,-1.54822,44109000EV0289
2021-12-13,23 AV CHANZY,44000.0,butas,55.0,3.0,1,210000.0,3818.0,1497.0,47.224997,-1.54822,44109000EV0289
2023-11-15,23 AV CHANZY,44000.0,butas,65.0,4.0,1,258000.0,3969.0,1497.0,47.224997,-1.54822,44109000EV0289
2025-09-15,23 AV CHANZY,44000.0,butas,52.0,3.0,1,185000.0,3558.0,1497.0,47.224997,-1.54822,44109000EV0289
2024-09-05,1 RTE DE ST JOSEPH,44300.0,butas,33.0,2.0,0,130800.0,3964.0,1497.0,47.234879,-1.541467,44109000NY0374
2022-07-07,23 AV CHANZY,44000.0,butas,72.0,5.0,2,230000.0,3194.0,1497.0,47.224997,-1.54822,44109000EV0289
2025-10-21,23 AV CHANZY,44000.0,butas,65.0,4.0,1,216000.0,3323.0,1497.0,47.224997,-1.54822,44109000EV0289
2021-06-18,23 AV CHANZY,44000.0,butas,52.0,3.0,1,155000.0,2981.0,1497.0,47.224997,-1.54822,44109000EV0289
2025-05-05,23 AV CHANZY,44000.0,butas,62.0,4.0,1,183100.0,2953.0,1497.0,47.224997,-1.54822,44109000EV0289
2025-11-03,21 AV CHANZY,44000.0,butas,58.0,2.0,0,190000.0,3276.0,1497.0,47.224997,-1.54822,44109000EV0289
2025-09-12,23 AV CHANZY,44000.0,butas,64.0,4.0,1,230000.0,3594.0,1497.0,47.224997,-1.54822,44109000EV0289
2021-01-06,18 RUE DE LA BERAUDIERE,44000.0,namas,89.0,5.0,0,560000.0,6292.0,1497.0,47.227025,-1.547943,44109000EV0128
2021-01-25,115 RUE DU CROISSANT,44300.0,namas,103.0,6.0,0,630000.0,6117.0,1497.0,47.23816,-1.526842,44109000AY0204
2025-12-15,4 RUE RABELAIS,44000.0,butas,15.0,1.0,0,83010.0,5534.0,1499.0,47.217999,-1.545576,44109000ER0231
2025-09-22,4 RUE RABELAIS,44000.0,butas,15.0,1.0,1,113000.0,7533.0,1499.0,47.217999,-1.545576,44109000ER0231
